k_tuniit_nunaat;Tuniit Nunaat;Tuniit Nunaat;Tuniit Nunaat;Tuniit Nunaat;Tuniit Nunaat;Tuniit Nunaat;Tuniit Nunaat;Tuniit Nunaat;Tuniit Nunaat;Tuniit Nunaat;Tuniit Nunaat;Tuniit Nunaat;Tuniit Nunaat;x;
k_tuniit_nunaat_adj;Tuniit Nunaat;Tuniit Nunaat;Tuniit Nunaat;Tuniit Nunaat;Tuniit Nunaat;Tuniit Nunaat;Tuniit Nunaat;Tuniit Nunaat;Tuniit Nunaat;Tuniit Nunaat;Tuniit Nunaat;Tuniit Nunaat;Tuniit Nunaat;x;
c_sermersooq;Sermersooq;Sermersooq;Sermersooq;Sermersooq;Sermersooq;Sermersooq;Sermersooq;Sermersooq;Sermersooq;Sermersooq;Sermersooq;Sermersooq;Sermersooq;x;
c_sermersooq_adj;Sermersooq;Sermersooq;Sermersooq;Sermersooq;Sermersooq;Sermersooq;Sermersooq;Sermersooq;Sermersooq;Sermersooq;Sermersooq;Sermersooq;Sermersooq;x;
b_sermersooq;Sermersooq;Sermersooq;Sermersooq;Sermersooq;Sermersooq;Sermersooq;Sermersooq;Sermersooq;Sermersooq;Sermersooq;Sermersooq;Sermersooq;Sermersooq;x;
c_kujalleg;Qaqortoq;Qaqortoq;Qaqortoq;Qaqortoq;Qaqortoq;Qaqortoq;Qaqortoq;Qaqortoq;Qaqortoq;Qaqortoq;Qaqortoq;Qaqortoq;Qaqortoq;x;
c_kujalleg_adj;Qaqortoq;Qaqortoq;Qaqortoq;Qaqortoq;Qaqortoq;Qaqortoq;Qaqortoq;Qaqortoq;Qaqortoq;Qaqortoq;Qaqortoq;Qaqortoq;Qaqortoq;x;
b_kujalleg;Kujalleg;Kujalleg;Kujalleg;Kujalleg;Kujalleg;Kujalleg;Kujalleg;Kujalleg;Kujalleg;Kujalleg;Kujalleg;Kujalleg;Kujalleg;x;
k_myinsaing_pinya;Myinsaing-Pinya;Myinsaing-Pinya;Myinsaing-Pinya;Myinsaing-Pinya;Myinsaing-Pinya;Myinsaing-Pinya;Myinsaing-Pinya;Myinsaing-Pinya;Myinsaing-Pinya;Myinsaing-Pinya;Myinsaing-Pinya;Myinsaing-Pinya;Myinsaing-Pinya;x;
k_myinsaing_pinya_adj;Myinsaing-Pinya;Myinsaing-Pinya;Myinsaing-Pinya;Myinsaing-Pinya;Myinsaing-Pinya;Myinsaing-Pinya;Myinsaing-Pinya;Myinsaing-Pinya;Myinsaing-Pinya;Myinsaing-Pinya;Myinsaing-Pinya;Myinsaing-Pinya;Myinsaing-Pinya;x;
k_sagaing;Sagaing;Sagaing;Sagaing;Sagaing;Sagaing;Sagaing;Sagaing;Sagaing;Sagaing;Sagaing;Sagaing;Sagaing;Sagaing;x;
k_sagaing_adj;Sagaing;Sagaing;Sagaing;Sagaing;Sagaing;Sagaing;Sagaing;Sagaing;Sagaing;Sagaing;Sagaing;Sagaing;Sagaing;x;
k_thaton;Thaton;Thaton;Thaton;Thaton;Thaton;Thaton;Thaton;Thaton;Thaton;Thaton;Thaton;Thaton;Thaton;x;
k_thaton_adj;Thaton;Thaton;Thaton;Thaton;Thaton;Thaton;Thaton;Thaton;Thaton;Thaton;Thaton;Thaton;Thaton;x;
d_kitaa;Kitaa;Kitaa;Kitaa;Kitaa;Kitaa;Kitaa;Kitaa;Kitaa;Kitaa;Kitaa;Kitaa;Kitaa;Kitaa;x;
d_kitaa_adj;Kitaa;Kitaa;Kitaa;Kitaa;Kitaa;Kitaa;Kitaa;Kitaa;Kitaa;Kitaa;Kitaa;Kitaa;Kitaa;x;
b_ameralik;Ameralik;Ameralik;Ameralik;Ameralik;Ameralik;Ameralik;Ameralik;Ameralik;Ameralik;Ameralik;Ameralik;Ameralik;Ameralik;x;
b_nuuk;Nuuk;Nuuk;Nuuk;Nuuk;Nuuk;Nuuk;Nuuk;Nuuk;Nuuk;Nuuk;Nuuk;Nuuk;Nuuk;x;
b_ujarassuit;Ujarassuit;Ujarassuit;Ujarassuit;Ujarassuit;Ujarassuit;Ujarassuit;Ujarassuit;Ujarassuit;Ujarassuit;Ujarassuit;Ujarassuit;Ujarassuit;Ujarassuit;x;
b_kangeq;Kangeq;Kangeq;Kangeq;Kangeq;Kangeq;Kangeq;Kangeq;Kangeq;Kangeq;Kangeq;Kangeq;Kangeq;Kangeq;x;
b_atammik;Atammik;Atammik;Atammik;Atammik;Atammik;Atammik;Atammik;Atammik;Atammik;Atammik;Atammik;Atammik;Atammik;x;
b_kapisillit;Kapisillit;Kapisillit;Kapisillit;Kapisillit;Kapisillit;Kapisillit;Kapisillit;Kapisillit;Kapisillit;Kapisillit;Kapisillit;Kapisillit;Kapisillit;x;
c_qeqqata;Qeqqata;Qeqqata;Qeqqata;Qeqqata;Qeqqata;Qeqqata;Qeqqata;Qeqqata;Qeqqata;Qeqqata;Qeqqata;Qeqqata;Qeqqata;x;
c_qeqqata_adj;Qeqqata;Qeqqata;Qeqqata;Qeqqata;Qeqqata;Qeqqata;Qeqqata;Qeqqata;Qeqqata;Qeqqata;Qeqqata;Qeqqata;Qeqqata;x;
b_sisimiut;Sisimiut;Sisimiut;Sisimiut;Sisimiut;Sisimiut;Sisimiut;Sisimiut;Sisimiut;Sisimiut;Sisimiut;Sisimiut;Sisimiut;Sisimiut;x;
b_kangaamiut;Kangaamiut;Kangaamiut;Kangaamiut;Kangaamiut;Kangaamiut;Kangaamiut;Kangaamiut;Kangaamiut;Kangaamiut;Kangaamiut;Kangaamiut;Kangaamiut;Kangaamiut;x;
b_maniitsoq;Maniitsoq;Maniitsoq;Maniitsoq;Maniitsoq;Maniitsoq;Maniitsoq;Maniitsoq;Maniitsoq;Maniitsoq;Maniitsoq;Maniitsoq;Maniitsoq;Maniitsoq;x;
b_kangerlussuaq;Kangerlussuaq;Kangerlussuaq;Kangerlussuaq;Kangerlussuaq;Kangerlussuaq;Kangerlussuaq;Kangerlussuaq;Kangerlussuaq;Kangerlussuaq;Kangerlussuaq;Kangerlussuaq;Kangerlussuaq;Kangerlussuaq;x;
b_napasoq;Napasoq;Napasoq;Napasoq;Napasoq;Napasoq;Napasoq;Napasoq;Napasoq;Napasoq;Napasoq;Napasoq;Napasoq;Napasoq;x;
b_itilleq;Itilleq;Itilleq;Itilleq;Itilleq;Itilleq;Itilleq;Itilleq;Itilleq;Itilleq;Itilleq;Itilleq;Itilleq;Itilleq;x;
b_sarfannguit;Sarfannguit;Sarfannguit;Sarfannguit;Sarfannguit;Sarfannguit;Sarfannguit;Sarfannguit;Sarfannguit;Sarfannguit;Sarfannguit;Sarfannguit;Sarfannguit;Sarfannguit;x;
c_qeqertalik;Qeqertalik;Qeqertalik;Qeqertalik;Qeqertalik;Qeqertalik;Qeqertalik;Qeqertalik;Qeqertalik;Qeqertalik;Qeqertalik;Qeqertalik;Qeqertalik;Qeqertalik;x;
c_qeqertalik_adj;Qeqertalik;Qeqertalik;Qeqertalik;Qeqertalik;Qeqertalik;Qeqertalik;Qeqertalik;Qeqertalik;Qeqertalik;Qeqertalik;Qeqertalik;Qeqertalik;Qeqertalik;x;
b_aasiaat;Aasiaat;Aasiaat;Aasiaat;Aasiaat;Aasiaat;Aasiaat;Aasiaat;Aasiaat;Aasiaat;Aasiaat;Aasiaat;Aasiaat;Aasiaat;x;
b_qeqertarsuaq;Qeqertarsuaq;Qeqertarsuaq;Qeqertarsuaq;Qeqertarsuaq;Qeqertarsuaq;Qeqertarsuaq;Qeqertarsuaq;Qeqertarsuaq;Qeqertarsuaq;Qeqertarsuaq;Qeqertarsuaq;Qeqertarsuaq;Qeqertarsuaq;x;
b_saqqaq;Saqqaq;Saqqaq;Saqqaq;Saqqaq;Saqqaq;Saqqaq;Saqqaq;Saqqaq;Saqqaq;Saqqaq;Saqqaq;Saqqaq;Saqqaq;x;
b_kitsissuarsuit;Kitsissuarsuit;Kitsissuarsuit;Kitsissuarsuit;Kitsissuarsuit;Kitsissuarsuit;Kitsissuarsuit;Kitsissuarsuit;Kitsissuarsuit;Kitsissuarsuit;Kitsissuarsuit;Kitsissuarsuit;Kitsissuarsuit;Kitsissuarsuit;x;
b_ilulissat;Ilulissat;Ilulissat;Ilulissat;Ilulissat;Ilulissat;Ilulissat;Ilulissat;Ilulissat;Ilulissat;Ilulissat;Ilulissat;Ilulissat;Ilulissat;x;
b_qasigiannguit;Qasigiannguit;Qasigiannguit;Qasigiannguit;Qasigiannguit;Qasigiannguit;Qasigiannguit;Qasigiannguit;Qasigiannguit;Qasigiannguit;Qasigiannguit;Qasigiannguit;Qasigiannguit;Qasigiannguit;x;
b_kangaatsiaq;Kangaatsiaq;Kangaatsiaq;Kangaatsiaq;Kangaatsiaq;Kangaatsiaq;Kangaatsiaq;Kangaatsiaq;Kangaatsiaq;Kangaatsiaq;Kangaatsiaq;Kangaatsiaq;Kangaatsiaq;Kangaatsiaq;x;
d_kujalleq;Kujalleq;Kujalleq;Kujalleq;Kujalleq;Kujalleq;Kujalleq;Kujalleq;Kujalleq;Kujalleq;Kujalleq;Kujalleq;Kujalleq;Kujalleq;x;
d_kujalleq_adj;Kujalleq;Kujalleq;Kujalleq;Kujalleq;Kujalleq;Kujalleq;Kujalleq;Kujalleq;Kujalleq;Kujalleq;Kujalleq;Kujalleq;Kujalleq;x;
b_qassiarsuk;Qassiarsuk;Qassiarsuk;Qassiarsuk;Qassiarsuk;Qassiarsuk;Qassiarsuk;Qassiarsuk;Qassiarsuk;Qassiarsuk;Qassiarsuk;Qassiarsuk;Qassiarsuk;Qassiarsuk;x;
b_qaqortoq;Qaqortoq;Qaqortoq;Qaqortoq;Qaqortoq;Qaqortoq;Qaqortoq;Qaqortoq;Qaqortoq;Qaqortoq;Qaqortoq;Qaqortoq;Qaqortoq;Qaqortoq;x;
b_igaliku;Igaliku;Igaliku;Igaliku;Igaliku;Igaliku;Igaliku;Igaliku;Igaliku;Igaliku;Igaliku;Igaliku;Igaliku;Igaliku;x;
b_narsaq;Narsaq;Narsaq;Narsaq;Narsaq;Narsaq;Narsaq;Narsaq;Narsaq;Narsaq;Narsaq;Narsaq;Narsaq;Narsaq;x;
b_narsaq_kujalleq;Narsaq Kujalleq;Narsaq Kujalleq;Narsaq Kujalleq;Narsaq Kujalleq;Narsaq Kujalleq;Narsaq Kujalleq;Narsaq Kujalleq;Narsaq Kujalleq;Narsaq Kujalleq;Narsaq Kujalleq;Narsaq Kujalleq;Narsaq Kujalleq;Narsaq Kujalleq;x;
b_nunap_isua;Nunap Isua;Nunap Isua;Nunap Isua;Nunap Isua;Nunap Isua;Nunap Isua;Nunap Isua;Nunap Isua;Nunap Isua;Nunap Isua;Nunap Isua;Nunap Isua;Nunap Isua;x;
b_alluitsup_paa;Alluitsup Paa;Alluitsup Paa;Alluitsup Paa;Alluitsup Paa;Alluitsup Paa;Alluitsup Paa;Alluitsup Paa;Alluitsup Paa;Alluitsup Paa;Alluitsup Paa;Alluitsup Paa;Alluitsup Paa;Alluitsup Paa;x;
c_ivittuut;Ivittuut;Ivittuut;Ivittuut;Ivittuut;Ivittuut;Ivittuut;Ivittuut;Ivittuut;Ivittuut;Ivittuut;Ivittuut;Ivittuut;Ivittuut;x;
c_ivittuut_adj;Ivittuut;Ivittuut;Ivittuut;Ivittuut;Ivittuut;Ivittuut;Ivittuut;Ivittuut;Ivittuut;Ivittuut;Ivittuut;Ivittuut;Ivittuut;x;
b_ivittuut;Ivittuut;Ivittuut;Ivittuut;Ivittuut;Ivittuut;Ivittuut;Ivittuut;Ivittuut;Ivittuut;Ivittuut;Ivittuut;Ivittuut;Ivittuut;x;
b_kangilinnguit;Kangilinnguit;Kangilinnguit;Kangilinnguit;Kangilinnguit;Kangilinnguit;Kangilinnguit;Kangilinnguit;Kangilinnguit;Kangilinnguit;Kangilinnguit;Kangilinnguit;Kangilinnguit;Kangilinnguit;x;
b_paamiut;Paamiut;Paamiut;Paamiut;Paamiut;Paamiut;Paamiut;Paamiut;Paamiut;Paamiut;Paamiut;Paamiut;Paamiut;Paamiut;x;
b_arsuk;Arsuk;Arsuk;Arsuk;Arsuk;Arsuk;Arsuk;Arsuk;Arsuk;Arsuk;Arsuk;Arsuk;Arsuk;Arsuk;x;
b_ikermiut;Ikermiut;Ikermiut;Ikermiut;Ikermiut;Ikermiut;Ikermiut;Ikermiut;Ikermiut;Ikermiut;Ikermiut;Ikermiut;Ikermiut;Ikermiut;x;
b_qeqertarsuatsiaat;Qeqertarsuatsiaat;Qeqertarsuatsiaat;Qeqertarsuatsiaat;Qeqertarsuatsiaat;Qeqertarsuatsiaat;Qeqertarsuatsiaat;Qeqertarsuatsiaat;Qeqertarsuatsiaat;Qeqertarsuatsiaat;Qeqertarsuatsiaat;Qeqertarsuatsiaat;Qeqertarsuatsiaat;Qeqertarsuatsiaat;x;
b_nunarssit;Nunarssit;Nunarssit;Nunarssit;Nunarssit;Nunarssit;Nunarssit;Nunarssit;Nunarssit;Nunarssit;Nunarssit;Nunarssit;Nunarssit;Nunarssit;x;
c_qulleq;Qulleq;Qulleq;Qulleq;Qulleq;Qulleq;Qulleq;Qulleq;Qulleq;Qulleq;Qulleq;Qulleq;Qulleq;Qulleq;x;
c_qulleq_adj;Qulleq;Qulleq;Qulleq;Qulleq;Qulleq;Qulleq;Qulleq;Qulleq;Qulleq;Qulleq;Qulleq;Qulleq;Qulleq;x;
b_qulleq;Qulleq;Qulleq;Qulleq;Qulleq;Qulleq;Qulleq;Qulleq;Qulleq;Qulleq;Qulleq;Qulleq;Qulleq;Qulleq;x;
b_qipinnguak;Qipinnguak;Qipinnguak;Qipinnguak;Qipinnguak;Qipinnguak;Qipinnguak;Qipinnguak;Qipinnguak;Qipinnguak;Qipinnguak;Qipinnguak;Qipinnguak;Qipinnguak;x;
b_takisoq;Takisoq;Takisoq;Takisoq;Takisoq;Takisoq;Takisoq;Takisoq;Takisoq;Takisoq;Takisoq;Takisoq;Takisoq;Takisoq;x;
b_qeqertarsuaq;Qeqertarsuaq;Qeqertarsuaq;Qeqertarsuaq;Qeqertarsuaq;Qeqertarsuaq;Qeqertarsuaq;Qeqertarsuaq;Qeqertarsuaq;Qeqertarsuaq;Qeqertarsuaq;Qeqertarsuaq;Qeqertarsuaq;Qeqertarsuaq;x;
b_iluileq;Iluileq;Iluileq;Iluileq;Iluileq;Iluileq;Iluileq;Iluileq;Iluileq;Iluileq;Iluileq;Iluileq;Iluileq;Iluileq;x;
b_kissarsiitilik;Kissarsiitilik;Kissarsiitilik;Kissarsiitilik;Kissarsiitilik;Kissarsiitilik;Kissarsiitilik;Kissarsiitilik;Kissarsiitilik;Kissarsiitilik;Kissarsiitilik;Kissarsiitilik;Kissarsiitilik;Kissarsiitilik;x;
b_paatusoq;Paatusoq;Paatusoq;Paatusoq;Paatusoq;Paatusoq;Paatusoq;Paatusoq;Paatusoq;Paatusoq;Paatusoq;Paatusoq;Paatusoq;Paatusoq;x;
d_tunu;Tunu;Tunu;Tunu;Tunu;Tunu;Tunu;Tunu;Tunu;Tunu;Tunu;Tunu;Tunu;Tunu;x;
d_tunu_adj;Tunu;Tunu;Tunu;Tunu;Tunu;Tunu;Tunu;Tunu;Tunu;Tunu;Tunu;Tunu;Tunu;x;
c_ammassalik;Ammassalik;Ammassalik;Ammassalik;Ammassalik;Ammassalik;Ammassalik;Ammassalik;Ammassalik;Ammassalik;Ammassalik;Ammassalik;Ammassalik;Ammassalik;x;
c_ammassalik_adj;Ammassalik;Ammassalik;Ammassalik;Ammassalik;Ammassalik;Ammassalik;Ammassalik;Ammassalik;Ammassalik;Ammassalik;Ammassalik;Ammassalik;Ammassalik;x;
b_ammassalik;Ammassalik;Ammassalik;Ammassalik;Ammassalik;Ammassalik;Ammassalik;Ammassalik;Ammassalik;Ammassalik;Ammassalik;Ammassalik;Ammassalik;Ammassalik;x;
b_tasiilaq;Tasiilaq;Tasiilaq;Tasiilaq;Tasiilaq;Tasiilaq;Tasiilaq;Tasiilaq;Tasiilaq;Tasiilaq;Tasiilaq;Tasiilaq;Tasiilaq;Tasiilaq;x;
b_kuummiit;Kuummiit;Kuummiit;Kuummiit;Kuummiit;Kuummiit;Kuummiit;Kuummiit;Kuummiit;Kuummiit;Kuummiit;Kuummiit;Kuummiit;Kuummiit;x;
b_kulusuk;Kulusuk;Kulusuk;Kulusuk;Kulusuk;Kulusuk;Kulusuk;Kulusuk;Kulusuk;Kulusuk;Kulusuk;Kulusuk;Kulusuk;Kulusuk;x;
b_tiilerilaaq;Tiilerilaaq;Tiilerilaaq;Tiilerilaaq;Tiilerilaaq;Tiilerilaaq;Tiilerilaaq;Tiilerilaaq;Tiilerilaaq;Tiilerilaaq;Tiilerilaaq;Tiilerilaaq;Tiilerilaaq;Tiilerilaaq;x;
b_sermiligaaq;Sermiligaaq;Sermiligaaq;Sermiligaaq;Sermiligaaq;Sermiligaaq;Sermiligaaq;Sermiligaaq;Sermiligaaq;Sermiligaaq;Sermiligaaq;Sermiligaaq;Sermiligaaq;Sermiligaaq;x;
b_isertoq;Isertoq;Isertoq;Isertoq;Isertoq;Isertoq;Isertoq;Isertoq;Isertoq;Isertoq;Isertoq;Isertoq;Isertoq;Isertoq;x;
c_kangertittivaq;Kangertittivaq;Kangertittivaq;Kangertittivaq;Kangertittivaq;Kangertittivaq;Kangertittivaq;Kangertittivaq;Kangertittivaq;Kangertittivaq;Kangertittivaq;Kangertittivaq;Kangertittivaq;Kangertittivaq;x;
c_kangertittivaq_adj;Kangertittivaq;Kangertittivaq;Kangertittivaq;Kangertittivaq;Kangertittivaq;Kangertittivaq;Kangertittivaq;Kangertittivaq;Kangertittivaq;Kangertittivaq;Kangertittivaq;Kangertittivaq;Kangertittivaq;x;
b_ittoqqortoormiit;Ittoqqortoormiit;Ittoqqortoormiit;Ittoqqortoormiit;Ittoqqortoormiit;Ittoqqortoormiit;Ittoqqortoormiit;Ittoqqortoormiit;Ittoqqortoormiit;Ittoqqortoormiit;Ittoqqortoormiit;Ittoqqortoormiit;Ittoqqortoormiit;Ittoqqortoormiit;x;
b_itterajivit;Itterajivit;Itterajivit;Itterajivit;Itterajivit;Itterajivit;Itterajivit;Itterajivit;Itterajivit;Itterajivit;Itterajivit;Itterajivit;Itterajivit;Itterajivit;x;
b_kangikajik;Kangikajik;Kangikajik;Kangikajik;Kangikajik;Kangikajik;Kangikajik;Kangikajik;Kangikajik;Kangikajik;Kangikajik;Kangikajik;Kangikajik;Kangikajik;x;
b_uunarteq;Uunarteq;Uunarteq;Uunarteq;Uunarteq;Uunarteq;Uunarteq;Uunarteq;Uunarteq;Uunarteq;Uunarteq;Uunarteq;Uunarteq;Uunarteq;x;
b_kangerlussuaq;Kangerlussuaq;Kangerlussuaq;Kangerlussuaq;Kangerlussuaq;Kangerlussuaq;Kangerlussuaq;Kangerlussuaq;Kangerlussuaq;Kangerlussuaq;Kangerlussuaq;Kangerlussuaq;Kangerlussuaq;Kangerlussuaq;x;
b_tuttut_nunaat;Tuttut Nunaat;Tuttut Nunaat;Tuttut Nunaat;Tuttut Nunaat;Tuttut Nunaat;Tuttut Nunaat;Tuttut Nunaat;Tuttut Nunaat;Tuttut Nunaat;Tuttut Nunaat;Tuttut Nunaat;Tuttut Nunaat;Tuttut Nunaat;x;
b_nerlerit_inaat;Nerlerit Inaat;Nerlerit Inaat;Nerlerit Inaat;Nerlerit Inaat;Nerlerit Inaat;Nerlerit Inaat;Nerlerit Inaat;Nerlerit Inaat;Nerlerit Inaat;Nerlerit Inaat;Nerlerit Inaat;Nerlerit Inaat;Nerlerit Inaat;x;
c_saqqisikuik;Saqqisikuik;Saqqisikuik;Saqqisikuik;Saqqisikuik;Saqqisikuik;Saqqisikuik;Saqqisikuik;Saqqisikuik;Saqqisikuik;Saqqisikuik;Saqqisikuik;Saqqisikuik;Saqqisikuik;x;
c_saqqisikuik_adj;Saqqisikuik;Saqqisikuik;Saqqisikuik;Saqqisikuik;Saqqisikuik;Saqqisikuik;Saqqisikuik;Saqqisikuik;Saqqisikuik;Saqqisikuik;Saqqisikuik;Saqqisikuik;Saqqisikuik;x;
b_saqqisikuik;Saqqisikuik;Saqqisikuik;Saqqisikuik;Saqqisikuik;Saqqisikuik;Saqqisikuik;Saqqisikuik;Saqqisikuik;Saqqisikuik;Saqqisikuik;Saqqisikuik;Saqqisikuik;Saqqisikuik;x;
b_timmiarmiit;Timmiarmiit;Timmiarmiit;Timmiarmiit;Timmiarmiit;Timmiarmiit;Timmiarmiit;Timmiarmiit;Timmiarmiit;Timmiarmiit;Timmiarmiit;Timmiarmiit;Timmiarmiit;Timmiarmiit;x;
b_uvtorsiutit;Uvtorsiutit;Uvtorsiutit;Uvtorsiutit;Uvtorsiutit;Uvtorsiutit;Uvtorsiutit;Uvtorsiutit;Uvtorsiutit;Uvtorsiutit;Uvtorsiutit;Uvtorsiutit;Uvtorsiutit;Uvtorsiutit;x;
b_maligissat;Maligissat;Maligissat;Maligissat;Maligissat;Maligissat;Maligissat;Maligissat;Maligissat;Maligissat;Maligissat;Maligissat;Maligissat;Maligissat;x;
b_sattiaatteq;Sattiaatteq;Sattiaatteq;Sattiaatteq;Sattiaatteq;Sattiaatteq;Sattiaatteq;Sattiaatteq;Sattiaatteq;Sattiaatteq;Sattiaatteq;Sattiaatteq;Sattiaatteq;Sattiaatteq;x;
b_igdluluarssuk;Igdluluarssuk;Igdluluarssuk;Igdluluarssuk;Igdluluarssuk;Igdluluarssuk;Igdluluarssuk;Igdluluarssuk;Igdluluarssuk;Igdluluarssuk;Igdluluarssuk;Igdluluarssuk;Igdluluarssuk;Igdluluarssuk;x;
b_kangertittivaq;Kangertittivaq;Kangertittivaq;Kangertittivaq;Kangertittivaq;Kangertittivaq;Kangertittivaq;Kangertittivaq;Kangertittivaq;Kangertittivaq;Kangertittivaq;Kangertittivaq;Kangertittivaq;Kangertittivaq;x;
c_svalbard;Svalbard;Svalbard;Svalbard;Svalbard;Svalbard;Svalbard;Svalbard;Svalbard;Svalbard;Svalbard;Svalbard;Svalbard;Svalbard;x;
c_svalbard_adj;Svalbard;Svalbard;Svalbard;Svalbard;Svalbard;Svalbard;Svalbard;Svalbard;Svalbard;Svalbard;Svalbard;Svalbard;Svalbard;x;
b_svalbard;Svalbard;Svalbard;Svalbard;Svalbard;Svalbard;Svalbard;Svalbard;Svalbard;Svalbard;Svalbard;Svalbard;Svalbard;Svalbard;x;
b_olonkinbyen;Olonkinbyen;Olonkinbyen;Olonkinbyen;Olonkinbyen;Olonkinbyen;Olonkinbyen;Olonkinbyen;Olonkinbyen;Olonkinbyen;Olonkinbyen;Olonkinbyen;Olonkinbyen;Olonkinbyen;x;
b_puppebu;Puppebu;Puppebu;Puppebu;Puppebu;Puppebu;Puppebu;Puppebu;Puppebu;Puppebu;Puppebu;Puppebu;Puppebu;Puppebu;x;
b_beerenberg;Beerenberg;Beerenberg;Beerenberg;Beerenberg;Beerenberg;Beerenberg;Beerenberg;Beerenberg;Beerenberg;Beerenberg;Beerenberg;Beerenberg;Beerenberg;x;
b_rudolftoppen;Rudolftoppen;Rudolftoppen;Rudolftoppen;Rudolftoppen;Rudolftoppen;Rudolftoppen;Rudolftoppen;Rudolftoppen;Rudolftoppen;Rudolftoppen;Rudolftoppen;Rudolftoppen;Rudolftoppen;x;
b_trollsletta;Trollsletta;Trollsletta;Trollsletta;Trollsletta;Trollsletta;Trollsletta;Trollsletta;Trollsletta;Trollsletta;Trollsletta;Trollsletta;Trollsletta;Trollsletta;x;
b_batvika;Batvika;Batvika;Batvika;Batvika;Batvika;Batvika;Batvika;Batvika;Batvika;Batvika;Batvika;Batvika;Batvika;x;
e_nunavut;Nunavut;Nunavut;Nunavut;Nunavut;Nunavut;Nunavut;Nunavut;Nunavut;Nunavut;Nunavut;Nunavut;Nunavut;Nunavut;x;
e_nunavut_adj;Nunavut;Nunavut;Nunavut;Nunavut;Nunavut;Nunavut;Nunavut;Nunavut;Nunavut;Nunavut;Nunavut;Nunavut;Nunavut;x;
k_nunavut;Nunavut;Nunavut;Nunavut;Nunavut;Nunavut;Nunavut;Nunavut;Nunavut;Nunavut;Nunavut;Nunavut;Nunavut;Nunavut;x;
k_nunavut_adj;Nunavut;Nunavut;Nunavut;Nunavut;Nunavut;Nunavut;Nunavut;Nunavut;Nunavut;Nunavut;Nunavut;Nunavut;Nunavut;x;
d_qikiqtaaluk;Qikiqtaaluk;Qikiqtaaluk;Qikiqtaaluk;Qikiqtaaluk;Qikiqtaaluk;Qikiqtaaluk;Qikiqtaaluk;Qikiqtaaluk;Qikiqtaaluk;Qikiqtaaluk;Qikiqtaaluk;Qikiqtaaluk;Qikiqtaaluk;x;
d_qikiqtaaluk_adj;Qikiqtaaluk;Qikiqtaaluk;Qikiqtaaluk;Qikiqtaaluk;Qikiqtaaluk;Qikiqtaaluk;Qikiqtaaluk;Qikiqtaaluk;Qikiqtaaluk;Qikiqtaaluk;Qikiqtaaluk;Qikiqtaaluk;Qikiqtaaluk;x;
c_iqaluit;Iqaluit;Iqaluit;Iqaluit;Iqaluit;Iqaluit;Iqaluit;Iqaluit;Iqaluit;Iqaluit;Iqaluit;Iqaluit;Iqaluit;Iqaluit;x;
c_iqaluit_adj;Iqaluit;Iqaluit;Iqaluit;Iqaluit;Iqaluit;Iqaluit;Iqaluit;Iqaluit;Iqaluit;Iqaluit;Iqaluit;Iqaluit;Iqaluit;x;
b_iqaluit;Iqaluit;Iqaluit;Iqaluit;Iqaluit;Iqaluit;Iqaluit;Iqaluit;Iqaluit;Iqaluit;Iqaluit;Iqaluit;Iqaluit;Iqaluit;x;
b_niaqunngut;Niaqunngut;Niaqunngut;Niaqunngut;Niaqunngut;Niaqunngut;Niaqunngut;Niaqunngut;Niaqunngut;Niaqunngut;Niaqunngut;Niaqunngut;Niaqunngut;Niaqunngut;x;
b_takuligjuaq;Takuligjuaq;Takuligjuaq;Takuligjuaq;Takuligjuaq;Takuligjuaq;Takuligjuaq;Takuligjuaq;Takuligjuaq;Takuligjuaq;Takuligjuaq;Takuligjuaq;Takuligjuaq;Takuligjuaq;x;
b_kipisa;Kipisa;Kipisa;Kipisa;Kipisa;Kipisa;Kipisa;Kipisa;Kipisa;Kipisa;Kipisa;Kipisa;Kipisa;Kipisa;x;
b_shakshukuk;Shakshukuk;Shakshukuk;Shakshukuk;Shakshukuk;Shakshukuk;Shakshukuk;Shakshukuk;Shakshukuk;Shakshukuk;Shakshukuk;Shakshukuk;Shakshukuk;Shakshukuk;x;
b_kangigutsak;Kangigutsak;Kangigutsak;Kangigutsak;Kangigutsak;Kangigutsak;Kangigutsak;Kangigutsak;Kangigutsak;Kangigutsak;Kangigutsak;Kangigutsak;Kangigutsak;Kangigutsak;x;
b_opingivik;Opingivik;Opingivik;Opingivik;Opingivik;Opingivik;Opingivik;Opingivik;Opingivik;Opingivik;Opingivik;Opingivik;Opingivik;Opingivik;x;
c_amadjuak;Amadjuak;Amadjuak;Amadjuak;Amadjuak;Amadjuak;Amadjuak;Amadjuak;Amadjuak;Amadjuak;Amadjuak;Amadjuak;Amadjuak;Amadjuak;x;
c_amadjuak_adj;Amadjuak;Amadjuak;Amadjuak;Amadjuak;Amadjuak;Amadjuak;Amadjuak;Amadjuak;Amadjuak;Amadjuak;Amadjuak;Amadjuak;Amadjuak;x;
b_amadjuak;Amadjuak;Amadjuak;Amadjuak;Amadjuak;Amadjuak;Amadjuak;Amadjuak;Amadjuak;Amadjuak;Amadjuak;Amadjuak;Amadjuak;Amadjuak;x;
b_katanillik;Katanillik;Katanillik;Katanillik;Katanillik;Katanillik;Katanillik;Katanillik;Katanillik;Katanillik;Katanillik;Katanillik;Katanillik;Katanillik;x;
b_kimmirut;Kimmirut;Kimmirut;Kimmirut;Kimmirut;Kimmirut;Kimmirut;Kimmirut;Kimmirut;Kimmirut;Kimmirut;Kimmirut;Kimmirut;Kimmirut;x;
b_kinngait;Kinngait;Kinngait;Kinngait;Kinngait;Kinngait;Kinngait;Kinngait;Kinngait;Kinngait;Kinngait;Kinngait;Kinngait;Kinngait;x;
b_sikusiilaq;Sikusiilaq;Sikusiilaq;Sikusiilaq;Sikusiilaq;Sikusiilaq;Sikusiilaq;Sikusiilaq;Sikusiilaq;Sikusiilaq;Sikusiilaq;Sikusiilaq;Sikusiilaq;Sikusiilaq;x;
b_mallikjuak;Mallikjuak;Mallikjuak;Mallikjuak;Mallikjuak;Mallikjuak;Mallikjuak;Mallikjuak;Mallikjuak;Mallikjuak;Mallikjuak;Mallikjuak;Mallikjuak;Mallikjuak;x;
b_okolli;Okolli;Okolli;Okolli;Okolli;Okolli;Okolli;Okolli;Okolli;Okolli;Okolli;Okolli;Okolli;Okolli;x;
c_pangnirtung;Pangnirtung;Pangnirtung;Pangnirtung;Pangnirtung;Pangnirtung;Pangnirtung;Pangnirtung;Pangnirtung;Pangnirtung;AmaPangnirtungdjuak;Pangnirtung;Pangnirtung;Pangnirtung;x;
c_pangnirtung_adj;Pangnirtung;Pangnirtung;Pangnirtung;Pangnirtung;Pangnirtung;Pangnirtung;Pangnirtung;Pangnirtung;Pangnirtung;Pangnirtung;Pangnirtung;Pangnirtung;Pangnirtung;x;
b_pangnirtung;Pangnirtung;Pangnirtung;Pangnirtung;Pangnirtung;Pangnirtung;Pangnirtung;Pangnirtung;Pangnirtung;Pangnirtung;AmaPangnirtungdjuak;Pangnirtung;Pangnirtung;Pangnirtung;x;
b_qikiqtarjuaq;Qikiqtarjuaq;Qikiqtarjuaq;Qikiqtarjuaq;Qikiqtarjuaq;Qikiqtarjuaq;Qikiqtarjuaq;Qikiqtarjuaq;Qikiqtarjuaq;Qikiqtarjuaq;Qikiqtarjuaq;Qikiqtarjuaq;Qikiqtarjuaq;Qikiqtarjuaq;x;
b_kivitoo;Kivitoo;Kivitoo;Kivitoo;Kivitoo;Kivitoo;Kivitoo;Kivitoo;Kivitoo;Kivitoo;Kivitoo;Kivitoo;Kivitoo;Kivitoo;x;
b_auyuittuq;Auyuittuq;Auyuittuq;Auyuittuq;Auyuittuq;Auyuittuq;Auyuittuq;Auyuittuq;Auyuittuq;Auyuittuq;Auyuittuq;Auyuittuq;Auyuittuq;Auyuittuq;x;
b_nunaktak;Nunaktak;Nunaktak;Nunaktak;Nunaktak;Nunaktak;Nunaktak;Nunaktak;Nunaktak;Nunaktak;Nunaktak;Nunaktak;Nunaktak;Nunaktak;x;
b_kekertelung;Kekertelung;Kekertelung;Kekertelung;Kekertelung;Kekertelung;Kekertelung;Kekertelung;Kekertelung;Kekertelung;Kekertelung;Kekertelung;Kekertelung;Kekertelung;x;
b_kerkertal;Kerkertal;Kerkertal;Kerkertal;Kerkertal;Kerkertal;Kerkertal;Kerkertal;Kerkertal;Kerkertal;Kerkertal;Kerkertal;Kerkertal;Kerkertal;x;
c_kanngiqtugaapik;Kanngiqtugaapik;Kanngiqtugaapik;Kanngiqtugaapik;Kanngiqtugaapik;Kanngiqtugaapik;Kanngiqtugaapik;Kanngiqtugaapik;Kanngiqtugaapik;Kanngiqtugaapik;Kanngiqtugaapik;Kanngiqtugaapik;Kanngiqtugaapik;Kanngiqtugaapik;x;
c_kanngiqtugaapik_adj;Kanngiqtugaapik;Kanngiqtugaapik;Kanngiqtugaapik;Kanngiqtugaapik;Kanngiqtugaapik;Kanngiqtugaapik;Kanngiqtugaapik;Kanngiqtugaapik;Kanngiqtugaapik;Kanngiqtugaapik;Kanngiqtugaapik;Kanngiqtugaapik;Kanngiqtugaapik;x;
b_kanngiqtugaapik;Kanngiqtugaapik;Kanngiqtugaapik;Kanngiqtugaapik;Kanngiqtugaapik;Kanngiqtugaapik;Kanngiqtugaapik;Kanngiqtugaapik;Kanngiqtugaapik;Kanngiqtugaapik;Kanngiqtugaapik;Kanngiqtugaapik;Kanngiqtugaapik;Kanngiqtugaapik;x;
b_ammaluqtuq;Ammaluqtuq;Ammaluqtuq;Ammaluqtuq;Ammaluqtuq;Ammaluqtuq;Ammaluqtuq;Ammaluqtuq;Ammaluqtuq;Ammaluqtuq;Ammaluqtuq;Ammaluqtuq;Ammaluqtuq;Ammaluqtuq;x;
b_sillem;Sillem;Sillem;Sillem;Sillem;Sillem;Sillem;Sillem;Sillem;Sillem;Sillem;Sillem;Sillem;Sillem;x;
b_aulitivik;Aulitivik;Aulitivik;Aulitivik;Aulitivik;Aulitivik;Aulitivik;Aulitivik;Aulitivik;Aulitivik;Aulitivik;Aulitivik;Aulitivik;Aulitivik;x;
b_aulitiving;Aulitiving;Aulitiving;Aulitiving;Aulitiving;Aulitiving;Aulitiving;Aulitiving;Aulitiving;Aulitiving;Aulitiving;Aulitiving;Aulitiving;Aulitiving;x;
b_ukpik;Ukpik;Ukpik;Ukpik;Ukpik;Ukpik;Ukpik;Ukpik;Ukpik;Ukpik;Ukpik;Ukpik;Ukpik;Ukpik;x;
b_kisimngiuqtuq;Kisimngiuqtuq;Kisimngiuqtuq;Kisimngiuqtuq;Kisimngiuqtuq;Kisimngiuqtuq;Kisimngiuqtuq;Kisimngiuqtuq;Kisimngiuqtuq;Kisimngiuqtuq;Kisimngiuqtuq;Kisimngiuqtuq;Kisimngiuqtuq;Kisimngiuqtuq;x;
c_ikpiarjuk;Ikpiarjuk;Ikpiarjuk;Ikpiarjuk;Ikpiarjuk;Ikpiarjuk;Ikpiarjuk;Ikpiarjuk;Ikpiarjuk;Ikpiarjuk;Ikpiarjuk;Ikpiarjuk;Ikpiarjuk;Ikpiarjuk;x;
c_ikpiarjuk_adj;Ikpiarjuk;Ikpiarjuk;Ikpiarjuk;Ikpiarjuk;Ikpiarjuk;Ikpiarjuk;Ikpiarjuk;Ikpiarjuk;Ikpiarjuk;Ikpiarjuk;Ikpiarjuk;Ikpiarjuk;Ikpiarjuk;x;
b_ikpiarjuk;Ikpiarjuk;Ikpiarjuk;Ikpiarjuk;Ikpiarjuk;Ikpiarjuk;Ikpiarjuk;Ikpiarjuk;Ikpiarjuk;Ikpiarjuk;Ikpiarjuk;Ikpiarjuk;Ikpiarjuk;Ikpiarjuk;x;
b_nanisivik;Nanisivik;Nanisivik;Nanisivik;Nanisivik;Nanisivik;Nanisivik;Nanisivik;Nanisivik;Nanisivik;Nanisivik;Nanisivik;Nanisivik;Nanisivik;x;
b_mittimatalik;Mittimatalik;Mittimatalik;Mittimatalik;Mittimatalik;Mittimatalik;Mittimatalik;Mittimatalik;Mittimatalik;Mittimatalik;Mittimatalik;Mittimatalik;Mittimatalik;Mittimatalik;x;
b_shimik;Shimik;Shimik;Shimik;Shimik;Shimik;Shimik;Shimik;Shimik;Shimik;Shimik;Shimik;Shimik;Shimik;x;
b_sirmilik;Sirmilik;Sirmilik;Sirmilik;Sirmilik;Sirmilik;Sirmilik;Sirmilik;Sirmilik;Sirmilik;Sirmilik;Sirmilik;Sirmilik;Sirmilik;x;
b_kapuivik;Kapuivik;Kapuivik;Kapuivik;Kapuivik;Kapuivik;Kapuivik;Kapuivik;Kapuivik;Kapuivik;Kapuivik;Kapuivik;Kapuivik;Kapuivik;x;
b_angilaaq;Angilaaq;Angilaaq;Angilaaq;Angilaaq;Angilaaq;Angilaaq;Angilaaq;Angilaaq;Angilaaq;Angilaaq;Angilaaq;Angilaaq;Angilaaq;x;
d_nunavik;Nunavik;Nunavik;Nunavik;Nunavik;Nunavik;Nunavik;Nunavik;Nunavik;Nunavik;Nunavik;Nunavik;Nunavik;Nunavik;x;
d_nunavik_adj;Nunavik;Nunavik;Nunavik;Nunavik;Nunavik;Nunavik;Nunavik;Nunavik;Nunavik;Nunavik;Nunavik;Nunavik;Nunavik;x;
c_kuujjuaq;Kuujjuaq;Kuujjuaq;Kuujjuaq;Kuujjuaq;Kuujjuaq;Kuujjuaq;Kuujjuaq;Kuujjuaq;Kuujjuaq;Kuujjuaq;Kuujjuaq;Kuujjuaq;Kuujjuaq;x;
c_kuujjuaq_adj;Kuujjuaq;Kuujjuaq;Kuujjuaq;Kuujjuaq;Kuujjuaq;Kuujjuaq;Kuujjuaq;Kuujjuaq;Kuujjuaq;Kuujjuaq;Kuujjuaq;Kuujjuaq;Kuujjuaq;x;
b_kuujjuaq;Kuujjuaq;Kuujjuaq;Kuujjuaq;Kuujjuaq;Kuujjuaq;Kuujjuaq;Kuujjuaq;Kuujjuaq;Kuujjuaq;Kuujjuaq;Kuujjuaq;Kuujjuaq;Kuujjuaq;x;
b_tasiujaq;Tasiujaq;Tasiujaq;Tasiujaq;Tasiujaq;Tasiujaq;Tasiujaq;Tasiujaq;Tasiujaq;Tasiujaq;Tasiujaq;Tasiujaq;Tasiujaq;Tasiujaq;x;
b_aupaluk;Aupaluk;Aupaluk;Aupaluk;Aupaluk;Aupaluk;Aupaluk;Aupaluk;Aupaluk;Aupaluk;Aupaluk;Aupaluk;Aupaluk;Aupaluk;x;
b_qikirtajuaq;Qikirtajuaq;Qikirtajuaq;Qikirtajuaq;Qikirtajuaq;Qikirtajuaq;Qikirtajuaq;Qikirtajuaq;Qikirtajuaq;Qikirtajuaq;Qikirtajuaq;Qikirtajuaq;Qikirtajuaq;Qikirtajuaq;x;
b_qaamanialuk_paanga;Qaamanialuk Paanga;Qaamanialuk Paanga;Qaamanialuk Paanga;Qaamanialuk Paanga;Qaamanialuk Paanga;Qaamanialuk Paanga;Qaamanialuk Paanga;Qaamanialuk Paanga;Qaamanialuk Paanga;Qaamanialuk Paanga;Qaamanialuk Paanga;Qaamanialuk Paanga;Qaamanialuk Paanga;x;
b_kativik;Kativik;Kativik;Kativik;Kativik;Kativik;Kativik;Kativik;Kativik;Kativik;Kativik;Kativik;Kativik;Kativik;x;
b_kilgavik;Kilgavik;Kilgavik;Kilgavik;Kilgavik;Kilgavik;Kilgavik;Kilgavik;Kilgavik;Kilgavik;Kilgavik;Kilgavik;Kilgavik;Kilgavik;x;
c_kangirsuk;Kangirsuk;Kangirsuk;Kangirsuk;Kangirsuk;Kangirsuk;Kangirsuk;Kangirsuk;Kangirsuk;Kangirsuk;Kangirsuk;Kangirsuk;Kangirsuk;Kangirsuk;x;
c_kangirsuk_adj;Kangirsuk;Kangirsuk;Kangirsuk;Kangirsuk;Kangirsuk;Kangirsuk;Kangirsuk;Kangirsuk;Kangirsuk;Kangirsuk;Kangirsuk;Kangirsuk;Kangirsuk;x;
b_kangirsuk;Kangirsuk;Kangirsuk;Kangirsuk;Kangirsuk;Kangirsuk;Kangirsuk;Kangirsuk;Kangirsuk;Kangirsuk;Kangirsuk;Kangirsuk;Kangirsuk;Kangirsuk;x;
b_qajartalik;Qajartalik;Qajartalik;Qajartalik;Qajartalik;Qajartalik;Qajartalik;Qajartalik;Qajartalik;Qajartalik;Qajartalik;Qajartalik;Qajartalik;Qajartalik;x;
b_kangiqsujuaq;Kangiqsujuaq;Kangiqsujuaq;Kangiqsujuaq;Kangiqsujuaq;Kangiqsujuaq;Kangiqsujuaq;Kangiqsujuaq;Kangiqsujuaq;Kangiqsujuaq;Kangiqsujuaq;Kangiqsujuaq;Kangiqsujuaq;Kangiqsujuaq;x;
b_quaqtaq;Quaqtaq;Quaqtaq;Quaqtaq;Quaqtaq;Quaqtaq;Quaqtaq;Quaqtaq;Quaqtaq;Quaqtaq;Quaqtaq;Quaqtaq;Quaqtaq;Quaqtaq;x;
b_akpatok;Akpatok;Akpatok;Akpatok;Akpatok;Akpatok;Akpatok;Akpatok;Akpatok;Akpatok;Akpatok;Akpatok;Akpatok;Akpatok;x;
b_tuvaaluk;Tuvaaluk;Tuvaaluk;Tuvaaluk;Tuvaaluk;Tuvaaluk;Tuvaaluk;Tuvaaluk;Tuvaaluk;Tuvaaluk;Tuvaaluk;Tuvaaluk;Tuvaaluk;Tuvaaluk;x;
b_pingualuit;Pingualuit;Pingualuit;Pingualuit;Pingualuit;Pingualuit;Pingualuit;Pingualuit;Pingualuit;Pingualuit;Pingualuit;Pingualuit;Pingualuit;Pingualuit;x;
c_ivujivik;Ivujivik;Ivujivik;Ivujivik;Ivujivik;Ivujivik;Ivujivik;Ivujivik;Ivujivik;Ivujivik;Ivujivik;Ivujivik;Ivujivik;Ivujivik;x;
c_ivujivik_adj;Ivujivik;Ivujivik;Ivujivik;Ivujivik;Ivujivik;Ivujivik;Ivujivik;Ivujivik;Ivujivik;Ivujivik;Ivujivik;Ivujivik;Ivujivik;x;
b_ivujivik;Ivujivik;Ivujivik;Ivujivik;Ivujivik;Ivujivik;Ivujivik;Ivujivik;Ivujivik;Ivujivik;Ivujivik;Ivujivik;Ivujivik;Ivujivik;x;
b_puvirnituq;Puvirnituq;Puvirnituq;Puvirnituq;Puvirnituq;Puvirnituq;Puvirnituq;Puvirnituq;Puvirnituq;Puvirnituq;Puvirnituq;Puvirnituq;Puvirnituq;Puvirnituq;x;
b_sugluk;Sugluk;Sugluk;Sugluk;Sugluk;Sugluk;Sugluk;Sugluk;Sugluk;Sugluk;Sugluk;Sugluk;Sugluk;Sugluk;x;
b_salluit;Salluit;Salluit;Salluit;Salluit;Salluit;Salluit;Salluit;Salluit;Salluit;Salluit;Salluit;Salluit;Salluit;x;
b_akulivik;Akulivik;Akulivik;Akulivik;Akulivik;Akulivik;Akulivik;Akulivik;Akulivik;Akulivik;Akulivik;Akulivik;Akulivik;Akulivik;x;
b_pujjunaq;Pujjunaq;Pujjunaq;Pujjunaq;Pujjunaq;Pujjunaq;Pujjunaq;Pujjunaq;Pujjunaq;Pujjunaq;Pujjunaq;Pujjunaq;Pujjunaq;Pujjunaq;x;
b_papiit;Papiit;Papiit;Papiit;Papiit;Papiit;Papiit;Papiit;Papiit;Papiit;Papiit;Papiit;Papiit;Papiit;x;
c_umiujaq;Umiujaq;Umiujaq;Umiujaq;Umiujaq;Umiujaq;Umiujaq;Umiujaq;Umiujaq;Umiujaq;Umiujaq;Umiujaq;Umiujaq;Umiujaq;x;
c_umiujaq_adj;Umiujaq;Umiujaq;Umiujaq;Umiujaq;Umiujaq;Umiujaq;Umiujaq;Umiujaq;Umiujaq;Umiujaq;Umiujaq;Umiujaq;Umiujaq;x;
b_umiujaq;Umiujaq;Umiujaq;Umiujaq;Umiujaq;Umiujaq;Umiujaq;Umiujaq;Umiujaq;Umiujaq;Umiujaq;Umiujaq;Umiujaq;Umiujaq;x;
b_inukjuak;Inukjuak;Inukjuak;Inukjuak;Inukjuak;Inukjuak;Inukjuak;Inukjuak;Inukjuak;Inukjuak;Inukjuak;Inukjuak;Inukjuak;Inukjuak;x;
b_inurjuat;Inurjuat;Inurjuat;Inurjuat;Inurjuat;Inurjuat;Inurjuat;Inurjuat;Inurjuat;Inurjuat;Inurjuat;Inurjuat;Inurjuat;Inurjuat;x;
b_tasiujaq;Tasiujaq;Tasiujaq;Tasiujaq;Tasiujaq;Tasiujaq;Tasiujaq;Tasiujaq;Tasiujaq;Tasiujaq;Tasiujaq;Tasiujaq;Tasiujaq;Tasiujaq;x;
b_qasigialingat;Qasigialingat;Qasigialingat;Qasigialingat;Qasigialingat;Qasigialingat;Qasigialingat;Qasigialingat;Qasigialingat;Qasigialingat;Qasigialingat;Qasigialingat;Qasigialingat;Qasigialingat;x;
b_tursujuq;Tursujuq;Tursujuq;Tursujuq;Tursujuq;Tursujuq;Tursujuq;Tursujuq;Tursujuq;Tursujuq;Tursujuq;Tursujuq;Tursujuq;Tursujuq;x;
b_avaqqutaq;Avaqqutaq;Avaqqutaq;Avaqqutaq;Avaqqutaq;Avaqqutaq;Avaqqutaq;Avaqqutaq;Avaqqutaq;Avaqqutaq;Avaqqutaq;Avaqqutaq;Avaqqutaq;Avaqqutaq;x;
c_sanikiluaq;Sanikiluaq;Sanikiluaq;Sanikiluaq;Sanikiluaq;Sanikiluaq;Sanikiluaq;Sanikiluaq;Sanikiluaq;Sanikiluaq;Sanikiluaq;Sanikiluaq;Sanikiluaq;Sanikiluaq;x;
c_sanikiluaq_adj;Sanikiluaq;Sanikiluaq;Sanikiluaq;Sanikiluaq;Sanikiluaq;Sanikiluaq;Sanikiluaq;Sanikiluaq;Sanikiluaq;Sanikiluaq;Sanikiluaq;Sanikiluaq;Sanikiluaq;x;
b_sanikiluaq;Sanikiluaq;Sanikiluaq;Sanikiluaq;Sanikiluaq;Sanikiluaq;Sanikiluaq;Sanikiluaq;Sanikiluaq;Sanikiluaq;Sanikiluaq;Sanikiluaq;Sanikiluaq;Sanikiluaq;x;
b_kugong;Kugong;Kugong;Kugong;Kugong;Kugong;Kugong;Kugong;Kugong;Kugong;Kugong;Kugong;Kugong;Kugong;x;
b_tukarak;Tukarak;Tukarak;Tukarak;Tukarak;Tukarak;Tukarak;Tukarak;Tukarak;Tukarak;Tukarak;Tukarak;Tukarak;Tukarak;x;
b_innetalling;Innetalling;Innetalling;Innetalling;Innetalling;Innetalling;Innetalling;Innetalling;Innetalling;Innetalling;Innetalling;Innetalling;Innetalling;Innetalling;x;
b_qutjutuurusiit;Qutjutuurusiit;Qutjutuurusiit;Qutjutuurusiit;Qutjutuurusiit;Qutjutuurusiit;Qutjutuurusiit;Qutjutuurusiit;Qutjutuurusiit;Qutjutuurusiit;Qutjutuurusiit;Qutjutuurusiit;Qutjutuurusiit;Qutjutuurusiit;x;
b_mukpollo;Mukpollo;Mukpollo;Mukpollo;Mukpollo;Mukpollo;Mukpollo;Mukpollo;Mukpollo;Mukpollo;Mukpollo;Mukpollo;Mukpollo;Mukpollo;x;
b_omarolluk;Omarolluk;Omarolluk;Omarolluk;Omarolluk;Omarolluk;Omarolluk;Omarolluk;Omarolluk;Omarolluk;Omarolluk;Omarolluk;Omarolluk;Omarolluk;x;
e_cree;Cree;Cree;Cree;Cree;Cree;Cree;Cree;Cree;Cree;Cree;Cree;Cree;Cree;x;
e_cree_adj;Cree;Cree;Cree;Cree;Cree;Cree;Cree;Cree;Cree;Cree;Cree;Cree;Cree;x;
k_nitassinan;Nitassinan;Nitassinan;Nitassinan;Nitassinan;Nitassinan;Nitassinan;Nitassinan;Nitassinan;Nitassinan;Nitassinan;Nitassinan;Nitassinan;Nitassinan;x;
k_nitassinan_adj;Nitassinan;Nitassinan;Nitassinan;Nitassinan;Nitassinan;Nitassinan;Nitassinan;Nitassinan;Nitassinan;Nitassinan;Nitassinan;Nitassinan;Nitassinan;x;
d_eeyou_istchee;Eeyou Istchee;Eeyou Istchee;Eeyou Istchee;Eeyou Istchee;Eeyou Istchee;Eeyou Istchee;Eeyou Istchee;Eeyou Istchee;Eeyou Istchee;Eeyou Istchee;Eeyou Istchee;Eeyou Istchee;Eeyou Istchee;x;
d_eeyou_istchee_adj;Eeyou Istchee;Eeyou Istchee;Eeyou Istchee;Eeyou Istchee;Eeyou Istchee;Eeyou Istchee;Eeyou Istchee;Eeyou Istchee;Eeyou Istchee;Eeyou Istchee;Eeyou Istchee;Eeyou Istchee;Eeyou Istchee;x;
c_chisasibi;Chisasibi;Chisasibi;Chisasibi;Chisasibi;Chisasibi;Chisasibi;Chisasibi;Chisasibi;Chisasibi;Chisasibi;Chisasibi;Chisasibi;Chisasibi;x;
c_chisasibi_adj;Chisasibi;Chisasibi;Chisasibi;Chisasibi;Chisasibi;Chisasibi;Chisasibi;Chisasibi;Chisasibi;Chisasibi;Chisasibi;Chisasibi;Chisasibi;x;
b_chisasibi;Chisasibi;Chisasibi;Chisasibi;Chisasibi;Chisasibi;Chisasibi;Chisasibi;Chisasibi;Chisasibi;Chisasibi;Chisasibi;Chisasibi;Chisasibi;x;
b_ismein;Ismein;Ismein;Ismein;Ismein;Ismein;Ismein;Ismein;Ismein;Ismein;Ismein;Ismein;Ismein;Ismein;x;
b_wemindji;Wemindji;Wemindji;Wemindji;Wemindji;Wemindji;Wemindji;Wemindji;Wemindji;Wemindji;Wemindji;Wemindji;Wemindji;Wemindji;x;
b_sakami;Sakami;Sakami;Sakami;Sakami;Sakami;Sakami;Sakami;Sakami;Sakami;Sakami;Sakami;Sakami;Sakami;x;
b_metawatikwa;Metawatikwa;Metawatikwa;Metawatikwa;Metawatikwa;Metawatikwa;Metawatikwa;Metawatikwa;Metawatikwa;Metawatikwa;Metawatikwa;Metawatikwa;Metawatikwa;Metawatikwa;x;
b_anistusikwasich;Anistusikwasich;Anistusikwasich;Anistusikwasich;Anistusikwasich;Anistusikwasich;Anistusikwasich;Anistusikwasich;Anistusikwasich;Anistusikwasich;Anistusikwasich;Anistusikwasich;Anistusikwasich;Anistusikwasich;x;
b_kachamiskusich;Kachamiskusich;Kachamiskusich;Kachamiskusich;Kachamiskusich;Kachamiskusich;Kachamiskusich;Kachamiskusich;Kachamiskusich;Kachamiskusich;Kachamiskusich;Kachamiskusich;Kachamiskusich;Kachamiskusich;x;
c_whapmagoostui;Whapmagoostui;Whapmagoostui;Whapmagoostui;Whapmagoostui;Whapmagoostui;Whapmagoostui;Whapmagoostui;Whapmagoostui;Whapmagoostui;Whapmagoostui;Whapmagoostui;Whapmagoostui;Whapmagoostui;x;
c_whapmagoostui_adj;Whapmagoostui;Whapmagoostui;Whapmagoostui;Whapmagoostui;Whapmagoostui;Whapmagoostui;Whapmagoostui;Whapmagoostui;Whapmagoostui;Whapmagoostui;Whapmagoostui;Whapmagoostui;Whapmagoostui;x;
b_whapmagoostui;Whapmagoostui;Whapmagoostui;Whapmagoostui;Whapmagoostui;Whapmagoostui;Whapmagoostui;Whapmagoostui;Whapmagoostui;Whapmagoostui;Whapmagoostui;Whapmagoostui;Whapmagoostui;Whapmagoostui;x;
b_kuujjuarapik;Kuujjuarapik;Kuujjuarapik;Kuujjuarapik;Kuujjuarapik;Kuujjuarapik;Kuujjuarapik;Kuujjuarapik;Kuujjuarapik;Kuujjuarapik;Kuujjuarapik;Kuujjuarapik;Kuujjuarapik;Kuujjuarapik;x;
b_wimin;Wimin;Wimin;Wimin;Wimin;Wimin;Wimin;Wimin;Wimin;Wimin;Wimin;Wimin;Wimin;Wimin;x;
b_amistustikwach;Amistustikwach;Amistustikwach;Amistustikwach;Amistustikwach;Amistustikwach;Amistustikwach;Amistustikwach;Amistustikwach;Amistustikwach;Amistustikwach;Amistustikwach;Amistustikwach;Amistustikwach;x;
b_manitounuk;Manitounuk;Manitounuk;Manitounuk;Manitounuk;Manitounuk;Manitounuk;Manitounuk;Manitounuk;Manitounuk;Manitounuk;Manitounuk;Manitounuk;Manitounuk;x;
b_mistawatim;Mistawatim;Mistawatim;Mistawatim;Mistawatim;Mistawatim;Mistawatim;Mistawatim;Mistawatim;Mistawatim;Mistawatim;Mistawatim;Mistawatim;Mistawatim;x;
b_upasi;Upasi;Upasi;Upasi;Upasi;Upasi;Upasi;Upasi;Upasi;Upasi;Upasi;Upasi;Upasi;Upasi;x;
c_nichicun;Nichicun;Nichicun;Nichicun;Nichicun;Nichicun;Nichicun;Nichicun;Nichicun;Nichicun;Nichicun;Nichicun;Nichicun;Nichicun;x;
c_nichicun_adj;Nichicun;Nichicun;Nichicun;Nichicun;Nichicun;Nichicun;Nichicun;Nichicun;Nichicun;Nichicun;Nichicun;Nichicun;Nichicun;x;
b_nichicun;Nichicun;Nichicun;Nichicun;Nichicun;Nichicun;Nichicun;Nichicun;Nichicun;Nichicun;Nichicun;Nichicun;Nichicun;Nichicun;x;
b_apisikamis;Apisikamis;Apisikamis;Apisikamis;Apisikamis;Apisikamis;Apisikamis;Apisikamis;Apisikamis;Apisikamis;Apisikamis;Apisikamis;Apisikamis;Apisikamis;x;
b_petagumksun;Petagumksun;Petagumksun;Petagumksun;Petagumksun;Petagumksun;Petagumksun;Petagumksun;Petagumksun;Petagumksun;Petagumksun;Petagumksun;Petagumksun;Petagumksun;x;
b_amistustikwach;Amistustikwach;Amistustikwach;Amistustikwach;Amistustikwach;Amistustikwach;Amistustikwach;Amistustikwach;Amistustikwach;Amistustikwach;Amistustikwach;Amistustikwach;Amistustikwach;Amistustikwach;x;
b_uchikwachikanan;Uchikwachikanan;Uchikwachikanan;Uchikwachikanan;Uchikwachikanan;Uchikwachikanan;Uchikwachikanan;Uchikwachikanan;Uchikwachikanan;Uchikwachikanan;Uchikwachikanan;Uchikwachikanan;Uchikwachikanan;Uchikwachikanan;x;
b_kausapachuun;Kausapachuun;Kausapachuun;Kausapachuun;Kausapachuun;Kausapachuun;Kausapachuun;Kausapachuun;Kausapachuun;Kausapachuun;Kausapachuun;Kausapachuun;Kausapachuun;Kausapachuun;x;
b_aminapustasich;Aminapustasich;Aminapustasich;Aminapustasich;Aminapustasich;Aminapustasich;Aminapustasich;Aminapustasich;Aminapustasich;Aminapustasich;Aminapustasich;Aminapustasich;Aminapustasich;Aminapustasich;x;
c_nemaska;Nemaska;Nemaska;Nemaska;Nemaska;Nemaska;Nemaska;Nemaska;Nemaska;Nemaska;Nemaska;Nemaska;Nemaska;Nemaska;x;
c_nemaska_adj;Nemaska;Nemaska;Nemaska;Nemaska;Nemaska;Nemaska;Nemaska;Nemaska;Nemaska;Nemaska;Nemaska;Nemaska;Nemaska;x;
b_nemaska;Nemaska;Nemaska;Nemaska;Nemaska;Nemaska;Nemaska;Nemaska;Nemaska;Nemaska;Nemaska;Nemaska;Nemaska;Nemaska;x;
b_mistissini;Mistissini;Mistissini;Mistissini;Mistissini;Mistissini;Mistissini;Mistissini;Mistissini;Mistissini;Mistissini;Mistissini;Mistissini;Mistissini;x;
b_chibougamau;Chibougamau;Chibougamau;Chibougamau;Chibougamau;Chibougamau;Chibougamau;Chibougamau;Chibougamau;Chibougamau;Chibougamau;Chibougamau;Chibougamau;Chibougamau;x;
b_waswanipi;Waswanipi;Waswanipi;Waswanipi;Waswanipi;Waswanipi;Waswanipi;Waswanipi;Waswanipi;Waswanipi;Waswanipi;Waswanipi;Waswanipi;Waswanipi;x;
b_obalski;Obalski;Obalski;Obalski;Obalski;Obalski;Obalski;Obalski;Obalski;Obalski;Obalski;Obalski;Obalski;Obalski;x;
b_opemisca;Opemisca;Opemisca;Opemisca;Opemisca;Opemisca;Opemisca;Opemisca;Opemisca;Opemisca;Opemisca;Opemisca;Opemisca;Opemisca;x;
b_maaskitkuu;Maaskitkuu;Maaskitkuu;Maaskitkuu;Maaskitkuu;Maaskitkuu;Maaskitkuu;Maaskitkuu;Maaskitkuu;Maaskitkuu;Maaskitkuu;Maaskitkuu;Maaskitkuu;Maaskitkuu;x;
c_waskaganish;Waskaganish;Waskaganish;Waskaganish;Waskaganish;Waskaganish;Waskaganish;Waskaganish;Waskaganish;Waskaganish;Waskaganish;Waskaganish;Waskaganish;Waskaganish;x;
c_waskaganish_adj;Waskaganish;Waskaganish;Waskaganish;Waskaganish;Waskaganish;Waskaganish;Waskaganish;Waskaganish;Waskaganish;Waskaganish;Waskaganish;Waskaganish;Waskaganish;x;
b_waskaganish;Waskaganish;Waskaganish;Waskaganish;Waskaganish;Waskaganish;Waskaganish;Waskaganish;Waskaganish;Waskaganish;Waskaganish;Waskaganish;Waskaganish;Waskaganish;x;
b_matagami;Matagami;Matagami;Matagami;Matagami;Matagami;Matagami;Matagami;Matagami;Matagami;Matagami;Matagami;Matagami;Matagami;x;
b_sesitinikastikw;Sesitinikastikw;Sesitinikastikw;Sesitinikastikw;Sesitinikastikw;Sesitinikastikw;Sesitinikastikw;Sesitinikastikw;Sesitinikastikw;Sesitinikastikw;Sesitinikastikw;Sesitinikastikw;Sesitinikastikw;Sesitinikastikw;x;
b_tekakwitha;Tekakwitha;Tekakwitha;Tekakwitha;Tekakwitha;Tekakwitha;Tekakwitha;Tekakwitha;Tekakwitha;Tekakwitha;Tekakwitha;Tekakwitha;Tekakwitha;Tekakwitha;x;
b_kakupanchish;Kakupanchish;Kakupanchish;Kakupanchish;Kakupanchish;Kakupanchish;Kakupanchish;Kakupanchish;Kakupanchish;Kakupanchish;Kakupanchish;Kakupanchish;Kakupanchish;Kakupanchish;x;
b_uschiskash;Uschiskash;Uschiskash;Uschiskash;Uschiskash;Uschiskash;Uschiskash;Uschiskash;Uschiskash;Uschiskash;Uschiskash;Uschiskash;Uschiskash;Uschiskash;x;
b_nitauchichikan;Nitauchichikan;Nitauchichikan;Nitauchichikan;Nitauchichikan;Nitauchichikan;Nitauchichikan;Nitauchichikan;Nitauchichikan;Nitauchichikan;Nitauchichikan;Nitauchichikan;Nitauchichikan;Nitauchichikan;x;
d_nunatsiavut;Nunatsiavut;Nunatsiavut;Nunatsiavut;Nunatsiavut;Nunatsiavut;Nunatsiavut;Nunatsiavut;Nunatsiavut;Nunatsiavut;Nunatsiavut;Nunatsiavut;Nunatsiavut;Nunatsiavut;x;
d_nunatsiavut_adj;Nunatsiavut;Nunatsiavut;Nunatsiavut;Nunatsiavut;Nunatsiavut;Nunatsiavut;Nunatsiavut;Nunatsiavut;Nunatsiavut;Nunatsiavut;Nunatsiavut;Nunatsiavut;Nunatsiavut;x;
c_kangiqsualujjuaq;Kangiqsualujjuaq;Kangiqsualujjuaq;Kangiqsualujjuaq;Kangiqsualujjuaq;Kangiqsualujjuaq;Kangiqsualujjuaq;Kangiqsualujjuaq;Kangiqsualujjuaq;Kangiqsualujjuaq;Kangiqsualujjuaq;Kangiqsualujjuaq;Kangiqsualujjuaq;Kangiqsualujjuaq;x;
c_kangiqsualujjuaq_adj;Kangiqsualujjuaq;Kangiqsualujjuaq;Kangiqsualujjuaq;Kangiqsualujjuaq;Kangiqsualujjuaq;Kangiqsualujjuaq;Kangiqsualujjuaq;Kangiqsualujjuaq;Kangiqsualujjuaq;Kangiqsualujjuaq;Kangiqsualujjuaq;Kangiqsualujjuaq;Kangiqsualujjuaq;x;
b_kangiqsualujjuaq;Kangiqsualujjuaq;Kangiqsualujjuaq;Kangiqsualujjuaq;Kangiqsualujjuaq;Kangiqsualujjuaq;Kangiqsualujjuaq;Kangiqsualujjuaq;Kangiqsualujjuaq;Kangiqsualujjuaq;Kangiqsualujjuaq;Kangiqsualujjuaq;Kangiqsualujjuaq;Kangiqsualujjuaq;x;
b_sangumaniq;Sangumaniq;Sangumaniq;Sangumaniq;Sangumaniq;Sangumaniq;Sangumaniq;Sangumaniq;Sangumaniq;Sangumaniq;Sangumaniq;Sangumaniq;Sangumaniq;Sangumaniq;x;
b_kaminikatau;Kaminikatau;Kaminikatau;Kaminikatau;Kaminikatau;Kaminikatau;Kaminikatau;Kaminikatau;Kaminikatau;Kaminikatau;Kaminikatau;Kaminikatau;Kaminikatau;Kaminikatau;x;
b_ukalirsitik;Ukalirsitik;Ukalirsitik;Ukalirsitik;Ukalirsitik;Ukalirsitik;Ukalirsitik;Ukalirsitik;Ukalirsitik;Ukalirsitik;Ukalirsitik;Ukalirsitik;Ukalirsitik;Ukalirsitik;x;
b_uummanaq;Uummanaq;Uummanaq;Uummanaq;Uummanaq;Uummanaq;Uummanaq;Uummanaq;Uummanaq;Uummanaq;Uummanaq;Uummanaq;Uummanaq;Uummanaq;x;
b_akulliaq;Akulliaq;Akulliaq;Akulliaq;Akulliaq;Akulliaq;Akulliaq;Akulliaq;Akulliaq;Akulliaq;Akulliaq;Akulliaq;Akulliaq;Akulliaq;x;
b_matshishkam;Matshishkam;Matshishkam;Matshishkam;Matshishkam;Matshishkam;Matshishkam;Matshishkam;Matshishkam;Matshishkam;Matshishkam;Matshishkam;Matshishkam;Matshishkam;x;
c_killiniq;Killiniq;Killiniq;Killiniq;Killiniq;Killiniq;Killiniq;Killiniq;Killiniq;Killiniq;Killiniq;Killiniq;Killiniq;Killiniq;x;
c_killiniq_adj;Killiniq;Killiniq;Killiniq;Killiniq;Killiniq;Killiniq;Killiniq;Killiniq;Killiniq;Killiniq;Killiniq;Killiniq;Killiniq;x;
b_killiniq;Killiniq;Killiniq;Killiniq;Killiniq;Killiniq;Killiniq;Killiniq;Killiniq;Killiniq;Killiniq;Killiniq;Killiniq;Killiniq;x;
b_nuvotannak;Nuvotannak;Nuvotannak;Nuvotannak;Nuvotannak;Nuvotannak;Nuvotannak;Nuvotannak;Nuvotannak;Nuvotannak;Nuvotannak;Nuvotannak;Nuvotannak;Nuvotannak;x;
b_korok;Korok;Korok;Korok;Korok;Korok;Korok;Korok;Korok;Korok;Korok;Korok;Korok;Korok;x;
b_nuvukulluk;Nuvukulluk;Nuvukulluk;Nuvukulluk;Nuvukulluk;Nuvukulluk;Nuvukulluk;Nuvukulluk;Nuvukulluk;Nuvukulluk;Nuvukulluk;Nuvukulluk;Nuvukulluk;Nuvukulluk;x;
b_upernavik;Upernavik;Upernavik;Upernavik;Upernavik;Upernavik;Upernavik;Upernavik;Upernavik;Upernavik;Upernavik;Upernavik;Upernavik;Upernavik;x;
b_torngat;Torngat;Torngat;Torngat;Torngat;Torngat;Torngat;Torngat;Torngat;Torngat;Torngat;Torngat;Torngat;Torngat;x;
b_kuururjuaq;Kuururjuaq;Kuururjuaq;Kuururjuaq;Kuururjuaq;Kuururjuaq;Kuururjuaq;Kuururjuaq;Kuururjuaq;Kuururjuaq;Kuururjuaq;Kuururjuaq;Kuururjuaq;Kuururjuaq;x;
c_nunajnguk;Nunajnguk;Nunajnguk;Nunajnguk;Nunajnguk;Nunajnguk;Nunajnguk;Nunajnguk;Nunajnguk;Nunajnguk;Nunajnguk;Nunajnguk;Nunajnguk;Nunajnguk;x;
c_nunajnguk_adj;Nunajnguk;Nunajnguk;Nunajnguk;Nunajnguk;Nunajnguk;Nunajnguk;Nunajnguk;Nunajnguk;Nunajnguk;Nunajnguk;Nunajnguk;Nunajnguk;Nunajnguk;x;
b_nunajnguk;Nunajnguk;Nunajnguk;Nunajnguk;Nunajnguk;Nunajnguk;Nunajnguk;Nunajnguk;Nunajnguk;Nunajnguk;Nunajnguk;Nunajnguk;Nunajnguk;Nunajnguk;x;
b_nutak;Nutak;Nutak;Nutak;Nutak;Nutak;Nutak;Nutak;Nutak;Nutak;Nutak;Nutak;Nutak;Nutak;x;
b_okak;Okak;Okak;Okak;Okak;Okak;Okak;Okak;Okak;Okak;Okak;Okak;Okak;Okak;x;
b_iluikoyak;Iluikoyak;Iluikoyak;Iluikoyak;Iluikoyak;Iluikoyak;Iluikoyak;Iluikoyak;Iluikoyak;Iluikoyak;Iluikoyak;Iluikoyak;Iluikoyak;Iluikoyak;x;
b_umiakovik;Umiakovik;Umiakovik;Umiakovik;Umiakovik;Umiakovik;Umiakovik;Umiakovik;Umiakovik;Umiakovik;Umiakovik;Umiakovik;Umiakovik;Umiakovik;x;
b_sungilik;Sungilik;Sungilik;Sungilik;Sungilik;Sungilik;Sungilik;Sungilik;Sungilik;Sungilik;Sungilik;Sungilik;Sungilik;Sungilik;x;
b_kotannak;Kotannak;Kotannak;Kotannak;Kotannak;Kotannak;Kotannak;Kotannak;Kotannak;Kotannak;Kotannak;Kotannak;Kotannak;Kotannak;x;
c_agvituk;Agvituk;Agvituk;Agvituk;Agvituk;Agvituk;Agvituk;Agvituk;Agvituk;Agvituk;Agvituk;Agvituk;Agvituk;Agvituk;x;
c_agvituk_adj;Agvituk;Agvituk;Agvituk;Agvituk;Agvituk;Agvituk;Agvituk;Agvituk;Agvituk;Agvituk;Agvituk;Agvituk;Agvituk;x;
b_agvituk;Agvituk;Agvituk;Agvituk;Agvituk;Agvituk;Agvituk;Agvituk;Agvituk;Agvituk;Agvituk;Agvituk;Agvituk;Agvituk;x;
b_kikiaq;Kikiaq;Kikiaq;Kikiaq;Kikiaq;Kikiaq;Kikiaq;Kikiaq;Kikiaq;Kikiaq;Kikiaq;Kikiaq;Kikiaq;Kikiaq;x;
b_qipuqqaq;Qipuqqaq;Qipuqqaq;Qipuqqaq;Qipuqqaq;Qipuqqaq;Qipuqqaq;Qipuqqaq;Qipuqqaq;Qipuqqaq;Qipuqqaq;Qipuqqaq;Qipuqqaq;Qipuqqaq;x;
b_maquuvik;Maquuvik;Maquuvik;Maquuvik;Maquuvik;Maquuvik;Maquuvik;Maquuvik;Maquuvik;Maquuvik;Maquuvik;Maquuvik;Maquuvik;Maquuvik;x;
b_aillik;Aillik;Aillik;Aillik;Aillik;Aillik;Aillik;Aillik;Aillik;Aillik;Aillik;Aillik;Aillik;Aillik;x;
b_nuvutsuakulluk;Nuvutsuakulluk;Nuvutsuakulluk;Nuvutsuakulluk;Nuvutsuakulluk;Nuvutsuakulluk;Nuvutsuakulluk;Nuvutsuakulluk;Nuvutsuakulluk;Nuvutsuakulluk;Nuvutsuakulluk;Nuvutsuakulluk;Nuvutsuakulluk;Nuvutsuakulluk;x;
b_onartok;Onartok;Onartok;Onartok;Onartok;Onartok;Onartok;Onartok;Onartok;Onartok;Onartok;Onartok;Onartok;Onartok;x;
d_nitassinan;Nitassinan;Nitassinan;Nitassinan;Nitassinan;Nitassinan;Nitassinan;Nitassinan;Nitassinan;Nitassinan;Nitassinan;Nitassinan;Nitassinan;Nitassinan;x;
d_nitassinan_adj;Nitassinan;Nitassinan;Nitassinan;Nitassinan;Nitassinan;Nitassinan;Nitassinan;Nitassinan;Nitassinan;Nitassinan;Nitassinan;Nitassinan;Nitassinan;x;
c_kawawachikamach;Kawawachikamach;Kawawachikamach;Kawawachikamach;Kawawachikamach;Kawawachikamach;Kawawachikamach;Kawawachikamach;Kawawachikamach;Kawawachikamach;Kawawachikamach;Kawawachikamach;Kawawachikamach;Kawawachikamach;x;
c_kawawachikamach_adj;Kawawachikamach;Kawawachikamach;Kawawachikamach;Kawawachikamach;Kawawachikamach;Kawawachikamach;Kawawachikamach;Kawawachikamach;Kawawachikamach;Kawawachikamach;Kawawachikamach;Kawawachikamach;Kawawachikamach;x;
b_kawawachikamach;Kawawachikamach;Kawawachikamach;Kawawachikamach;Kawawachikamach;Kawawachikamach;Kawawachikamach;Kawawachikamach;Kawawachikamach;Kawawachikamach;Kawawachikamach;Kawawachikamach;Kawawachikamach;Kawawachikamach;x;
b_kamistiatusset;Kamistiatusset;Kamistiatusset;Kamistiatusset;Kamistiatusset;Kamistiatusset;Kamistiatusset;Kamistiatusset;Kamistiatusset;Kamistiatusset;Kamistiatusset;Kamistiatusset;Kamistiatusset;Kamistiatusset;x;
b_menihek;Menihek;Menihek;Menihek;Menihek;Menihek;Menihek;Menihek;Menihek;Menihek;Menihek;Menihek;Menihek;Menihek;x;
b_patshishetshuanau;Patshishetshuanau;Patshishetshuanau;Patshishetshuanau;Patshishetshuanau;Patshishetshuanau;Patshishetshuanau;Patshishetshuanau;Patshishetshuanau;Patshishetshuanau;Patshishetshuanau;Patshishetshuanau;Patshishetshuanau;Patshishetshuanau;x;
b_matimekosh;Matimekosh;Matimekosh;Matimekosh;Matimekosh;Matimekosh;Matimekosh;Matimekosh;Matimekosh;Matimekosh;Matimekosh;Matimekosh;Matimekosh;Matimekosh;x;
b_ashuanipi;Ashuanipi;Ashuanipi;Ashuanipi;Ashuanipi;Ashuanipi;Ashuanipi;Ashuanipi;Ashuanipi;Ashuanipi;Ashuanipi;Ashuanipi;Ashuanipi;Ashuanipi;x;
b_opocopa;Opocopa;Opocopa;Opocopa;Opocopa;Opocopa;Opocopa;Opocopa;Opocopa;Opocopa;Opocopa;Opocopa;Opocopa;Opocopa;x;
c_sheshatshiu;Sheshatshiu;Sheshatshiu;Sheshatshiu;Sheshatshiu;Sheshatshiu;Sheshatshiu;Sheshatshiu;Sheshatshiu;Sheshatshiu;Sheshatshiu;Sheshatshiu;Sheshatshiu;Sheshatshiu;x;
c_sheshatshiu_adj;Sheshatshiu;Sheshatshiu;Sheshatshiu;Sheshatshiu;Sheshatshiu;Sheshatshiu;Sheshatshiu;Sheshatshiu;Sheshatshiu;Sheshatshiu;Sheshatshiu;Sheshatshiu;Sheshatshiu;x;
b_sheshatshiu;Sheshatshiu;Sheshatshiu;Sheshatshiu;Sheshatshiu;Sheshatshiu;Sheshatshiu;Sheshatshiu;Sheshatshiu;Sheshatshiu;Sheshatshiu;Sheshatshiu;Sheshatshiu;Sheshatshiu;x;
b_minipi;Minipi;Minipi;Minipi;Minipi;Minipi;Minipi;Minipi;Minipi;Minipi;Minipi;Minipi;Minipi;Minipi;;x
b_uapahkueh;Uapahkueh;Uapahkueh;Uapahkueh;Uapahkueh;Uapahkueh;Uapahkueh;Uapahkueh;Uapahkueh;Uapahkueh;Uapahkueh;Uapahkueh;Uapahkueh;Uapahkueh;x;
b_uaunukuh;Uaunukuh;Uaunukuh;Uaunukuh;Uaunukuh;Uaunukuh;Uaunukuh;Uaunukuh;Uaunukuh;Uaunukuh;Uaunukuh;Uaunukuh;Uaunukuh;Uaunukuh;;x
b_natuaiahu;Natuaiahu;Natuaiahu;Natuaiahu;Natuaiahu;Natuaiahu;Natuaiahu;Natuaiahu;Natuaiahu;Natuaiahu;Natuaiahu;Natuaiahu;Natuaiahu;Natuaiahu;;x
b_kahtsheuiapuhtshuenakan;Kahtsheuiapuhtshuenakan;Kahtsheuiapuhtshuenakan;Kahtsheuiapuhtshuenakan;Kahtsheuiapuhtshuenakan;Kahtsheuiapuhtshuenakan;Kahtsheuiapuhtshuenakan;Kahtsheuiapuhtshuenakan;Kahtsheuiapuhtshuenakan;Kahtsheuiapuhtshuenakan;Kahtsheuiapuhtshuenakan;Kahtsheuiapuhtshuenakan;Kahtsheuiapuhtshuenakan;Kahtsheuiapuhtshuenakan;;x
b_uahaihtshuakat;Uahaihtshuakat;Uahaihtshuakat;Uahaihtshuakat;Uahaihtshuakat;Uahaihtshuakat;Uahaihtshuakat;Uahaihtshuakat;Uahaihtshuakat;Uahaihtshuakat;Uahaihtshuakat;Uahaihtshuakat;Uahaihtshuakat;Uahaihtshuakat;;x
c_pakuashipi;Pakuashipi;Pakuashipi;Pakuashipi;Pakuashipi;Pakuashipi;Pakuashipi;Pakuashipi;Pakuashipi;Pakuashipi;Pakuashipi;Pakuashipi;Pakuashipi;Pakuashipi;x;
c_pakuashipi_adj;Pakuashipi;Pakuashipi;Pakuashipi;Pakuashipi;Pakuashipi;Pakuashipi;Pakuashipi;Pakuashipi;Pakuashipi;Pakuashipi;Pakuashipi;Pakuashipi;Pakuashipi;x;
b_pakuashipi;Pakuashipi;Pakuashipi;Pakuashipi;Pakuashipi;Pakuashipi;Pakuashipi;Pakuashipi;Pakuashipi;Pakuashipi;Pakuashipi;Pakuashipi;Pakuashipi;Pakuashipi;x;
b_shekatika;Shekatika;Shekatika;Shekatika;Shekatika;Shekatika;Shekatika;Shekatika;Shekatika;Shekatika;Shekatika;Shekatika;Shekatika;Shekatika;;x
b_natsitok;Natsitok;Natsitok;Natsitok;Natsitok;Natsitok;Natsitok;Natsitok;Natsitok;Natsitok;Natsitok;Natsitok;Natsitok;Natsitok;;x
b_akamiuapishkua;Akamiuapishkua;Akamiuapishkua;Akamiuapishkua;Akamiuapishkua;Akamiuapishkua;Akamiuapishkua;Akamiuapishkua;Akamiuapishkua;Akamiuapishkua;Akamiuapishkua;Akamiuapishkua;Akamiuapishkua;Akamiuapishkua;;x
b_kikkertet;Kikkertet;Kikkertet;Kikkertet;Kikkertet;Kikkertet;Kikkertet;Kikkertet;Kikkertet;Kikkertet;Kikkertet;Kikkertet;Kikkertet;Kikkertet;;x
b_etagaulet;Etagaulet;Etagaulet;Etagaulet;Etagaulet;Etagaulet;Etagaulet;Etagaulet;Etagaulet;Etagaulet;Etagaulet;Etagaulet;Etagaulet;Etagaulet;;x
b_wapustagamau;Wapustagamau;Wapustagamau;Wapustagamau;Wapustagamau;Wapustagamau;Wapustagamau;Wapustagamau;Wapustagamau;Wapustagamau;Wapustagamau;Wapustagamau;Wapustagamau;Wapustagamau;;x
c_unamenshipit;Unamenshipit;Unamenshipit;Unamenshipit;Unamenshipit;Unamenshipit;Unamenshipit;Unamenshipit;Unamenshipit;Unamenshipit;Unamenshipit;Unamenshipit;Unamenshipit;Unamenshipit;x;
c_unamenshipit_adj;Unamenshipit;Unamenshipit;Unamenshipit;Unamenshipit;Unamenshipit;Unamenshipit;Unamenshipit;Unamenshipit;Unamenshipit;Unamenshipit;Unamenshipit;Unamenshipit;Unamenshipit;x;
b_unamenshipit;Unamenshipit;Unamenshipit;Unamenshipit;Unamenshipit;Unamenshipit;Unamenshipit;Unamenshipit;Unamenshipit;Unamenshipit;Unamenshipit;Unamenshipit;Unamenshipit;Unamenshipit;x;
b_natashquan;Natashquan;Natashquan;Natashquan;Natashquan;Natashquan;Natashquan;Natashquan;Natashquan;Natashquan;Natashquan;Natashquan;Natashquan;Natashquan;;x
b_kegashka;Kegashka;Kegashka;Kegashka;Kegashka;Kegashka;Kegashka;Kegashka;Kegashka;Kegashka;Kegashka;Kegashka;Kegashka;Kegashka;;x
b_coacoachou;Coacoachou;Coacoachou;Coacoachou;Coacoachou;Coacoachou;Coacoachou;Coacoachou;Coacoachou;Coacoachou;Coacoachou;Coacoachou;Coacoachou;Coacoachou;;x
b_mistahini;Mistahini;Mistahini;Mistahini;Mistahini;Mistahini;Mistahini;Mistahini;Mistahini;Mistahini;Mistahini;Mistahini;Mistahini;Mistahini;;x
b_nakamistshetshuant;Nakamistshetshuant;Nakamistshetshuant;Nakamistshetshuant;Nakamistshetshuant;Nakamistshetshuant;Nakamistshetshuant;Nakamistshetshuant;Nakamistshetshuant;Nakamistshetshuant;Nakamistshetshuant;Nakamistshetshuant;Nakamistshetshuant;Nakamistshetshuant;;x
b_uemahtan;Uemahtan;Uemahtan;Uemahtan;Uemahtan;Uemahtan;Uemahtan;Uemahtan;Uemahtan;Uemahtan;Uemahtan;Uemahtan;Uemahtan;Uemahtan;;x
d_neenoilno;Neenoilno;Neenoilno;Neenoilno;Neenoilno;Neenoilno;Neenoilno;Neenoilno;Neenoilno;Neenoilno;Neenoilno;Neenoilno;Neenoilno;Neenoilno;x;
d_neenoilno_adj;Neenoilno;Neenoilno;Neenoilno;Neenoilno;Neenoilno;Neenoilno;Neenoilno;Neenoilno;Neenoilno;Neenoilno;Neenoilno;Neenoilno;Neenoilno;x;
c_uashat;Uashat;Uashat;Uashat;Uashat;Uashat;Uashat;Uashat;Uashat;Uashat;Uashat;Uashat;Uashat;Uashat;x;
c_uashat_adj;Uashat;Uashat;Uashat;Uashat;Uashat;Uashat;Uashat;Uashat;Uashat;Uashat;Uashat;Uashat;Uashat;x;
b_uashat;Uashat;Uashat;Uashat;Uashat;Uashat;Uashat;Uashat;Uashat;Uashat;Uashat;Uashat;Uashat;Uashat;x;
b_maliotenam;Maliotenam;Maliotenam;Maliotenam;Maliotenam;Maliotenam;Maliotenam;Maliotenam;Maliotenam;Maliotenam;Maliotenam;Maliotenam;Maliotenam;Maliotenam;x;
b_ekuantshit;Ekuantshit;Ekuantshit;Ekuantshit;Ekuantshit;Ekuantshit;Ekuantshit;Ekuantshit;Ekuantshit;Ekuantshit;Ekuantshit;Ekuantshit;Ekuantshit;Ekuantshit;x;
b_uhatnihip;Uhatnihip;Uhatnihip;Uhatnihip;Uhatnihip;Uhatnihip;Uhatnihip;Uhatnihip;Uhatnihip;Uhatnihip;Uhatnihip;Uhatnihip;Uhatnihip;Uhatnihip;x;
b_ehkuapustet;Ehkuapustet;Ehkuapustet;Ehkuapustet;Ehkuapustet;Ehkuapustet;Ehkuapustet;Ehkuapustet;Ehkuapustet;Ehkuapustet;Ehkuapustet;Ehkuapustet;Ehkuapustet;Ehkuapustet;x;
b_uhukanatshehu;Uhukanatshehu;Uhukanatshehu;Uhukanatshehu;Uhukanatshehu;Uhukanatshehu;Uhukanatshehu;Uhukanatshehu;Uhukanatshehu;Uhukanatshehu;Uhukanatshehu;Uhukanatshehu;Uhukanatshehu;Uhukanatshehu;x;
b_uashatuess;Uashatuess;Uashatuess;Uashatuess;Uashatuess;Uashatuess;Uashatuess;Uashatuess;Uashatuess;Uashatuess;Uashatuess;Uashatuess;Uashatuess;Uashatuess;x;
c_pessamit;Pessamit;Pessamit;Pessamit;Pessamit;Pessamit;Pessamit;Pessamit;Pessamit;Pessamit;Pessamit;Pessamit;Pessamit;Pessamit;x;
c_pessamit_adj;Pessamit;Pessamit;Pessamit;Pessamit;Pessamit;Pessamit;Pessamit;Pessamit;Pessamit;Pessamit;Pessamit;Pessamit;Pessamit;x;
b_pessamit;Pessamit;Pessamit;Pessamit;Pessamit;Pessamit;Pessamit;Pessamit;Pessamit;Pessamit;Pessamit;Pessamit;Pessamit;Pessamit;x;
b_mushalagan;Mushalagan;Mushalagan;Mushalagan;Mushalagan;Mushalagan;Mushalagan;Mushalagan;Mushalagan;Mushalagan;Mushalagan;Mushalagan;Mushalagan;Mushalagan;x;
b_kaupashkueiat;Kaupashkueiat;Kaupashkueiat;Kaupashkueiat;Kaupashkueiat;Kaupashkueiat;Kaupashkueiat;Kaupashkueiat;Kaupashkueiat;Kaupashkueiat;Kaupashkueiat;Kaupashkueiat;Kaupashkueiat;Kaupashkueiat;x;
b_manic_cinq;Manic-Cinq;Manic-Cinq;Manic-Cinq;Manic-Cinq;Manic-Cinq;Manic-Cinq;Manic-Cinq;Manic-Cinq;Manic-Cinq;Manic-Cinq;Manic-Cinq;Manic-Cinq;Manic-Cinq;x;
b_kashipiautshemus;Kashipiautshemus;Kashipiautshemus;Kashipiautshemus;Kashipiautshemus;Kashipiautshemus;Kashipiautshemus;Kashipiautshemus;Kashipiautshemus;Kashipiautshemus;Kashipiautshemus;Kashipiautshemus;Kashipiautshemus;Kashipiautshemus;x;
b_micoua;Micoua;Micoua;Micoua;Micoua;Micoua;Micoua;Micoua;Micoua;Micoua;Micoua;Micoua;Micoua;Micoua;x;
b_kaiashashkupat;Kaiashashkupat;Kaiashashkupat;Kaiashashkupat;Kaiashashkupat;Kaiashashkupat;Kaiashashkupat;Kaiashashkupat;Kaiashashkupat;Kaiashashkupat;Kaiashashkupat;Kaiashashkupat;Kaiashashkupat;Kaiashashkupat;x;
c_chicoutimi;Chicoutimi;Chicoutimi;Chicoutimi;Chicoutimi;Chicoutimi;Chicoutimi;Chicoutimi;Chicoutimi;Chicoutimi;Chicoutimi;Chicoutimi;Chicoutimi;Chicoutimi;x;
c_chicoutimi_adj;Chicoutimi;Chicoutimi;Chicoutimi;Chicoutimi;Chicoutimi;Chicoutimi;Chicoutimi;Chicoutimi;Chicoutimi;Chicoutimi;Chicoutimi;Chicoutimi;Chicoutimi;x;
b_chicoutimi;Chicoutimi;Chicoutimi;Chicoutimi;Chicoutimi;Chicoutimi;Chicoutimi;Chicoutimi;Chicoutimi;Chicoutimi;Chicoutimi;Chicoutimi;Chicoutimi;Chicoutimi;x;
b_mashteuiatsh;Mashteuiatsh;Mashteuiatsh;Mashteuiatsh;Mashteuiatsh;Mashteuiatsh;Mashteuiatsh;Mashteuiatsh;Mashteuiatsh;Mashteuiatsh;Mashteuiatsh;Mashteuiatsh;Mashteuiatsh;Mashteuiatsh;x;
b_essipit;Essipit;Essipit;Essipit;Essipit;Essipit;Essipit;Essipit;Essipit;Essipit;Essipit;Essipit;Essipit;Essipit;x;
b_ouiatchouan;Ouiatchouan;Ouiatchouan;Ouiatchouan;Ouiatchouan;Ouiatchouan;Ouiatchouan;Ouiatchouan;Ouiatchouan;Ouiatchouan;Ouiatchouan;Ouiatchouan;Ouiatchouan;Ouiatchouan;x;
b_tadoussac;Tadoussac;Tadoussac;Tadoussac;Tadoussac;Tadoussac;Tadoussac;Tadoussac;Tadoussac;Tadoussac;Tadoussac;Tadoussac;Tadoussac;Tadoussac;x;
b_piekuakami;Piekuakami;Piekuakami;Piekuakami;Piekuakami;Piekuakami;Piekuakami;Piekuakami;Piekuakami;Piekuakami;Piekuakami;Piekuakami;Piekuakami;Piekuakami;x;
b_peribonka;Peribonka;Peribonka;Peribonka;Peribonka;Peribonka;Peribonka;Peribonka;Peribonka;Peribonka;Peribonka;Peribonka;Peribonka;Peribonka;x;
c_nitaskinan;Nitaskinan;Nitaskinan;Nitaskinan;Nitaskinan;Nitaskinan;Nitaskinan;Nitaskinan;Nitaskinan;Nitaskinan;Nitaskinan;Nitaskinan;Nitaskinan;Nitaskinan;x;
c_nitaskinan_adj;Nitaskinan;Nitaskinan;Nitaskinan;Nitaskinan;Nitaskinan;Nitaskinan;Nitaskinan;Nitaskinan;Nitaskinan;Nitaskinan;Nitaskinan;Nitaskinan;Nitaskinan;x;
b_obedjiwan;Obedjiwan;Obedjiwan;Obedjiwan;Obedjiwan;Obedjiwan;Obedjiwan;Obedjiwan;Obedjiwan;Obedjiwan;Obedjiwan;Obedjiwan;Obedjiwan;Obedjiwan;x;
b_manawan;Manawan;Manawan;Manawan;Manawan;Manawan;Manawan;Manawan;Manawan;Manawan;Manawan;Manawan;Manawan;Manawan;x;
b_wemotaci;Wemotaci;Wemotaci;Wemotaci;Wemotaci;Wemotaci;Wemotaci;Wemotaci;Wemotaci;Wemotaci;Wemotaci;Wemotaci;Wemotaci;Wemotaci;x;
b_ushabatshuan;Ushabatshuan;Ushabatshuan;Ushabatshuan;Ushabatshuan;Ushabatshuan;Ushabatshuan;Ushabatshuan;Ushabatshuan;Ushabatshuan;Ushabatshuan;Ushabatshuan;Ushabatshuan;Ushabatshuan;x;
b_coucoucache;Coucoucache;Coucoucache;Coucoucache;Coucoucache;Coucoucache;Coucoucache;Coucoucache;Coucoucache;Coucoucache;Coucoucache;Coucoucache;Coucoucache;Coucoucache;x;
b_matawin;Matawin;Matawin;Matawin;Matawin;Matawin;Matawin;Matawin;Matawin;Matawin;Matawin;Matawin;Matawin;Matawin;x;
b_oskelaneo;Oskelaneo;Oskelaneo;Oskelaneo;Oskelaneo;Oskelaneo;Oskelaneo;Oskelaneo;Oskelaneo;Oskelaneo;Oskelaneo;Oskelaneo;Oskelaneo;Oskelaneo;x;
e_wabanaki;Wabanaki;Wabanaki;Wabanaki;Wabanaki;Wabanaki;Wabanaki;Wabanaki;Wabanaki;Wabanaki;Wabanaki;Wabanaki;Wabanaki;Wabanaki;x;
e_wabanaki_adj;Wabanaki;Wabanaki;Wabanaki;Wabanaki;Wabanaki;Wabanaki;Wabanaki;Wabanaki;Wabanaki;Wabanaki;Wabanaki;Wabanaki;Wabanaki;x;
k_mikmaq;Mi'kmaq;Mi'kmaq;Mi'kmaq;Mi'kmaq;Mi'kmaq;Mi'kmaq;Mi'kmaq;Mi'kmaq;Mi'kmaq;Mi'kmaq;Mi'kmaq;Mi'kmaq;Mi'kmaq;x;
k_mikmaq_adj;Mi'kmaq;Mi'kmaq;Mi'kmaq;Mi'kmaq;Mi'kmaq;Mi'kmaq;Mi'kmaq;Mi'kmaq;Mi'kmaq;Mi'kmaq;Mi'kmaq;Mi'kmaq;Mi'kmaq;x;
d_beothuk;Beothuk;Beothuk;Beothuk;Beothuk;Beothuk;Beothuk;Beothuk;Beothuk;Beothuk;Beothuk;Beothuk;Beothuk;Beothuk;x;
d_beothuk_adj;Beothuk;Beothuk;Beothuk;Beothuk;Beothuk;Beothuk;Beothuk;Beothuk;Beothuk;Beothuk;Beothuk;Beothuk;Beothuk;x;
c_maqtukwek;Maqtukwek;Maqtukwek;Maqtukwek;Maqtukwek;Maqtukwek;Maqtukwek;Maqtukwek;Maqtukwek;Maqtukwek;Maqtukwek;Maqtukwek;Maqtukwek;Maqtukwek;x;
c_maqtukwek_adj;Maqtukwek;Maqtukwek;Maqtukwek;Maqtukwek;Maqtukwek;Maqtukwek;Maqtukwek;Maqtukwek;Maqtukwek;Maqtukwek;Maqtukwek;Maqtukwek;Maqtukwek;x;
b_maqtukwek;Maqtukwek;Maqtukwek;Maqtukwek;Maqtukwek;Maqtukwek;Maqtukwek;Maqtukwek;Maqtukwek;Maqtukwek;Maqtukwek;Maqtukwek;Maqtukwek;Maqtukwek;x;
b_quirpon;Quirpon;Quirpon;Quirpon;Quirpon;Quirpon;Quirpon;Quirpon;Quirpon;Quirpon;Quirpon;Quirpon;Quirpon;Quirpon;x;
b_qalipu;Qalipu;Qalipu;Qalipu;Qalipu;Qalipu;Qalipu;Qalipu;Qalipu;Qalipu;Qalipu;Qalipu;Qalipu;Qalipu;x;
b_kwesowaak;Kwesowaak;Kwesowaak;Kwesowaak;Kwesowaak;Kwesowaak;Kwesowaak;Kwesowaak;Kwesowaak;Kwesowaak;Kwesowaak;Kwesowaak;Kwesowaak;Kwesowaak;x;
b_kitpu;Kitpu;Kitpu;Kitpu;Kitpu;Kitpu;Kitpu;Kitpu;Kitpu;Kitpu;Kitpu;Kitpu;Kitpu;Kitpu;x;
b_atoqwasueget;Atoqwasueget;Atoqwasueget;Atoqwasueget;Atoqwasueget;Atoqwasueget;Atoqwasueget;Atoqwasueget;Atoqwasueget;Atoqwasueget;Atoqwasueget;Atoqwasueget;Atoqwasueget;Atoqwasueget;x;
b_aguwathuna;Aguwathuna;Aguwathuna;Aguwathuna;Aguwathuna;Aguwathuna;Aguwathuna;Aguwathuna;Aguwathuna;Aguwathuna;Aguwathuna;Aguwathuna;Aguwathuna;Aguwathuna;x;
c_siinalk;Siinalk;Siinalk;Siinalk;Siinalk;Siinalk;Siinalk;Siinalk;Siinalk;Siinalk;Siinalk;Siinalk;Siinalk;Siinalk;x;
c_siinalk_adj;Siinalk;Siinalk;Siinalk;Siinalk;Siinalk;Siinalk;Siinalk;Siinalk;Siinalk;Siinalk;Siinalk;Siinalk;Siinalk;x;
b_siinalk;Siinalk;Siinalk;Siinalk;Siinalk;Siinalk;Siinalk;Siinalk;Siinalk;Siinalk;Siinalk;Siinalk;Siinalk;Siinalk;x;
b_megweguntew;Megweguntew;Megweguntew;Megweguntew;Megweguntew;Megweguntew;Megweguntew;Megweguntew;Megweguntew;Megweguntew;Megweguntew;Megweguntew;Megweguntew;Megweguntew;x;
b_nataqamtug;Nataqamtug;Nataqamtug;Nataqamtug;Nataqamtug;Nataqamtug;Nataqamtug;Nataqamtug;Nataqamtug;Nataqamtug;Nataqamtug;Nataqamtug;Nataqamtug;Nataqamtug;x;
b_pitaw;Pitaw;Pitaw;Pitaw;Pitaw;Pitaw;Pitaw;Pitaw;Pitaw;Pitaw;Pitaw;Pitaw;Pitaw;Pitaw;x;
b_lampoq;Lampoq;Lampoq;Lampoq;Lampoq;Lampoq;Lampoq;Lampoq;Lampoq;Lampoq;Lampoq;Lampoq;Lampoq;Lampoq;x;
b_psitnuj;Psitnuj;Psitnuj;Psitnuj;Psitnuj;Psitnuj;Psitnuj;Psitnuj;Psitnuj;Psitnuj;Psitnuj;Psitnuj;Psitnuj;Psitnuj;x;
b_gameg;Gameg;Gameg;Gameg;Gameg;Gameg;Gameg;Gameg;Gameg;Gameg;Gameg;Gameg;Gameg;Gameg;x;
c_beothuk;Beothuk;Beothuk;Beothuk;Beothuk;Beothuk;Beothuk;Beothuk;Beothuk;Beothuk;Beothuk;Beothuk;Beothuk;Beothuk;x;
c_beothuk_adj;Beothuk;Beothuk;Beothuk;Beothuk;Beothuk;Beothuk;Beothuk;Beothuk;Beothuk;Beothuk;Beothuk;Beothuk;Beothuk;x;
b_beothuk;Beothuk;Beothuk;Beothuk;Beothuk;Beothuk;Beothuk;Beothuk;Beothuk;Beothuk;Beothuk;Beothuk;Beothuk;Beothuk;x;
b_qapskuk;Qapskuk;Qapskuk;Qapskuk;Qapskuk;Qapskuk;Qapskuk;Qapskuk;Qapskuk;Qapskuk;Qapskuk;Qapskuk;Qapskuk;Qapskuk;x;
b_paqtesm;Paqtesm;Paqtesm;Paqtesm;Paqtesm;Paqtesm;Paqtesm;Paqtesm;Paqtesm;Paqtesm;Paqtesm;Paqtesm;Paqtesm;Paqtesm;x;
b_sulumgw;Sulumgw;Sulumgw;Sulumgw;Sulumgw;Sulumgw;Sulumgw;Sulumgw;Sulumgw;Sulumgw;Sulumgw;Sulumgw;Sulumgw;Sulumgw;x;
b_nipgasoqomasit;Nipgasoqomasit;Nipgasoqomasit;Nipgasoqomasit;Nipgasoqomasit;Nipgasoqomasit;Nipgasoqomasit;Nipgasoqomasit;Nipgasoqomasit;Nipgasoqomasit;Nipgasoqomasit;Nipgasoqomasit;Nipgasoqomasit;Nipgasoqomasit;x;
b_masgwesgospem;Masgwesgospem;Masgwesgospem;Masgwesgospem;Masgwesgospem;Masgwesgospem;Masgwesgospem;Masgwesgospem;Masgwesgospem;Masgwesgospem;Masgwesgospem;Masgwesgospem;Masgwesgospem;Masgwesgospem;x;
b_usgus;Usgus;Usgus;Usgus;Usgus;Usgus;Usgus;Usgus;Usgus;Usgus;Usgus;Usgus;Usgus;Usgus;x;
c_wabana;Wabana;Wabana;Wabana;Wabana;Wabana;Wabana;Wabana;Wabana;Wabana;Wabana;Wabana;Wabana;Wabana;x;
c_wabana_adj;Wabana;Wabana;Wabana;Wabana;Wabana;Wabana;Wabana;Wabana;Wabana;Wabana;Wabana;Wabana;Wabana;x;
b_wabana;Wabana;Wabana;Wabana;Wabana;Wabana;Wabana;Wabana;Wabana;Wabana;Wabana;Wabana;Wabana;Wabana;x;
b_miawpukek;Miawpukek;Miawpukek;Miawpukek;Miawpukek;Miawpukek;Miawpukek;Miawpukek;Miawpukek;Miawpukek;Miawpukek;Miawpukek;Miawpukek;Miawpukek;x;
b_samiaji;Samiaji;Samiaji;Samiaji;Samiaji;Samiaji;Samiaji;Samiaji;Samiaji;Samiaji;Samiaji;Samiaji;Samiaji;Samiaji;x;
b_jeddore;Jeddore;Jeddore;Jeddore;Jeddore;Jeddore;Jeddore;Jeddore;Jeddore;Jeddore;Jeddore;Jeddore;Jeddore;Jeddore;x;
b_jipujijkuei;Jipujijkuei;Jipujijkuei;Jipujijkuei;Jipujijkuei;Jipujijkuei;Jipujijkuei;Jipujijkuei;Jipujijkuei;Jipujijkuei;Jipujijkuei;Jipujijkuei;Jipujijkuei;Jipujijkuei;x;
b_wapusgospem;Wapusgospem;Wapusgospem;Wapusgospem;Wapusgospem;Wapusgospem;Wapusgospem;Wapusgospem;Wapusgospem;Wapusgospem;Wapusgospem;Wapusgospem;Wapusgospem;Wapusgospem;x;
b_gegupnguntew;Gegupnguntew;Gegupnguntew;Gegupnguntew;Gegupnguntew;Gegupnguntew;Gegupnguntew;Gegupnguntew;Gegupnguntew;Gegupnguntew;Gegupnguntew;Gegupnguntew;Gegupnguntew;Gegupnguntew;x;
c_wenjuikjikan;Wenjuikjikan;Wenjuikjikan;Wenjuikjikan;Wenjuikjikan;Wenjuikjikan;Wenjuikjikan;Wenjuikjikan;Wenjuikjikan;Wenjuikjikan;Wenjuikjikan;Wenjuikjikan;Wenjuikjikan;Wenjuikjikan;x;
c_wenjuikjikan_adj;Wenjuikjikan;Wenjuikjikan;Wenjuikjikan;Wenjuikjikan;Wenjuikjikan;Wenjuikjikan;Wenjuikjikan;Wenjuikjikan;Wenjuikjikan;Wenjuikjikan;Wenjuikjikan;Wenjuikjikan;Wenjuikjikan;x;
b_wenjuikjikan;Wenjuikjikan;Wenjuikjikan;Wenjuikjikan;Wenjuikjikan;Wenjuikjikan;Wenjuikjikan;Wenjuikjikan;Wenjuikjikan;Wenjuikjikan;Wenjuikjikan;Wenjuikjikan;Wenjuikjikan;Wenjuikjikan;x;
b_mikliin;Mikliin;Mikliin;Mikliin;Mikliin;Mikliin;Mikliin;Mikliin;Mikliin;Mikliin;Mikliin;Mikliin;Mikliin;Mikliin;x;
b_senpir;Senpir;Senpir;Senpir;Senpir;Senpir;Senpir;Senpir;Senpir;Senpir;Senpir;Senpir;Senpir;Senpir;x;
b_lmujteg;Lmujteg;Lmujteg;Lmujteg;Lmujteg;Lmujteg;Lmujteg;Lmujteg;Lmujteg;Lmujteg;Lmujteg;Lmujteg;Lmujteg;Lmujteg;x;
b_apjijgmuj;Apjijgmuj;Apjijgmuj;Apjijgmuj;Apjijgmuj;Apjijgmuj;Apjijgmuj;Apjijgmuj;Apjijgmuj;Apjijgmuj;Apjijgmuj;Apjijgmuj;Apjijgmuj;Apjijgmuj;x;
b_megwasitm;Megwasitm;Megwasitm;Megwasitm;Megwasitm;Megwasitm;Megwasitm;Megwasitm;Megwasitm;Megwasitm;Megwasitm;Megwasitm;Megwasitm;Megwasitm;x;
b_asugwesugwijig;Asugwesugwijig;Asugwesugwijig;Asugwesugwijig;Asugwesugwijig;Asugwesugwijig;Asugwesugwijig;Asugwesugwijig;Asugwesugwijig;Asugwesugwijig;Asugwesugwijig;Asugwesugwijig;Asugwesugwijig;Asugwesugwijig;x;
d_akadie;Akadie;Akadie;Akadie;Akadie;Akadie;Akadie;Akadie;Akadie;Akadie;Akadie;Akadie;Akadie;Akadie;x;
d_akadie_adj;Akadie;Akadie;Akadie;Akadie;Akadie;Akadie;Akadie;Akadie;Akadie;Akadie;Akadie;Akadie;Akadie;x;
c_unamakik;Unamakik;Unamakik;Unamakik;Unamakik;Unamakik;Unamakik;Unamakik;Unamakik;Unamakik;Unamakik;Unamakik;Unamakik;Unamakik;x;
c_unamakik_adj;Unamakik;Unamakik;Unamakik;Unamakik;Unamakik;Unamakik;Unamakik;Unamakik;Unamakik;Unamakik;Unamakik;Unamakik;Unamakik;x;
b_mniku;Mniku;Mniku;Mniku;Mniku;Mniku;Mniku;Mniku;Mniku;Mniku;Mniku;Mniku;Mniku;Mniku;x;
b_cibou;Cibou;Cibou;Cibou;Cibou;Cibou;Cibou;Cibou;Cibou;Cibou;Cibou;Cibou;Cibou;Cibou;x;
b_potlotek;Potlotek;Potlotek;Potlotek;Potlotek;Potlotek;Potlotek;Potlotek;Potlotek;Potlotek;Potlotek;Potlotek;Potlotek;Potlotek;x;
b_eskasoni;Eskasoni;Eskasoni;Eskasoni;Eskasoni;Eskasoni;Eskasoni;Eskasoni;Eskasoni;Eskasoni;Eskasoni;Eskasoni;Eskasoni;Eskasoni;x;
b_maupeltuk;Maupeltuk;Maupeltuk;Maupeltuk;Maupeltuk;Maupeltuk;Maupeltuk;Maupeltuk;Maupeltuk;Maupeltuk;Maupeltuk;Maupeltuk;Maupeltuk;Maupeltuk;x;
b_waycobah;Waycobah;Waycobah;Waycobah;Waycobah;Waycobah;Waycobah;Waycobah;Waycobah;Waycobah;Waycobah;Waycobah;Waycobah;Waycobah;x;
b_malabokek;Malabokek;Malabokek;Malabokek;Malabokek;Malabokek;Malabokek;Malabokek;Malabokek;Malabokek;Malabokek;Malabokek;Malabokek;Malabokek;x;
c_eskikewakik;Eskikewakik;Eskikewakik;Eskikewakik;Eskikewakik;Eskikewakik;Eskikewakik;Eskikewakik;Eskikewakik;Eskikewakik;Eskikewakik;Eskikewakik;Eskikewakik;Eskikewakik;x;
c_eskikewakik_adj;Eskikewakik;Eskikewakik;Eskikewakik;Eskikewakik;Eskikewakik;Eskikewakik;Eskikewakik;Eskikewakik;Eskikewakik;Eskikewakik;Eskikewakik;Eskikewakik;Eskikewakik;x;
b_pogumkek;Pogumkek;Pogumkek;Pogumkek;Pogumkek;Pogumkek;Pogumkek;Pogumkek;Pogumkek;Pogumkek;Pogumkek;Pogumkek;Pogumkek;Pogumkek;x;
b_ecumsecum;Ecumsecum;Ecumsecum;Ecumsecum;Ecumsecum;Ecumsecum;Ecumsecum;Ecumsecum;Ecumsecum;Ecumsecum;Ecumsecum;Ecumsecum;Ecumsecum;Ecumsecum;x;
b_noogoomkeak;Noogoomkeak;Noogoomkeak;Noogoomkeak;Noogoomkeak;Noogoomkeak;Noogoomkeak;Noogoomkeak;Noogoomkeak;Noogoomkeak;Noogoomkeak;Noogoomkeak;Noogoomkeak;Noogoomkeak;x;
b_chedabuctou;Chedabuctou;Chedabuctou;Chedabuctou;Chedabuctou;Chedabuctou;Chedabuctou;Chedabuctou;Chedabuctou;Chedabuctou;Chedabuctou;Chedabuctou;Chedabuctou;Chedabuctou;x;
b_musquodoboit;Musquodoboit;Musquodoboit;Musquodoboit;Musquodoboit;Musquodoboit;Musquodoboit;Musquodoboit;Musquodoboit;Musquodoboit;Musquodoboit;Musquodoboit;Musquodoboit;Musquodoboit;x;
b_kamsok;Kamsok;Kamsok;Kamsok;Kamsok;Kamsok;Kamsok;Kamsok;Kamsok;Kamsok;Kamsok;Kamsok;Kamsok;Kamsok;x;
b_stewiacke;Stewiacke;Stewiacke;Stewiacke;Stewiacke;Stewiacke;Stewiacke;Stewiacke;Stewiacke;Stewiacke;Stewiacke;Stewiacke;Stewiacke;Stewiacke;x;
c_sipeknikatik;Sipeknikatik;Sipeknikatik;Sipeknikatik;Sipeknikatik;Sipeknikatik;Sipeknikatik;Sipeknikatik;Sipeknikatik;Sipeknikatik;Sipeknikatik;Sipeknikatik;Sipeknikatik;Sipeknikatik;x;
c_sipeknikatik_adj;Sipeknikatik;Sipeknikatik;Sipeknikatik;Sipeknikatik;Sipeknikatik;Sipeknikatik;Sipeknikatik;Sipeknikatik;Sipeknikatik;Sipeknikatik;Sipeknikatik;Sipeknikatik;Sipeknikatik;x;
b_sipeknikatik;Sipeknikatik;Sipeknikatik;Sipeknikatik;Sipeknikatik;Sipeknikatik;Sipeknikatik;Sipeknikatik;Sipeknikatik;Sipeknikatik;Sipeknikatik;Sipeknikatik;Sipeknikatik;Sipeknikatik;x;
b_kjipuktuk;Kjipuktuk;Kjipuktuk;Kjipuktuk;Kjipuktuk;Kjipuktuk;Kjipuktuk;Kjipuktuk;Kjipuktuk;Kjipuktuk;Kjipuktuk;Kjipuktuk;Kjipuktuk;Kjipuktuk;x;
b_kakagwek;Kakagwek;Kakagwek;Kakagwek;Kakagwek;Kakagwek;Kakagwek;Kakagwek;Kakagwek;Kakagwek;Kakagwek;Kakagwek;Kakagwek;Kakagwek;x;
b_wekistoqnik;Wekistoqnik;Wekistoqnik;Wekistoqnik;Wekistoqnik;Wekistoqnik;Wekistoqnik;Wekistoqnik;Wekistoqnik;Wekistoqnik;Wekistoqnik;Wekistoqnik;Wekistoqnik;Wekistoqnik;x;
b_kampalijek;Kampalijek;Kampalijek;Kampalijek;Kampalijek;Kampalijek;Kampalijek;Kampalijek;Kampalijek;Kampalijek;Kampalijek;KaKampalijekmsok;Kampalijek;Kampalijek;x;
b_pesikitk;Pesikitk;Pesikitk;Pesikitk;Pesikitk;Pesikitk;Pesikitk;Pesikitk;Pesikitk;Pesikitk;Pesikitk;Pesikitk;Pesikitk;Pesikitk;x;
b_jijuktukwejk;Jijuktukwejk;Jijuktukwejk;Jijuktukwejk;Jijuktukwejk;Jijuktukwejk;Jijuktukwejk;Jijuktukwejk;Jijuktukwejk;Jijuktukwejk;Jijuktukwejk;Jijuktukwejk;Jijuktukwejk;Jijuktukwejk;x;
c_kespukwitk;Kespukwitk;Kespukwitk;Kespukwitk;Kespukwitk;Kespukwitk;Kespukwitk;Kespukwitk;Kespukwitk;Kespukwitk;Kespukwitk;Kespukwitk;Kespukwitk;Kespukwitk;x;
c_kespukwitk_adj;Kespukwitk;Kespukwitk;Kespukwitk;Kespukwitk;Kespukwitk;Kespukwitk;Kespukwitk;Kespukwitk;Kespukwitk;Kespukwitk;Kespukwitk;Kespukwitk;Kespukwitk;x;
b_kespukwitk;Kespukwitk;Kespukwitk;Kespukwitk;Kespukwitk;Kespukwitk;Kespukwitk;Kespukwitk;Kespukwitk;Kespukwitk;Kespukwitk;Kespukwitk;Kespukwitk;Kespukwitk;x;
b_malikiaq;Malikiaq;Malikiaq;Malikiaq;Malikiaq;Malikiaq;Malikiaq;Malikiaq;Malikiaq;Malikiaq;Malikiaq;Malikiaq;Malikiaq;Malikiaq;x;
b_lsetkuk;Lsetkuk;Lsetkuk;Lsetkuk;Lsetkuk;Lsetkuk;Lsetkuk;Lsetkuk;Lsetkuk;Lsetkuk;Lsetkuk;Lsetkuk;Lsetkuk;Lsetkuk;x;
b_eelsetkook;Eelsetkook;Eelsetkook;Eelsetkook;Eelsetkook;Eelsetkook;Eelsetkook;Eelsetkook;Eelsetkook;Eelsetkook;Eelsetkook;Eelsetkook;Eelsetkook;Eelsetkook;x;
b_chijekwtook;Chijekwtook;Chijekwtook;Chijekwtook;Chijekwtook;Chijekwtook;Chijekwtook;Chijekwtook;Chijekwtook;Chijekwtook;Chijekwtook;Chijekwtook;Chijekwtook;Chijekwtook;x;
b_ponhook;Ponhook;Ponhook;Ponhook;Ponhook;Ponhook;Ponhook;Ponhook;Ponhook;Ponhook;Ponhook;Ponhook;Ponhook;Ponhook;x;
b_kejimkujik;Kejimkujik;Kejimkujik;Kejimkujik;Kejimkujik;Kejimkujik;Kejimkujik;Kejimkujik;Kejimkujik;Kejimkujik;Kejimkujik;Kejimkujik;Kejimkujik;Kejimkujik;x;
d_epekwitk;Epekwitk;Epekwitk;Epekwitk;Epekwitk;Epekwitk;Epekwitk;Epekwitk;Epekwitk;Epekwitk;Epekwitk;Epekwitk;Epekwitk;Epekwitk;x;
d_epekwitk_adj;Epekwitk;Epekwitk;Epekwitk;Epekwitk;Epekwitk;Epekwitk;Epekwitk;Epekwitk;Epekwitk;Epekwitk;Epekwitk;Epekwitk;Epekwitk;x;
c_epekwitk;Epekwitk;Epekwitk;Epekwitk;Epekwitk;Epekwitk;Epekwitk;Epekwitk;Epekwitk;Epekwitk;Epekwitk;Epekwitk;Epekwitk;Epekwitk;x;
c_epekwitk_adj;Epekwitk;Epekwitk;Epekwitk;Epekwitk;Epekwitk;Epekwitk;Epekwitk;Epekwitk;Epekwitk;Epekwitk;Epekwitk;Epekwitk;Epekwitk;x;
b_skaqmk;Skaqmk;Skaqmk;Skaqmk;Skaqmk;Skaqmk;Skaqmk;Skaqmk;Skaqmk;Skaqmk;Skaqmk;Skaqmk;Skaqmk;Skaqmk;x;
b_mimtugaak;Mimtugaak;Mimtugaak;Mimtugaak;Mimtugaak;Mimtugaak;Mimtugaak;Mimtugaak;Mimtugaak;Mimtugaak;Mimtugaak;Mimtugaak;Mimtugaak;Mimtugaak;x;
b_kadotpichk;Kadotpichk;Kadotpichk;Kadotpichk;Kadotpichk;Kadotpichk;Kadotpichk;Kadotpichk;Kadotpichk;Kadotpichk;Kadotpichk;Kadotpichk;Kadotpichk;Kadotpichk;x;
b_lnui_minegoo;Lnui Minegoo;Lnui Minegoo;Lnui Minegoo;Lnui Minegoo;Lnui Minegoo;Lnui Minegoo;Lnui Minegoo;Lnui Minegoo;Lnui Minegoo;Lnui Minegoo;Lnui Minegoo;Lnui Minegoo;Lnui Minegoo;x;
b_miscouche;Miscouche;Miscouche;Miscouche;Miscouche;Miscouche;Miscouche;Miscouche;Miscouche;Miscouche;Miscouche;Miscouche;Miscouche;Miscouche;x;
b_mtagunich;Mtagunich;Mtagunich;Mtagunich;Mtagunich;Mtagunich;Mtagunich;Mtagunich;Mtagunich;Mtagunich;Mtagunich;Mtagunich;Mtagunich;Mtagunich;x;
b_cascumpec;Cascumpec;Cascumpec;Cascumpec;Cascumpec;Cascumpec;Cascumpec;Cascumpec;Cascumpec;Cascumpec;Cascumpec;Cascumpec;Cascumpec;Cascumpec;x;
c_menagoesengo;Menagoesengo;Menagoesengo;Menagoesengo;Menagoesengo;Menagoesengo;Menagoesengo;Menagoesengo;Menagoesengo;Menagoesengo;Menagoesengo;Menagoesengo;Menagoesengo;Menagoesengo;x;
c_menagoesengo_adj;Menagoesengo;Menagoesengo;Menagoesengo;Menagoesengo;Menagoesengo;Menagoesengo;Menagoesengo;Menagoesengo;Menagoesengo;Menagoesengo;Menagoesengo;Menagoesengo;Menagoesengo;x;
b_menagoesengo;Menagoesengo;Menagoesengo;Menagoesengo;Menagoesengo;Menagoesengo;Menagoesengo;Menagoesengo;Menagoesengo;Menagoesengo;Menagoesengo;Menagoesengo;Menagoesengo;Menagoesengo;x;
b_sitmwaspu;Sitmwaspu;Sitmwaspu;Sitmwaspu;Sitmwaspu;Sitmwaspu;Sitmwaspu;Sitmwaspu;Sitmwaspu;Sitmwaspu;Sitmwaspu;Sitmwaspu;Sitmwaspu;Sitmwaspu;x;
b_gloqontiejik;Gloqontiejik;Gloqontiejik;Gloqontiejik;Gloqontiejik;Gloqontiejik;Gloqontiejik;Gloqontiejik;Gloqontiejik;Gloqontiejik;Gloqontiejik;Gloqontiejik;Gloqontiejik;Gloqontiejik;x;
b_maqatgwig;Maqatgwig;Maqatgwig;Maqatgwig;Maqatgwig;Maqatgwig;Maqatgwig;Maqatgwig;Maqatgwig;Maqatgwig;Maqatgwig;Maqatgwig;Maqatgwig;Maqatgwig;x;
b_pogwin;Pogwin;Pogwin;Pogwin;Pogwin;Pogwin;Pogwin;Pogwin;Pogwin;Pogwin;Pogwin;Pogwin;Pogwin;Pogwin;x;
b_putpatuomg;Putpatuomg;Putpatuomg;Putpatuomg;Putpatuomg;Putpatuomg;Putpatuomg;Putpatuomg;Putpatuomg;Putpatuomg;Putpatuomg;Putpatuomg;Putpatuomg;Putpatuomg;x;
b_gateweget;Gateweget;Gateweget;Gateweget;Gateweget;Gateweget;Gateweget;Gateweget;Gateweget;Gateweget;Gateweget;Gateweget;Gateweget;Gateweget;x;
c_piktuk;Piktuk;Piktuk;Piktuk;Piktuk;Piktuk;Piktuk;Piktuk;Piktuk;Piktuk;Piktuk;Piktuk;Piktuk;Piktuk;x;
c_piktuk_adj;Piktuk;Piktuk;Piktuk;Piktuk;Piktuk;Piktuk;Piktuk;Piktuk;Piktuk;Piktuk;Piktuk;Piktuk;Piktuk;x;
b_piktuk;Piktuk;Piktuk;Piktuk;Piktuk;Piktuk;Piktuk;Piktuk;Piktuk;Piktuk;Piktuk;Piktuk;Piktuk;Piktuk;x;
b_wekopekwitk;Wekopekwitk;Wekopekwitk;Wekopekwitk;Wekopekwitk;Wekopekwitk;Wekopekwitk;Wekopekwitk;Wekopekwitk;Wekopekwitk;Wekopekwitk;Wekopekwitk;Wekopekwitk;Wekopekwitk;x;
b_paqtnkek;Paqtnkek;Paqtnkek;Paqtnkek;Paqtnkek;Paqtnkek;Paqtnkek;Paqtnkek;Paqtnkek;Paqtnkek;Paqtnkek;Paqtnkek;Paqtnkek;Paqtnkek;x;
b_nemcheboogwek;Nemcheboogwek;Nemcheboogwek;Nemcheboogwek;Nemcheboogwek;Nemcheboogwek;Nemcheboogwek;Nemcheboogwek;Nemcheboogwek;Nemcheboogwek;Nemcheboogwek;Nemcheboogwek;Nemcheboogwek;Nemcheboogwek;x;
b_puksaqteknekatik;Puksaqteknekatik;Puksaqteknekatik;Puksaqteknekatik;Puksaqteknekatik;Puksaqteknekatik;Puksaqteknekatik;Puksaqteknekatik;Puksaqteknekatik;Puksaqteknekatik;Puksaqteknekatik;Puksaqteknekatik;Puksaqteknekatik;Puksaqteknekatik;x;
b_chignecto;Chignecto;Chignecto;Chignecto;Chignecto;Chignecto;Chignecto;Chignecto;Chignecto;Chignecto;Chignecto;Chignecto;Chignecto;Chignecto;x;
b_pagweak;Pagweak;Pagweak;Pagweak;Pagweak;Pagweak;Pagweak;Pagweak;Pagweak;Pagweak;Pagweak;Pagweak;Pagweak;Pagweak;x;
d_kespek;Kespek;Kespek;Kespek;Kespek;Kespek;Kespek;Kespek;Kespek;Kespek;Kespek;Kespek;Kespek;Kespek;x;
d_kespek_adj;Kespek;Kespek;Kespek;Kespek;Kespek;Kespek;Kespek;Kespek;Kespek;Kespek;Kespek;Kespek;Kespek;x;
c_kespek;Kespek;Kespek;Kespek;Kespek;Kespek;Kespek;Kespek;Kespek;Kespek;Kespek;Kespek;Kespek;Kespek;x;
c_kespek_adj;Kespek;Kespek;Kespek;Kespek;Kespek;Kespek;Kespek;Kespek;Kespek;Kespek;Kespek;Kespek;Kespek;x;
b_kespek;Kespek;Kespek;Kespek;Kespek;Kespek;Kespek;Kespek;Kespek;Kespek;Kespek;Kespek;Kespek;Kespek;x;
b_wisiamkik;Wisiamkik;Wisiamkik;Wisiamkik;Wisiamkik;Wisiamkik;Wisiamkik;Wisiamkik;Wisiamkik;Wisiamkik;Wisiamkik;Wisiamkik;Wisiamkik;Wisiamkik;x;
b_keskapekiaq;Keskapekiaq;Keskapekiaq;Keskapekiaq;Keskapekiaq;Keskapekiaq;Keskapekiaq;Keskapekiaq;Keskapekiaq;Keskapekiaq;Keskapekiaq;Keskapekiaq;Keskapekiaq;Keskapekiaq;x;
b_listikujk;Listikujk;Listikujk;Listikujk;Listikujk;Listikujk;Listikujk;Listikujk;Listikujk;Listikujk;Listikujk;Listikujk;Listikujk;Listikujk;x;
b_kekwapskuk;Kekwapskuk;Kekwapskuk;Kekwapskuk;Kekwapskuk;Kekwapskuk;Kekwapskuk;Kekwapskuk;Kekwapskuk;Kekwapskuk;Kekwapskuk;Kekwapskuk;Kekwapskuk;Kekwapskuk;x;
b_wospegiak;Wospegiak;Wospegiak;Wospegiak;Wospegiak;Wospegiak;Wospegiak;Wospegiak;Wospegiak;Wospegiak;Wospegiak;Wospegiak;Wospegiak;Wospegiak;x;
b_sigsog;Sigsog;Sigsog;Sigsog;Sigsog;Sigsog;Sigsog;Sigsog;Sigsog;Sigsog;Sigsog;Sigsog;Sigsog;Sigsog;x;
c_siknikt;Siknikt;Siknikt;Siknikt;Siknikt;Siknikt;Siknikt;Siknikt;Siknikt;Siknikt;Siknikt;Siknikt;Siknikt;Siknikt;x;
c_siknikt_adj;Siknikt;Siknikt;Siknikt;Siknikt;Siknikt;Siknikt;Siknikt;Siknikt;Siknikt;Siknikt;Siknikt;Siknikt;Siknikt;x;
b_natuaqanek;Natuaqanek;Natuaqanek;Natuaqanek;Natuaqanek;Natuaqanek;Natuaqanek;Natuaqanek;Natuaqanek;Natuaqanek;Natuaqanek;Natuaqanek;Natuaqanek;Natuaqanek;x;
b_petkootkweak;Petkootkweak;Petkootkweak;Petkootkweak;Petkootkweak;Petkootkweak;Petkootkweak;Petkootkweak;Petkootkweak;Petkootkweak;Petkootkweak;Petkootkweak;Petkootkweak;Petkootkweak;x;
b_eskinuopitijk;Eskinuopitijk;Eskinuopitijk;Eskinuopitijk;Eskinuopitijk;Eskinuopitijk;Eskinuopitijk;Eskinuopitijk;Eskinuopitijk;Eskinuopitijk;Eskinuopitijk;Eskinuopitijk;Eskinuopitijk;Eskinuopitijk;x;
b_metepnakiaq;Metepnakiaq;Metepnakiaq;Metepnakiaq;Metepnakiaq;Metepnakiaq;Metepnakiaq;Metepnakiaq;Metepnakiaq;Metepnakiaq;Metepnakiaq;Metepnakiaq;Metepnakiaq;Metepnakiaq;x;
b_lsipuktuk;Lsipuktuk;Lsipuktuk;Lsipuktuk;Lsipuktuk;Lsipuktuk;Lsipuktuk;Lsipuktuk;Lsipuktuk;Lsipuktuk;Lsipuktuk;Lsipuktuk;Lsipuktuk;Lsipuktuk;x;
b_ugpiganjig;Ugpiganjig;Ugpiganjig;Ugpiganjig;Ugpiganjig;Ugpiganjig;Ugpiganjig;Ugpiganjig;Ugpiganjig;Ugpiganjig;Ugpiganjig;Ugpiganjig;Ugpiganjig;Ugpiganjig;x;
b_puktusk;Puktusk;Puktusk;Puktusk;Puktusk;Puktusk;Puktusk;Puktusk;Puktusk;Puktusk;Puktusk;Puktusk;Puktusk;Puktusk;x;
c_natigosteg;Natigosteg;Natigosteg;Natigosteg;Natigosteg;Natigosteg;Natigosteg;Natigosteg;Natigosteg;Natigosteg;Natigosteg;Natigosteg;Natigosteg;Natigosteg;x;
c_natigosteg_adj;Natigosteg;Natigosteg;Natigosteg;Natigosteg;Natigosteg;Natigosteg;Natigosteg;Natigosteg;Natigosteg;Natigosteg;Natigosteg;Natigosteg;Natigosteg;x;
b_natigosteg;Natigosteg;Natigosteg;Natigosteg;Natigosteg;Natigosteg;Natigosteg;Natigosteg;Natigosteg;Natigosteg;Natigosteg;Natigosteg;Natigosteg;Natigosteg;x;
b_kakawis;Kakawis;Kakawis;Kakawis;Kakawis;Kakawis;Kakawis;Kakawis;Kakawis;Kakawis;Kakawis;Kakawis;Kakawis;Kakawis;x;
b_lstgug;Lstgug;Lstgug;Lstgug;Lstgug;Lstgug;Lstgug;Lstgug;Lstgug;Lstgug;Lstgug;Lstgug;Lstgug;Lstgug;x;
b_najitiamuin;Najitiamuin;Najitiamuin;Najitiamuin;Najitiamuin;Najitiamuin;Najitiamuin;Najitiamuin;Najitiamuin;Najitiamuin;Najitiamuin;Najitiamuin;Najitiamuin;Najitiamuin;x;
b_tiamugwet;Tiamugwet;Tiamugwet;Tiamugwet;Tiamugwet;Tiamugwet;Tiamugwet;Tiamugwet;Tiamugwet;Tiamugwet;Tiamugwet;Tiamugwet;Tiamugwet;Tiamugwet;x;
b_najigateget;Najigateget;Najigateget;Najigateget;Najigateget;Najigateget;Najigateget;Najigateget;Najigateget;Najigateget;Najigateget;Najigateget;Najigateget;Najigateget;x;
b_amaljugwej;Amaljugwej;Amaljugwej;Amaljugwej;Amaljugwej;Amaljugwej;Amaljugwej;Amaljugwej;Amaljugwej;Amaljugwej;Amaljugwej;Amaljugwej;Amaljugwej;Amaljugwej;x;
