k_swahili;Swahili;Swahili;Swahili;Swahili;Swahili;Swahili;Swahili;Swahili;Swahili;Swahili;Swahili;Swahili;Swahili;x
k_swahili_adj;Swahili;Swahili;Swahili;Swahili;Swahili;Swahili;Swahili;Swahili;Swahili;Swahili;Swahili;Swahili;Swahili;x
d_kilwa;Kilwa;Kilwa;Kilwa;Kilwa;Kilwa;Kilwa;Kilwa;Kilwa;Kilwa;Kilwa;Kilwa;Kilwa;Kilwa;x
d_kilwa_adj;Kilwa;Kilwa;Kilwa;Kilwa;Kilwa;Kilwa;Kilwa;Kilwa;Kilwa;Kilwa;Kilwa;Kilwa;Kilwa;x
c_kilwa;Kilwa;Kilwa;Kilwa;Kilwa;Kilwa;Kilwa;Kilwa;Kilwa;Kilwa;Kilwa;Kilwa;Kilwa;Kilwa;x
c_kilwa_adj;Kilwa;Kilwa;Kilwa;Kilwa;Kilwa;Kilwa;Kilwa;Kilwa;Kilwa;Kilwa;Kilwa;Kilwa;Kilwa;x
b_kilwa_kisiwani;Kilwa Kisiwani;Kilwa Kisiwani;Kilwa Kisiwani;Kilwa Kisiwani;Kilwa Kisiwani;Kilwa Kisiwani;Kilwa Kisiwani;Kilwa Kisiwani;Kilwa Kisiwani;Kilwa Kisiwani;Kilwa Kisiwani;Kilwa Kisiwani;Kilwa Kisiwani;x
b_sanje;Sanje;Sanje;Sanje;Sanje;Sanje;Sanje;Sanje;Sanje;Sanje;Sanje;Sanje;Sanje;Sanje;x
b_magoma;Magoma;Magoma;Magoma;Magoma;Magoma;Magoma;Magoma;Magoma;Magoma;Magoma;Magoma;Magoma;Magoma;x
b_kilwa_kivinje;Kilwa Kivinje;Kilwa Kivinje;Kilwa Kivinje;Kilwa Kivinje;Kilwa Kivinje;Kilwa Kivinje;Kilwa Kivinje;Kilwa Kivinje;Kilwa Kivinje;Kilwa Kivinje;Kilwa Kivinje;Kilwa Kivinje;Kilwa Kivinje;x
b_kizimbani;Kizimbani;Kizimbani;Kizimbani;Kizimbani;Kizimbani;Kizimbani;Kizimbani;Kizimbani;Kizimbani;Kizimbani;Kizimbani;Kizimbani;Kizimbani;x
b_kiwawa;Kiwawa;Kiwawa;Kiwawa;Kiwawa;Kiwawa;Kiwawa;Kiwawa;Kiwawa;Kiwawa;Kiwawa;Kiwawa;Kiwawa;Kiwawa;x
b_mitole;Mitole;Mitole;Mitole;Mitole;Mitole;Mitole;Mitole;Mitole;Mitole;Mitole;Mitole;Mitole;Mitole;x
b_kikundi;Kikundi;Kikundi;Kikundi;Kikundi;Kikundi;Kikundi;Kikundi;Kikundi;Kikundi;Kikundi;Kikundi;Kikundi;Kikundi;x
c_mafia;Mafia;Mafia;Mafia;Mafia;Mafia;Mafia;Mafia;Mafia;Mafia;Mafia;Mafia;Mafia;Mafia;x
c_mafia_adj;Mafia;Mafia;Mafia;Mafia;Mafia;Mafia;Mafia;Mafia;Mafia;Mafia;Mafia;Mafia;Mafia;x
b_kisimani_mafia;Kisimani Mafia;Kisimani Mafia;Kisimani Mafia;Kisimani Mafia;Kisimani Mafia;Kisimani Mafia;Kisimani Mafia;Kisimani Mafia;Kisimani Mafia;Kisimani Mafia;Kisimani Mafia;Kisimani Mafia;Kisimani Mafia;x
b_kwa;Kwa;Kwa;Kwa;Kwa;Kwa;Kwa;Kwa;Kwa;Kwa;Kwa;Kwa;Kwa;Kwa;x
b_bweni;Bweni;Bweni;Bweni;Bweni;Bweni;Bweni;Bweni;Bweni;Bweni;Bweni;Bweni;Bweni;Bweni;x
b_kikale;Kikale;Kikale;Kikale;Kikale;Kikale;Kikale;Kikale;Kikale;Kikale;Kikale;Kikale;Kikale;Kikale;x
b_ikwiriri;Ikwiriri;Ikwiriri;Ikwiriri;Ikwiriri;Ikwiriri;Ikwiriri;Ikwiriri;Ikwiriri;Ikwiriri;Ikwiriri;Ikwiriri;Ikwiriri;Ikwiriri;x
b_nyamwage;Nyamwage;Nyamwage;Nyamwage;Nyamwage;Nyamwage;Nyamwage;Nyamwage;Nyamwage;Nyamwage;Nyamwage;Nyamwage;Nyamwage;Nyamwage;x
b_kibiti;Kibiti;Kibiti;Kibiti;Kibiti;Kibiti;Kibiti;Kibiti;Kibiti;Kibiti;Kibiti;Kibiti;Kibiti;Kibiti;x
b_mchukwi;Mchukwi;Mchukwi;Mchukwi;Mchukwi;Mchukwi;Mchukwi;Mchukwi;Mchukwi;Mchukwi;Mchukwi;Mchukwi;Mchukwi;Mchukwi;x
c_mozambique;Mozambique;Mozambique;Mozambique;Mozambique;Mozambique;Mozambique;Mozambique;Mozambique;Mozambique;Mozambique;Mozambique;Mozambique;Mozambique;x
c_mozambique_adj;Mozambique;Mozambique;Mozambique;Mozambique;Mozambique;Mozambique;Mozambique;Mozambique;Mozambique;Mozambique;Mozambique;Mozambique;Mozambique;x
b_mozambique;Mozambique;Mozambique;Mozambique;Mozambique;Mozambique;Mozambique;Mozambique;Mozambique;Mozambique;Mozambique;Mozambique;Mozambique;Mozambique;x
b_lumbo;Lumbo;Lumbo;Lumbo;Lumbo;Lumbo;Lumbo;Lumbo;Lumbo;Lumbo;Lumbo;Lumbo;Lumbo;Lumbo;x
b_mossuril;Mossuril;Mossuril;Mossuril;Mossuril;Mossuril;Mossuril;Mossuril;Mossuril;Mossuril;Mossuril;Mossuril;Mossuril;Mossuril;x
b_monapo;Monapo;Monapo;Monapo;Monapo;Monapo;Monapo;Monapo;Monapo;Monapo;Monapo;Monapo;Monapo;Monapo;x
b_carapira;Carapira;Carapira;Carapira;Carapira;Carapira;Carapira;Carapira;Carapira;Carapira;Carapira;Carapira;Carapira;Carapira;x
b_nacala;Nacala;Nacala;Nacala;Nacala;Nacala;Nacala;Nacala;Nacala;Nacala;Nacala;Nacala;Nacala;Nacala;x
b_itoculo;Itoculo;Itoculo;Itoculo;Itoculo;Itoculo;Itoculo;Itoculo;Itoculo;Itoculo;Itoculo;Itoculo;Itoculo;Itoculo;x
b_memba;Memba;Memba;Memba;Memba;Memba;Memba;Memba;Memba;Memba;Memba;Memba;Memba;Memba;x
d_manda;Manda;Manda;Manda;Manda;Manda;Manda;Manda;Manda;Manda;Manda;Manda;Manda;Manda;x
d_manda_adj;Manda;Manda;Manda;Manda;Manda;Manda;Manda;Manda;Manda;Manda;Manda;Manda;Manda;x
c_manda;Manda;Manda;Manda;Manda;Manda;Manda;Manda;Manda;Manda;Manda;Manda;Manda;Manda;x
c_manda_adj;Manda;Manda;Manda;Manda;Manda;Manda;Manda;Manda;Manda;Manda;Manda;Manda;Manda;x
b_manda_manda;Manda;Manda;Manda;Manda;Manda;Manda;Manda;Manda;Manda;Manda;Manda;Manda;Manda;x
b_lamu;Lamu;Lamu;Lamu;Lamu;Lamu;Lamu;Lamu;Lamu;Lamu;Lamu;Lamu;Lamu;Lamu;x
b_kililana;Kililana;Kililana;Kililana;Kililana;Kililana;Kililana;Kililana;Kililana;Kililana;Kililana;Kililana;Kililana;Kililana;x
b_mokowe;Mokowe;Mokowe;Mokowe;Mokowe;Mokowe;Mokowe;Mokowe;Mokowe;Mokowe;Mokowe;Mokowe;Mokowe;Mokowe;x
b_jipe;Jipe;Jipe;Jipe;Jipe;Jipe;Jipe;Jipe;Jipe;Jipe;Jipe;Jipe;Jipe;Jipe;x
b_hidio;Hidio;Hidio;Hidio;Hidio;Hidio;Hidio;Hidio;Hidio;Hidio;Hidio;Hidio;Hidio;Hidio;x
b_shela;Shela;Shela;Shela;Shela;Shela;Shela;Shela;Shela;Shela;Shela;Shela;Shela;Shela;x
b_matondoni;Matondoni;Matondoni;Matondoni;Matondoni;Matondoni;Matondoni;Matondoni;Matondoni;Matondoni;Matondoni;Matondoni;Matondoni;Matondoni;x
c_pate;Pate;Pate;Pate;Pate;Pate;Pate;Pate;Pate;Pate;Pate;Pate;Pate;Pate;x
c_pate_adj;Pate;Pate;Pate;Pate;Pate;Pate;Pate;Pate;Pate;Pate;Pate;Pate;Pate;x
b_pate;Pate;Pate;Pate;Pate;Pate;Pate;Pate;Pate;Pate;Pate;Pate;Pate;Pate;x
b_faza;Faza;Faza;Faza;Faza;Faza;Faza;Faza;Faza;Faza;Faza;Faza;Faza;Faza;x
b_siyu;Siyu;Siyu;Siyu;Siyu;Siyu;Siyu;Siyu;Siyu;Siyu;Siyu;Siyu;Siyu;Siyu;x
b_kiwayu;Kiwayu;Kiwayu;Kiwayu;Kiwayu;Kiwayu;Kiwayu;Kiwayu;Kiwayu;Kiwayu;Kiwayu;Kiwayu;Kiwayu;Kiwayu;x
b_kizingitini;Kizingitini;Kizingitini;Kizingitini;Kizingitini;Kizingitini;Kizingitini;Kizingitini;Kizingitini;Kizingitini;Kizingitini;Kizingitini;Kizingitini;Kizingitini;x
b_kiangwe;Kiangwe;Kiangwe;Kiangwe;Kiangwe;Kiangwe;Kiangwe;Kiangwe;Kiangwe;Kiangwe;Kiangwe;Kiangwe;Kiangwe;Kiangwe;x
b_dodori;Dodori;Dodori;Dodori;Dodori;Dodori;Dodori;Dodori;Dodori;Dodori;Dodori;Dodori;Dodori;Dodori;x
b_ankish;Ankish;Ankish;Ankish;Ankish;Ankish;Ankish;Ankish;Ankish;Ankish;Ankish;Ankish;Ankish;Ankish;x
d_gedi;Gedi;Gedi;Gedi;Gedi;Gedi;Gedi;Gedi;Gedi;Gedi;Gedi;Gedi;Gedi;Gedi;x
d_gedi_adj;Gedi;Gedi;Gedi;Gedi;Gedi;Gedi;Gedi;Gedi;Gedi;Gedi;Gedi;Gedi;Gedi;x
c_gedi;Gedi;Gedi;Gedi;Gedi;Gedi;Gedi;Gedi;Gedi;Gedi;Gedi;Gedi;Gedi;Gedi;x
c_gedi_adj;Gedi;Gedi;Gedi;Gedi;Gedi;Gedi;Gedi;Gedi;Gedi;Gedi;Gedi;Gedi;Gedi;x
b_gedi;Gedi;Gedi;Gedi;Gedi;Gedi;Gedi;Gedi;Gedi;Gedi;Gedi;Gedi;Gedi;Gedi;x
b_kilifi;Kilifi;Kilifi;Kilifi;Kilifi;Kilifi;Kilifi;Kilifi;Kilifi;Kilifi;Kilifi;Kilifi;Kilifi;Kilifi;x
b_watamu;Watamu;Watamu;Watamu;Watamu;Watamu;Watamu;Watamu;Watamu;Watamu;Watamu;Watamu;Watamu;Watamu;x
b_uyombo;Uyombo;Uyombo;Uyombo;Uyombo;Uyombo;Uyombo;Uyombo;Uyombo;Uyombo;Uyombo;Uyombo;Uyombo;Uyombo;x
b_matsangoni;Matsangoni;Matsangoni;Matsangoni;Matsangoni;Matsangoni;Matsangoni;Matsangoni;Matsangoni;Matsangoni;Matsangoni;Matsangoni;Matsangoni;Matsangoni;x
b_sokoke;Sokoke;Sokoke;Sokoke;Sokoke;Sokoke;Sokoke;Sokoke;Sokoke;Sokoke;Sokoke;Sokoke;Sokoke;Sokoke;x
b_jaribuni;Jaribuni;Jaribuni;Jaribuni;Jaribuni;Jaribuni;Jaribuni;Jaribuni;Jaribuni;Jaribuni;Jaribuni;Jaribuni;Jaribuni;Jaribuni;x
b_takaungu;Takaungu;Takaungu;Takaungu;Takaungu;Takaungu;Takaungu;Takaungu;Takaungu;Takaungu;Takaungu;Takaungu;Takaungu;Takaungu;x
c_malindi;Malindi;Malindi;Malindi;Malindi;Malindi;Malindi;Malindi;Malindi;Malindi;Malindi;Malindi;Malindi;Malindi;x
c_malindi_adj;Malindi;Malindi;Malindi;Malindi;Malindi;Malindi;Malindi;Malindi;Malindi;Malindi;Malindi;Malindi;Malindi;x
b_malindi;Malindi;Malindi;Malindi;Malindi;Malindi;Malindi;Malindi;Malindi;Malindi;Malindi;Malindi;Malindi;Malindi;x
b_arabuko;Arabuko;Arabuko;Arabuko;Arabuko;Arabuko;Arabuko;Arabuko;Arabuko;Arabuko;Arabuko;Arabuko;Arabuko;Arabuko;x
b_dagamra;Dagamra;Dagamra;Dagamra;Dagamra;Dagamra;Dagamra;Dagamra;Dagamra;Dagamra;Dagamra;Dagamra;Dagamra;Dagamra;x
b_mambrui;Mambrui;Mambrui;Mambrui;Mambrui;Mambrui;Mambrui;Mambrui;Mambrui;Mambrui;Mambrui;Mambrui;Mambrui;Mambrui;x
b_gongoni;Gongoni;Gongoni;Gongoni;Gongoni;Gongoni;Gongoni;Gongoni;Gongoni;Gongoni;Gongoni;Gongoni;Gongoni;Gongoni;x
b_magarini;Magarini;Magarini;Magarini;Magarini;Magarini;Magarini;Magarini;Magarini;Magarini;Magarini;Magarini;Magarini;Magarini;x
b_marafa;Marafa;Marafa;Marafa;Marafa;Marafa;Marafa;Marafa;Marafa;Marafa;Marafa;Marafa;Marafa;Marafa;x
b_kakoneni;Kakoneni;Kakoneni;Kakoneni;Kakoneni;Kakoneni;Kakoneni;Kakoneni;Kakoneni;Kakoneni;Kakoneni;Kakoneni;Kakoneni;Kakoneni;x
c_mombasa;Mombasa;Mombasa;Mombasa;Mombasa;Mombasa;Mombasa;Mombasa;Mombasa;Mombasa;Mombasa;Mombasa;Mombasa;Mombasa;x
c_mombasa_adj;Mombasa;Mombasa;Mombasa;Mombasa;Mombasa;Mombasa;Mombasa;Mombasa;Mombasa;Mombasa;Mombasa;Mombasa;Mombasa;x
b_mombasa;Mombasa;Mombasa;Mombasa;Mombasa;Mombasa;Mombasa;Mombasa;Mombasa;Mombasa;Mombasa;Mombasa;Mombasa;Mombasa;x
b_mtwapa;Mtwapa;Mtwapa;Mtwapa;Mtwapa;Mtwapa;Mtwapa;Mtwapa;Mtwapa;Mtwapa;Mtwapa;Mtwapa;Mtwapa;Mtwapa;x
b_mazeras;Mazeras;Mazeras;Mazeras;Mazeras;Mazeras;Mazeras;Mazeras;Mazeras;Mazeras;Mazeras;Mazeras;Mazeras;Mazeras;x
b_bomani;Bomani;Bomani;Bomani;Bomani;Bomani;Bomani;Bomani;Bomani;Bomani;Bomani;Bomani;Bomani;Bomani;x
b_waa;Waa;Waa;Waa;Waa;Waa;Waa;Waa;Waa;Waa;Waa;Waa;Waa;Waa;x
b_tiwi;Tiwi;Tiwi;Tiwi;Tiwi;Tiwi;Tiwi;Tiwi;Tiwi;Tiwi;Tiwi;Tiwi;Tiwi;Tiwi;x
b_mienzeni;Mienzeni;Mienzeni;Mienzeni;Mienzeni;Mienzeni;Mienzeni;Mienzeni;Mienzeni;Mienzeni;Mienzeni;Mienzeni;Mienzeni;Mienzeni;x
b_mariakani;Mariakani;Mariakani;Mariakani;Mariakani;Mariakani;Mariakani;Mariakani;Mariakani;Mariakani;Mariakani;Mariakani;Mariakani;Mariakani;x
d_unguja;Unguja;Unguja;Unguja;Unguja;Unguja;Unguja;Unguja;Unguja;Unguja;Unguja;Unguja;Unguja;Unguja;x
d_unguja_adj;Unguja;Unguja;Unguja;Unguja;Unguja;Unguja;Unguja;Unguja;Unguja;Unguja;Unguja;Unguja;Unguja;x
c_unguja;Unguja;Unguja;Unguja;Unguja;Unguja;Unguja;Unguja;Unguja;Unguja;Unguja;Unguja;Unguja;Unguja;x
c_unguja_adj;Unguja;Unguja;Unguja;Unguja;Unguja;Unguja;Unguja;Unguja;Unguja;Unguja;Unguja;Unguja;Unguja;x
b_unguja;Unguja;Unguja;Unguja;Unguja;Unguja;Unguja;Unguja;Unguja;Unguja;Unguja;Unguja;Unguja;Unguja;x
b_kizimkazi;Kizimkazi;Kizimkazi;Kizimkazi;Kizimkazi;Kizimkazi;Kizimkazi;Kizimkazi;Kizimkazi;Kizimkazi;Kizimkazi;Kizimkazi;Kizimkazi;Kizimkazi;x
b_tampatu;Tampatu;Tampatu;Tampatu;Tampatu;Tampatu;Tampatu;Tampatu;Tampatu;Tampatu;Tampatu;Tampatu;Tampatu;Tampatu;x
b_nungwi;Nungwi;Nungwi;Nungwi;Nungwi;Nungwi;Nungwi;Nungwi;Nungwi;Nungwi;Nungwi;Nungwi;Nungwi;Nungwi;x
b_uroa;Uroa;Uroa;Uroa;Uroa;Uroa;Uroa;Uroa;Uroa;Uroa;Uroa;Uroa;Uroa;Uroa;x
b_pingwe;Pingwe;Pingwe;Pingwe;Pingwe;Pingwe;Pingwe;Pingwe;Pingwe;Pingwe;Pingwe;Pingwe;Pingwe;Pingwe;x
b_jambiani;Jambiani;Jambiani;Jambiani;Jambiani;Jambiani;Jambiani;Jambiani;Jambiani;Jambiani;Jambiani;Jambiani;Jambiani;Jambiani;x
b_fumba;Fumba;Fumba;Fumba;Fumba;Fumba;Fumba;Fumba;Fumba;Fumba;Fumba;Fumba;Fumba;Fumba;x
c_pemba;Pemba;Pemba;Pemba;Pemba;Pemba;Pemba;Pemba;Pemba;Pemba;Pemba;Pemba;Pemba;Pemba;x
c_pemba_adj;Pemba;Pemba;Pemba;Pemba;Pemba;Pemba;Pemba;Pemba;Pemba;Pemba;Pemba;Pemba;Pemba;x
b_pemba;Pemba;Pemba;Pemba;Pemba;Pemba;Pemba;Pemba;Pemba;Pemba;Pemba;Pemba;Pemba;Pemba;x
b_matumbini;Matumbini;Matumbini;Matumbini;Matumbini;Matumbini;Matumbini;Matumbini;Matumbini;Matumbini;Matumbini;Matumbini;Matumbini;Matumbini;x
b_mtangani;Mtangani;Mtangani;Mtangani;Mtangani;Mtangani;Mtangani;Mtangani;Mtangani;Mtangani;Mtangani;Mtangani;Mtangani;Mtangani;x
b_kiuyu;Kiuyu;Kiuyu;Kiuyu;Kiuyu;Kiuyu;Kiuyu;Kiuyu;Kiuyu;Kiuyu;Kiuyu;Kiuyu;Kiuyu;Kiuyu;x
b_kojana;Kojana;Kojana;Kojana;Kojana;Kojana;Kojana;Kojana;Kojana;Kojana;Kojana;Kojana;Kojana;Kojana;x
b_mkanjuni;Mkanjuni;Mkanjuni;Mkanjuni;Mkanjuni;Mkanjuni;Mkanjuni;Mkanjuni;Mkanjuni;Mkanjuni;Mkanjuni;Mkanjuni;Mkanjuni;Mkanjuni;x
b_panza;Panza;Panza;Panza;Panza;Panza;Panza;Panza;Panza;Panza;Panza;Panza;Panza;Panza;x
b_mkoani;Mkoani;Mkoani;Mkoani;Mkoani;Mkoani;Mkoani;Mkoani;Mkoani;Mkoani;Mkoani;Mkoani;Mkoani;Mkoani;x
c_pangani;Pangani;Pangani;Pangani;Pangani;Pangani;Pangani;Pangani;Pangani;Pangani;Pangani;Pangani;Pangani;Pangani;x
c_pangani_adj;Pangani;Pangani;Pangani;Pangani;Pangani;Pangani;Pangani;Pangani;Pangani;Pangani;Pangani;Pangani;Pangani;x
b_pangani;Pangani;Pangani;Pangani;Pangani;Pangani;Pangani;Pangani;Pangani;Pangani;Pangani;Pangani;Pangani;Pangani;x
b_kaple;Kaple;Kaple;Kaple;Kaple;Kaple;Kaple;Kaple;Kaple;Kaple;Kaple;Kaple;Kaple;Kaple;x
b_tanga;Tanga;Tanga;Tanga;Tanga;Tanga;Tanga;Tanga;Tanga;Tanga;Tanga;Tanga;Tanga;Tanga;x
b_bagamoyo;Bagamoyo;Bagamoyo;Bagamoyo;Bagamoyo;Bagamoyo;Bagamoyo;Bagamoyo;Bagamoyo;Bagamoyo;Bagamoyo;Bagamoyo;Bagamoyo;Bagamoyo;x
b_mkwaja;Mkwaja;Mkwaja;Mkwaja;Mkwaja;Mkwaja;Mkwaja;Mkwaja;Mkwaja;Mkwaja;Mkwaja;Mkwaja;Mkwaja;Mkwaja;x
b_saadani;Saadani;Saadani;Saadani;Saadani;Saadani;Saadani;Saadani;Saadani;Saadani;Saadani;Saadani;Saadani;Saadani;x
b_mvomero;Mvomero;Mvomero;Mvomero;Mvomero;Mvomero;Mvomero;Mvomero;Mvomero;Mvomero;Mvomero;Mvomero;Mvomero;Mvomero;x
b_yambe;Yambe;Yambe;Yambe;Yambe;Yambe;Yambe;Yambe;Yambe;Yambe;Yambe;Yambe;Yambe;Yambe;x
d_sofala;Sofala;Sofala;Sofala;Sofala;Sofala;Sofala;Sofala;Sofala;Sofala;Sofala;Sofala;Sofala;Sofala;x
d_sofala_adj;Sofala;Sofala;Sofala;Sofala;Sofala;Sofala;Sofala;Sofala;Sofala;Sofala;Sofala;Sofala;Sofala;x
c_sofala;Sofala;Sofala;Sofala;Sofala;Sofala;Sofala;Sofala;Sofala;Sofala;Sofala;Sofala;Sofala;Sofala;x
c_sofala_adj;Sofala;Sofala;Sofala;Sofala;Sofala;Sofala;Sofala;Sofala;Sofala;Sofala;Sofala;Sofala;Sofala;x
b_sofala;Sofala;Sofala;Sofala;Sofala;Sofala;Sofala;Sofala;Sofala;Sofala;Sofala;Sofala;Sofala;Sofala;x
b_dondo;Dondo;Dondo;Dondo;Dondo;Dondo;Dondo;Dondo;Dondo;Dondo;Dondo;Dondo;Dondo;Dondo;x
b_mafambisse;Mafambisse;Mafambisse;Mafambisse;Mafambisse;Mafambisse;Mafambisse;Mafambisse;Mafambisse;Mafambisse;Mafambisse;Mafambisse;Mafambisse;Mafambisse;x
b_muanza;Muanza;Muanza;Muanza;Muanza;Muanza;Muanza;Muanza;Muanza;Muanza;Muanza;Muanza;Muanza;Muanza;x
b_tica;Tica;Tica;Tica;Tica;Tica;Tica;Tica;Tica;Tica;Tica;Tica;Tica;Tica;x
b_chitengo;Chitengo;Chitengo;Chitengo;Chitengo;Chitengo;Chitengo;Chitengo;Chitengo;Chitengo;Chitengo;Chitengo;Chitengo;Chitengo;x
b_componi;Componi;Componi;Componi;Componi;Componi;Componi;Componi;Componi;Componi;Componi;Componi;Componi;Componi;x
b_inchope;Inchope;Inchope;Inchope;Inchope;Inchope;Inchope;Inchope;Inchope;Inchope;Inchope;Inchope;Inchope;Inchope;x
c_quelimane;Quelimane;Quelimane;Quelimane;Quelimane;Quelimane;Quelimane;Quelimane;Quelimane;Quelimane;Quelimane;Quelimane;Quelimane;Quelimane;x
c_quelimane_adj;Quelimane;Quelimane;Quelimane;Quelimane;Quelimane;Quelimane;Quelimane;Quelimane;Quelimane;Quelimane;Quelimane;Quelimane;Quelimane;x
b_quelimane;Quelimane;Quelimane;Quelimane;Quelimane;Quelimane;Quelimane;Quelimane;Quelimane;Quelimane;Quelimane;Quelimane;Quelimane;Quelimane;x
b_macuze;Macuze;Macuze;Macuze;Macuze;Macuze;Macuze;Macuze;Macuze;Macuze;Macuze;Macuze;Macuze;Macuze;x
b_namacurra;Namacurra;Namacurra;Namacurra;Namacurra;Namacurra;Namacurra;Namacurra;Namacurra;Namacurra;Namacurra;Namacurra;Namacurra;Namacurra;x
b_chinde;Chinde;Chinde;Chinde;Chinde;Chinde;Chinde;Chinde;Chinde;Chinde;Chinde;Chinde;Chinde;Chinde;x
b_luabo;Luabo;Luabo;Luabo;Luabo;Luabo;Luabo;Luabo;Luabo;Luabo;Luabo;Luabo;Luabo;Luabo;x
b_marromeu;Marromeu;Marromeu;Marromeu;Marromeu;Marromeu;Marromeu;Marromeu;Marromeu;Marromeu;Marromeu;Marromeu;Marromeu;Marromeu;x
b_capenga;Capenga;Capenga;Capenga;Capenga;Capenga;Capenga;Capenga;Capenga;Capenga;Capenga;Capenga;Capenga;Capenga;x
b_chupanga;Chupanga;Chupanga;Chupanga;Chupanga;Chupanga;Chupanga;Chupanga;Chupanga;Chupanga;Chupanga;Chupanga;Chupanga;Chupanga;x
c_angoche;Angoche;Angoche;Angoche;Angoche;Angoche;Angoche;Angoche;Angoche;Angoche;Angoche;Angoche;Angoche;Angoche;x
c_angoche_adj;Angoche;Angoche;Angoche;Angoche;Angoche;Angoche;Angoche;Angoche;Angoche;Angoche;Angoche;Angoche;Angoche;x
b_angoche;Angoche;Angoche;Angoche;Angoche;Angoche;Angoche;Angoche;Angoche;Angoche;Angoche;Angoche;Angoche;Angoche;x
b_marue;Marue;Marue;Marue;Marue;Marue;Marue;Marue;Marue;Marue;Marue;Marue;Marue;Marue;x
b_quinga;Quinga;Quinga;Quinga;Quinga;Quinga;Quinga;Quinga;Quinga;Quinga;Quinga;Quinga;Quinga;Quinga;x
b_liupo;Liupo;Liupo;Liupo;Liupo;Liupo;Liupo;Liupo;Liupo;Liupo;Liupo;Liupo;Liupo;Liupo;x
b_nametil;Nametil;Nametil;Nametil;Nametil;Nametil;Nametil;Nametil;Nametil;Nametil;Nametil;Nametil;Nametil;Nametil;x
b_corrane;Corrane;Corrane;Corrane;Corrane;Corrane;Corrane;Corrane;Corrane;Corrane;Corrane;Corrane;Corrane;Corrane;x
b_mogincual;Mogincual;Mogincual;Mogincual;Mogincual;Mogincual;Mogincual;Mogincual;Mogincual;Mogincual;Mogincual;Mogincual;Mogincual;Mogincual;x
b_iuluti;Iuluti;Iuluti;Iuluti;Iuluti;Iuluti;Iuluti;Iuluti;Iuluti;Iuluti;Iuluti;Iuluti;Iuluti;Iuluti;x
d_qumur;Qumur;Qumur;Qumur;Qumur;Qumur;Qumur;Qumur;Qumur;Qumur;Qumur;Qumur;Qumur;Qumur;x
d_qumur_adj;Qumur;Qumur;Qumur;Qumur;Qumur;Qumur;Qumur;Qumur;Qumur;Qumur;Qumur;Qumur;Qumur;x
c_nzwani;Nzwani;Nzwani;Nzwani;Nzwani;Nzwani;Nzwani;Nzwani;Nzwani;Nzwani;Nzwani;Nzwani;Nzwani;Nzwani;x
c_nzwani_adj;Nzwani;Nzwani;Nzwani;Nzwani;Nzwani;Nzwani;Nzwani;Nzwani;Nzwani;Nzwani;Nzwani;Nzwani;Nzwani;x
b_mutsamudu;Mutsamudu;Mutsamudu;Mutsamudu;Mutsamudu;Mutsamudu;Mutsamudu;Mutsamudu;Mutsamudu;Mutsamudu;Mutsamudu;Mutsamudu;Mutsamudu;Mutsamudu;x
b_mirontsi;Mirontsi;Mirontsi;Mirontsi;Mirontsi;Mirontsi;Mirontsi;Mirontsi;Mirontsi;Mirontsi;Mirontsi;Mirontsi;Mirontsi;Mirontsi;x
b_bambao_mtrouni;Bambao Mtrouni;Bambao Mtrouni;Bambao Mtrouni;Bambao Mtrouni;Bambao Mtrouni;Bambao Mtrouni;Bambao Mtrouni;Bambao Mtrouni;Bambao Mtrouni;Bambao Mtrouni;Bambao Mtrouni;Bambao Mtrouni;Bambao Mtrouni;x
b_domoni;Domoni;Domoni;Domoni;Domoni;Domoni;Domoni;Domoni;Domoni;Domoni;Domoni;Domoni;Domoni;Domoni;x
b_bimbini;Bimbini;Bimbini;Bimbini;Bimbini;Bimbini;Bimbini;Bimbini;Bimbini;Bimbini;Bimbini;Bimbini;Bimbini;Bimbini;x
b_sima;Sima;Sima;Sima;Sima;Sima;Sima;Sima;Sima;Sima;Sima;Sima;Sima;Sima;x
b_ouani;Ouani;Ouani;Ouani;Ouani;Ouani;Ouani;Ouani;Ouani;Ouani;Ouani;Ouani;Ouani;Ouani;x
b_koni_djodjo;Koni Djodjo;Koni Djodjo;Koni Djodjo;Koni Djodjo;Koni Djodjo;Koni Djodjo;Koni Djodjo;Koni Djodjo;Koni Djodjo;Koni Djodjo;Koni Djodjo;Koni Djodjo;Koni Djodjo;x
c_maore;Maore;Maore;Maore;Maore;Maore;Maore;Maore;Maore;Maore;Maore;Maore;Maore;Maore;x
c_maore_adj;Maore;Maore;Maore;Maore;Maore;Maore;Maore;Maore;Maore;Maore;Maore;Maore;Maore;x
b_mamudzu;Mamudzu;Mamudzu;Mamudzu;Mamudzu;Mamudzu;Mamudzu;Mamudzu;Mamudzu;Mamudzu;Mamudzu;Mamudzu;Mamudzu;Mamudzu;x
b_mtsahara;Mtsahara;Mtsahara;Mtsahara;Mtsahara;Mtsahara;Mtsahara;Mtsahara;Mtsahara;Mtsahara;Mtsahara;Mtsahara;Mtsahara;Mtsahara;x
b_chirongui;Chirongui;Chirongui;Chirongui;Chirongui;Chirongui;Chirongui;Chirongui;Chirongui;Chirongui;Chirongui;Chirongui;Chirongui;Chirongui;x
b_iloni;Iloni;Iloni;Iloni;Iloni;Iloni;Iloni;Iloni;Iloni;Iloni;Iloni;Iloni;Iloni;Iloni;x
b_pamandzi;Pamandzi;Pamandzi;Pamandzi;Pamandzi;Pamandzi;Pamandzi;Pamandzi;Pamandzi;Pamandzi;Pamandzi;Pamandzi;Pamandzi;Pamandzi;x
b_metesangamuji;Metesangamuji;Metesangamuji;Metesangamuji;Metesangamuji;Metesangamuji;Metesangamuji;Metesangamuji;Metesangamuji;Metesangamuji;Metesangamuji;Metesangamuji;Metesangamuji;Metesangamuji;x
b_bandraboua;Bandraboua;Bandraboua;Bandraboua;Bandraboua;Bandraboua;Bandraboua;Bandraboua;Bandraboua;Bandraboua;Bandraboua;Bandraboua;Bandraboua;Bandraboua;x
b_chiconi;Chiconi;Chiconi;Chiconi;Chiconi;Chiconi;Chiconi;Chiconi;Chiconi;Chiconi;Chiconi;Chiconi;Chiconi;Chiconi;x
c_mwali;Mwali;Mwali;Mwali;Mwali;Mwali;Mwali;Mwali;Mwali;Mwali;Mwali;Mwali;Mwali;Mwali;x
c_mwali_adj;Mwali;Mwali;Mwali;Mwali;Mwali;Mwali;Mwali;Mwali;Mwali;Mwali;Mwali;Mwali;Mwali;x
b_fomboni;Fomboni;Fomboni;Fomboni;Fomboni;Fomboni;Fomboni;Fomboni;Fomboni;Fomboni;Fomboni;Fomboni;Fomboni;Fomboni;x
b_djolezi;Djolezi;Djolezi;Djolezi;Djolezi;Djolezi;Djolezi;Djolezi;Djolezi;Djolezi;Djolezi;Djolezi;Djolezi;Djolezi;x
b_wanani;Wanani;Wanani;Wanani;Wanani;Wanani;Wanani;Wanani;Wanani;Wanani;Wanani;Wanani;Wanani;Wanani;x
b_kangani;Kangani;Kangani;Kangani;Kangani;Kangani;Kangani;Kangani;Kangani;Kangani;Kangani;Kangani;Kangani;Kangani;x
b_itsamia;Itsamia;Itsamia;Itsamia;Itsamia;Itsamia;Itsamia;Itsamia;Itsamia;Itsamia;Itsamia;Itsamia;Itsamia;Itsamia;x
b_miringoni;Miringoni;Miringoni;Miringoni;Miringoni;Miringoni;Miringoni;Miringoni;Miringoni;Miringoni;Miringoni;Miringoni;Miringoni;Miringoni;x
b_nioumachoua;Nioumachoua;Nioumachoua;Nioumachoua;Nioumachoua;Nioumachoua;Nioumachoua;Nioumachoua;Nioumachoua;Nioumachoua;Nioumachoua;Nioumachoua;Nioumachoua;Nioumachoua;x
b_mirereni;Mirereni;Mirereni;Mirereni;Mirereni;Mirereni;Mirereni;Mirereni;Mirereni;Mirereni;Mirereni;Mirereni;Mirereni;Mirereni;x
c_ngazija;Ngazija;Ngazija;Ngazija;Ngazija;Ngazija;Ngazija;Ngazija;Ngazija;Ngazija;Ngazija;Ngazija;Ngazija;Ngazija;x
c_ngazija_adj;Ngazija;Ngazija;Ngazija;Ngazija;Ngazija;Ngazija;Ngazija;Ngazija;Ngazija;Ngazija;Ngazija;Ngazija;Ngazija;x
b_bambao;Bambao;Bambao;Bambao;Bambao;Bambao;Bambao;Bambao;Bambao;Bambao;Bambao;Bambao;Bambao;Bambao;x
b_moroni;Moroni;Moroni;Moroni;Moroni;Moroni;Moroni;Moroni;Moroni;Moroni;Moroni;Moroni;Moroni;Moroni;x
b_itsandra;Itsandra;Itsandra;Itsandra;Itsandra;Itsandra;Itsandra;Itsandra;Itsandra;Itsandra;Itsandra;Itsandra;Itsandra;Itsandra;x
b_iconi;Iconi;Iconi;Iconi;Iconi;Iconi;Iconi;Iconi;Iconi;Iconi;Iconi;Iconi;Iconi;Iconi;x
b_mitsamihuli;Mitsamihuli;Mitsamihuli;Mitsamihuli;Mitsamihuli;Mitsamihuli;Mitsamihuli;Mitsamihuli;Mitsamihuli;Mitsamihuli;Mitsamihuli;Mitsamihuli;Mitsamihuli;Mitsamihuli;x
b_washili;Washili;Washili;Washili;Washili;Washili;Washili;Washili;Washili;Washili;Washili;Washili;Washili;Washili;x
b_bajini;Bajini;Bajini;Bajini;Bajini;Bajini;Bajini;Bajini;Bajini;Bajini;Bajini;Bajini;Bajini;Bajini;x
b_hambuu;Hambuu;Hambuu;Hambuu;Hambuu;Hambuu;Hambuu;Hambuu;Hambuu;Hambuu;Hambuu;Hambuu;Hambuu;Hambuu;x
