korean_group;Korean;Korean;Korean;Korean;Korean;Korean;Korean;Korean;Korean;Korean;Korean;Korean;Korean;x
korean;Korean;Korean;Korean;Korean;Korean;Korean;Korean;Korean;Korean;Korean;Korean;Korean;Korean;x
silla;Silla;Silla;Silla;;Silla;;;;;;;;;x
guryeo;Guryeo;Guryeo;Guryeo;;Guryeo;;;;;;;;;x
baekje;Baekje;Baekje;Baekje;;Baekje;;;;;;;;;x
gaya;Gaya;Gaya;Gaya;;Gaya;;;;;;;;;x
tamna;Tamna;Tamna;Tamna;;Tamna;;;;;;;;;x
buyeo;Buyeo;Buyeo;Buyeo;;Buyeo;;;;;;;;;x
mohe;Mohe;Mohe;Mohe;;Mohe;;;;;;;;;x
tungusic;Tungusic;Tungusic;Tungusic;;Tungusic;;;;;;;;;x
emperor_korean_group;Hwangje;Hwangje;Hwangje;Hwangje;Hwangje;Hwangje;Hwangje;Hwangje;Hwangje;Hwangje;Hwangje;Hwangje;Hwangje;x
emperor_female_korean_group;Hwangje;Hwangje;Hwangje;Hwangje;Hwangje;Hwangje;Hwangje;Hwangje;Hwangje;Hwangje;Hwangje;Hwangje;Hwangje;x
king_korean_group;Gukwang;Gukwang;Gukwang;Gukwang;Gukwang;Gukwang;Gukwang;Gukwang;Gukwang;Gukwang;Gukwang;Gukwang;Gukwang;x
king_female_korean_group;Yeowang;Yeowang;Yeowang;Yeowang;Yeowang;Yeowang;Yeowang;Yeowang;Yeowang;Yeowang;Yeowang;Yeowang;Yeowang;x
duke_korean_group;Buyun;Buyun;Buyun;Buyun;Buyun;Buyun;Buyun;Buyun;Buyun;Buyun;Buyun;Buyun;Buyun;x
duke_female_korean_group;Buyun;Buyun;Buyun;Buyun;Buyun;Buyun;Buyun;Buyun;Buyun;Buyun;Buyun;Buyun;Buyun;x
duchy_of_korean_group;Do of;Do of;Do of;Do of;Do of;Do of;Do of;Do of;Do of;Do of;Do of;Do of;Do of;x
count_korean_group;Moksa;Moksa;Moksa;Moksa;Moksa;Moksa;Moksa;Moksa;Moksa;Moksa;Moksa;Moksa;Moksa;x
count_female_korean_group;Moksa;Moksa;Moksa;Moksa;Moksa;Moksa;Moksa;Moksa;Moksa;Moksa;Moksa;Moksa;Moksa;x
county_of_korean_group;Mok of;Mok of;Mok of;Mok of;Mok of;Mok of;Mok of;Mok of;Mok of;Mok of;Mok of;Mok of;Mok of;x
baron_korean_group;Gunsu;Gunsu;Gunsu;Gunsu;Gunsu;Gunsu;Gunsu;Gunsu;Gunsu;Gunsu;Gunsu;Gunsu;Gunsu;x
baron_female_korean_group;Gunsu;Gunsu;Gunsu;Gunsu;Gunsu;Gunsu;Gunsu;Gunsu;Gunsu;Gunsu;Gunsu;Gunsu;Gunsu;x
barony_of_korean_group;Gun of;Gun of;Gun of;Gun of;Gun of;Gun of;Gun of;Gun of;Gun of;Gun of;Gun of;Gun of;Gun of;x
king_title_ruler_consort_female_korean_group;Wanghu;Wanghu;Wanghu;;Wanghu;;;;;;;;;x
emperor_title_ruler_consort_female_korean_group;Hwanghu;Hwanghu;Hwanghu;;Hwanghu;;;;;;;;;x
title_queen_mother_korean_group;Taehu;Taehu;Taehu;;Taehu;;;;;;;;;x
emperor_title_queen_mother_korean_group;Hwangtaehu;Hwangtaehu;Hwangtaehu;;Hwangtaehu;;;;;;;;;x
title_prince_korean_group;Wangja;Wangja;Wangja;;Wangja;;;;;;;;;x
emperor_title_prince_korean_group;Daegun;Daegun;Daegun;;Daegun;;;;;;;;;x
title_prince_female_korean_group;Gongju;Gongju;Gongju;;Gongju;;;;;;;;;x
k_goryeo;Korea;Korea;Korea;Korea;Korea;Korea;Korea;Korea;Korea;Korea;Korea;Korea;Korea;x
d_seohae;Seohae;Seohae;Seohae;Seohae;Seohae;Seohae;Seohae;Seohae;Seohae;Seohae;Seohae;Seohae;Seohae;x
c_gyeonggi;Gyeonggi;Gyeonggi;Gyeonggi;Gyeonggi;Gyeonggi;Gyeonggi;Gyeonggi;Gyeonggi;Gyeonggi;Gyeonggi;Gyeonggi;Gyeonggi;Gyeonggi;x
b_manwoldae;Manwoldae;Manwoldae;Manwoldae;Manwoldae;Manwoldae;Manwoldae;Manwoldae;Manwoldae;Manwoldae;Manwoldae;Manwoldae;Manwoldae;Manwoldae;x
b_kaesong;Kaesong;Kaesong;Kaesong;Kaesong;Kaesong;Kaesong;Kaesong;Kaesong;Kaesong;Kaesong;Kaesong;Kaesong;Kaesong;x
b_gyeonggi;Gyeonggi;Gyeonggi;Gyeonggi;Gyeonggi;Gyeonggi;Gyeonggi;Gyeonggi;Gyeonggi;Gyeonggi;Gyeonggi;Gyeonggi;Gyeonggi;Gyeonggi;x
b_songrim;Songrim;Songrim;Songrim;Songrim;Songrim;Songrim;Songrim;Songrim;Songrim;Songrim;Songrim;Songrim;Songrim;x
b_sari_gyeonggi;Sari;Sari;Sari;Sari;Sari;Sari;Sari;Sari;Sari;Sari;Sari;Sari;Sari;x
b_pongsan;Pongsan;Pongsan;Pongsan;Pongsan;Pongsan;Pongsan;Pongsan;Pongsan;Pongsan;Pongsan;Pongsan;Pongsan;Pongsan;x
b_songak;Songak;Songak;Songak;Songak;Songak;Songak;Songak;Songak;Songak;Songak;Songak;Songak;Songak;x
b_gaesong;Gaesong;Gaesong;Gaesong;Gaesong;Gaesong;Gaesong;Gaesong;Gaesong;Gaesong;Gaesong;Gaesong;Gaesong;Gaesong;x
c_hwang;Hwang;Hwang;Hwang;Hwang;Hwang;Hwang;Hwang;Hwang;Hwang;Hwang;Hwang;Hwang;Hwang;x
b_hwang;Hwang;Hwang;Hwang;Hwang;Hwang;Hwang;Hwang;Hwang;Hwang;Hwang;Hwang;Hwang;Hwang;x
b_phyongsan;Phyongsan;Phyongsan;Phyongsan;Phyongsan;Phyongsan;Phyongsan;Phyongsan;Phyongsan;Phyongsan;Phyongsan;Phyongsan;Phyongsan;Phyongsan;x
b_sohung;Sohung;Sohung;Sohung;Sohung;Sohung;Sohung;Sohung;Sohung;Sohung;Sohung;Sohung;Sohung;Sohung;x
b_yonsan;Yonsan;Yonsan;Yonsan;Yonsan;Yonsan;Yonsan;Yonsan;Yonsan;Yonsan;Yonsan;Yonsan;Yonsan;Yonsan;x
b_kaephung;Kaephung;Kaephung;Kaephung;Kaephung;Kaephung;Kaephung;Kaephung;Kaephung;Kaephung;Kaephung;Kaephung;Kaephung;Kaephung;x
b_kangnam;Kangnam;Kangnam;Kangnam;Kangnam;Kangnam;Kangnam;Kangnam;Kangnam;Kangnam;Kangnam;Kangnam;Kangnam;Kangnam;x
b_thosan;Thosan;Thosan;Thosan;Thosan;Thosan;Thosan;Thosan;Thosan;Thosan;Thosan;Thosan;Thosan;Thosan;x
b_yonthan;Yonthan;Yonthan;Yonthan;Yonthan;Yonthan;Yonthan;Yonthan;Yonthan;Yonthan;Yonthan;Yonthan;Yonthan;Yonthan;x
c_hae;Hae;Hae;Hae;Hae;Hae;Hae;Hae;Hae;Hae;Hae;Hae;Hae;Hae;x
b_paechon;Paechon;Paechon;Paechon;Paechon;Paechon;Paechon;Paechon;Paechon;Paechon;Paechon;Paechon;Paechon;Paechon;x
b_yonanhae;Yonan;Yonan;Yonan;Yonan;Yonan;Yonan;Yonan;Yonan;Yonan;Yonan;Yonan;Yonan;Yonan;x
b_jaeryong;Jaeryong;Jaeryong;Jaeryong;Jaeryong;Jaeryong;Jaeryong;Jaeryong;Jaeryong;Jaeryong;Jaeryong;Jaeryong;Jaeryong;Jaeryong;x
b_sinchon;Sinchon;Sinchon;Sinchon;Sinchon;Sinchon;Sinchon;Sinchon;Sinchon;Sinchon;Sinchon;Sinchon;Sinchon;Sinchon;x
b_kangryong;Kangryong;Kangryong;Kangryong;Kangryong;Kangryong;Kangryong;Kangryong;Kangryong;Kangryong;Kangryong;Kangryong;Kangryong;Kangryong;x
b_ryongyon;Ryongyon;Ryongyon;Ryongyon;Ryongyon;Ryongyon;Ryongyon;Ryongyon;Ryongyon;Ryongyon;Ryongyon;Ryongyon;Ryongyon;Ryongyon;x
b_anak;Anak;Anak;Anak;Anak;Anak;Anak;Anak;Anak;Anak;Anak;Anak;Anak;Anak;x
c_bukgye;Bukgye;Bukgye;Bukgye;Bukgye;Bukgye;Bukgye;Bukgye;Bukgye;Bukgye;Bukgye;Bukgye;Bukgye;Bukgye;x
b_pyongyang;Pyongyang;Pyongyang;Pyongyang;Pyongyang;Pyongyang;Pyongyang;Pyongyang;Pyongyang;Pyongyang;Pyongyang;Pyongyang;Pyongyang;Pyongyang;x
b_an;An;An;An;An;An;An;An;An;An;An;An;An;An;x
b_ui;Ui;Ui;Ui;Ui;Ui;Ui;Ui;Ui;Ui;Ui;Ui;Ui;Ui;x
b_jong;Jong;Jong;Jong;Jong;Jong;Jong;Jong;Jong;Jong;Jong;Jong;Jong;Jong;x
b_kusong;Kusong;Kusong;Kusong;Kusong;Kusong;Kusong;Kusong;Kusong;Kusong;Kusong;Kusong;Kusong;Kusong;x
b_kaechon;Kaechon;Kaechon;Kaechon;Kaechon;Kaechon;Kaechon;Kaechon;Kaechon;Kaechon;Kaechon;Kaechon;Kaechon;Kaechon;x
b_sunchon;Sunchon;Sunchon;Sunchon;Sunchon;Sunchon;Sunchon;Sunchon;Sunchon;Sunchon;Sunchon;Sunchon;Sunchon;Sunchon;x
b_tokchon;Tokchon;Tokchon;Tokchon;Tokchon;Tokchon;Tokchon;Tokchon;Tokchon;Tokchon;Tokchon;Tokchon;Tokchon;Tokchon;x
d_gyoju;Gyoju;Gyoju;Gyoju;Gyoju;Gyoju;Gyoju;Gyoju;Gyoju;Gyoju;Gyoju;Gyoju;Gyoju;Gyoju;x
c_gyogyo;Gyo;Gyo;Gyo;Gyo;Gyo;Gyo;Gyo;Gyo;Gyo;Gyo;Gyo;Gyo;Gyo;x
b_chun;Chun;Chun;Chun;Chun;Chun;Chun;Chun;Chun;Chun;Chun;Chun;Chun;Chun;x
b_hwacheon;Hwacheon;Hwacheon;Hwacheon;Hwacheon;Hwacheon;Hwacheon;Hwacheon;Hwacheon;Hwacheon;Hwacheon;Hwacheon;Hwacheon;Hwacheon;x
b_cheorwon;Cheorwon;Cheorwon;Cheorwon;Cheorwon;Cheorwon;Cheorwon;Cheorwon;Cheorwon;Cheorwon;Cheorwon;Cheorwon;Cheorwon;Cheorwon;x
b_yanggu;Yanggu;Yanggu;Yanggu;Yanggu;Yanggu;Yanggu;Yanggu;Yanggu;Yanggu;Yanggu;Yanggu;Yanggu;Yanggu;x
b_inje;Inje;Inje;Inje;Inje;Inje;Inje;Inje;Inje;Inje;Inje;Inje;Inje;Inje;x
b_hongcheon;Hongcheon;Hongcheon;Hongcheon;Hongcheon;Hongcheon;Hongcheon;Hongcheon;Hongcheon;Hongcheon;Hongcheon;Hongcheon;Hongcheon;Hongcheon;x
b_sak;Sak;Sak;Sak;Sak;Sak;Sak;Sak;Sak;Sak;Sak;Sak;Sak;Sak;x
b_gyogyo;Gyo;Gyo;Gyo;Gyo;Gyo;Gyo;Gyo;Gyo;Gyo;Gyo;Gyo;Gyo;Gyo;x
c_donggye;donggye;donggye;donggye;donggye;donggye;donggye;donggye;donggye;donggye;donggye;donggye;donggye;donggye;x
b_gangneung;Gangneung;Gangneung;Gangneung;Gangneung;Gangneung;Gangneung;Gangneung;Gangneung;Gangneung;Gangneung;Gangneung;Gangneung;Gangneung;x
b_cheok;Cheok;Cheok;Cheok;Cheok;Cheok;Cheok;Cheok;Cheok;Cheok;Cheok;Cheok;Cheok;Cheok;x
b_wonsan;Wonsan;Wonsan;Wonsan;Wonsan;Wonsan;Wonsan;Wonsan;Wonsan;Wonsan;Wonsan;Wonsan;Wonsan;Wonsan;x
b_yangyang;Yangyang;Yangyang;Yangyang;Yangyang;Yangyang;Yangyang;Yangyang;Yangyang;Yangyang;Yangyang;Yangyang;Yangyang;Yangyang;x
b_munchon;Munchon;Munchon;Munchon;Munchon;Munchon;Munchon;Munchon;Munchon;Munchon;Munchon;Munchon;Munchon;Munchon;x
b_donggye;donggye;donggye;donggye;donggye;donggye;donggye;donggye;donggye;donggye;donggye;donggye;donggye;donggye;x
b_koseong;Koseong;Koseong;Koseong;Koseong;Koseong;Koseong;Koseong;Koseong;Koseong;Koseong;Koseong;Koseong;Koseong;x
b_Kimhwa;Kimhwa;Kimhwa;Kimhwa;Kimhwa;Kimhwa;Kimhwa;Kimhwa;Kimhwa;Kimhwa;Kimhwa;Kimhwa;Kimhwa;Kimhwa;x
d_yanggwang;Yanggwang;Yanggwang;Yanggwang;Yanggwang;Yanggwang;Yanggwang;Yanggwang;Yanggwang;Yanggwang;Yanggwang;Yanggwang;Yanggwang;Yanggwang;x
c_gwang;Gwang;Gwang;Gwang;Gwang;Gwang;Gwang;Gwang;Gwang;Gwang;Gwang;Gwang;Gwang;Gwang;x
b_hanyang;Hanyang;Hanyang;Hanyang;Hanyang;Hanyang;Hanyang;Hanyang;Hanyang;Hanyang;Hanyang;Hanyang;Hanyang;Hanyang;x
b_gwang;Gwang;Gwang;Gwang;Gwang;Gwang;Gwang;Gwang;Gwang;Gwang;Gwang;Gwang;Gwang;Gwang;x
b_ganghwa;Ganghwa;Ganghwa;Ganghwa;Ganghwa;Ganghwa;Ganghwa;Ganghwa;Ganghwa;Ganghwa;Ganghwa;Ganghwa;Ganghwa;Ganghwa;x
b_sugwang;Su;Su;Su;Su;Su;Su;Su;Su;Su;Su;Su;Su;Su;x
b_yanggwang;Yang;Yang;Yang;Yang;Yang;Yang;Yang;Yang;Yang;Yang;Yang;Yang;Yang;x
b_yeo;Yeo;Yeo;Yeo;Yeo;Yeo;Yeo;Yeo;Yeo;Yeo;Yeo;Yeo;Yeo;Yeo;x
b_anseong;Anseong;Anseong;Anseong;Anseong;Anseong;Anseong;Anseong;Anseong;Anseong;Anseong;Anseong;Anseong;Anseong;x
b_hanam;Hanam;Hanam;Hanam;Hanam;Hanam;Hanam;Hanam;Hanam;Hanam;Hanam;Hanam;Hanam;Hanam;x
c_cheong;Cheong;Cheong;Cheong;Cheong;Cheong;Cheong;Cheong;Cheong;Cheong;Cheong;Cheong;Cheong;Cheong;x
b_chungcheong;Chung;Chung;Chung;Chung;Chung;Chung;Chung;Chung;Chung;Chung;Chung;Chung;Chung;x
b_cheong;Cheong;Cheong;Cheong;Cheong;Cheong;Cheong;Cheong;Cheong;Cheong;Cheong;Cheong;Cheong;Cheong;x
b_jecheon;Jecheon;Jecheon;Jecheon;Jecheon;Jecheon;Jecheon;Jecheon;Jecheon;Jecheon;Jecheon;Jecheon;Jecheon;Jecheon;x
b_goesan;Goesan;Goesan;Goesan;Goesan;Goesan;Goesan;Goesan;Goesan;Goesan;Goesan;Goesan;Goesan;Goesan;x
b_okcheon;Okcheon;Okcheon;Okcheon;Okcheon;Okcheon;Okcheon;Okcheon;Okcheon;Okcheon;Okcheon;Okcheon;Okcheon;Okcheon;x
b_enmseong;Enmseong;Enmseong;Enmseong;Enmseong;Enmseong;Enmseong;Enmseong;Enmseong;Enmseong;Enmseong;Enmseong;Enmseong;Enmseong;x
b_cheongwon;Cheongwon;Cheongwon;Cheongwon;Cheongwon;Cheongwon;Cheongwon;Cheongwon;Cheongwon;Cheongwon;Cheongwon;Cheongwon;Cheongwon;Cheongwon;x
b_danyang;Danyang;Danyang;Danyang;Danyang;Danyang;Danyang;Danyang;Danyang;Danyang;Danyang;Danyang;Danyang;Danyang;x
c_gong;Gong;Gong;Gong;Gong;Gong;Gong;Gong;Gong;Gong;Gong;Gong;Gong;Gong;x
b_gong;Gong;Gong;Gong;Gong;Gong;Gong;Gong;Gong;Gong;Gong;Gong;Gong;Gong;x
b_asan;Asan;Asan;Asan;Asan;Asan;Asan;Asan;Asan;Asan;Asan;Asan;Asan;Asan;x
b_hongseong;Hongseong;Hongseong;Hongseong;Hongseong;Hongseong;Hongseong;Hongseong;Hongseong;Hongseong;Hongseong;Hongseong;Hongseong;Hongseong;x
b_taean;Taean;Taean;Taean;Taean;Taean;Taean;Taean;Taean;Taean;Taean;Taean;Taean;Taean;x
b_buyeo;Buyeo;Buyeo;Buyeo;Buyeo;Buyeo;Buyeo;Buyeo;Buyeo;Buyeo;Buyeo;Buyeo;Buyeo;Buyeo;x
b_cheongyang;Cheongyang;Cheongyang;Cheongyang;Cheongyang;Cheongyang;Cheongyang;Cheongyang;Cheongyang;Cheongyang;Cheongyang;Cheongyang;Cheongyang;Cheongyang;x
b_yesan;Yesan;Yesan;Yesan;Yesan;Yesan;Yesan;Yesan;Yesan;Yesan;Yesan;Yesan;Yesan;Yesan;x
b_seocheon;Seocheon;Seocheon;Seocheon;Seocheon;Seocheon;Seocheon;Seocheon;Seocheon;Seocheon;Seocheon;Seocheon;Seocheon;Seocheon;x
c_won;Won;Won;Won;Won;Won;Won;Won;Won;Won;Won;Won;Won;Won;x
b_won;Won;Won;Won;Won;Won;Won;Won;Won;Won;Won;Won;Won;Won;x
b_hoengseong;Hoengseong;Hoengseong;Hoengseong;Hoengseong;Hoengseong;Hoengseong;Hoengseong;Hoengseong;Hoengseong;Hoengseong;Hoengseong;Hoengseong;Hoengseong;x
b_yeongwol;Hoengseong;Hoengseong;Hoengseong;Hoengseong;Hoengseong;Hoengseong;Hoengseong;Hoengseong;Hoengseong;Hoengseong;Hoengseong;Hoengseong;Hoengseong;x
b_pyeongchan;Pyeongchan;Pyeongchan;Pyeongchan;Pyeongchan;Pyeongchan;Pyeongchan;Pyeongchan;Pyeongchan;Pyeongchan;Pyeongchan;Pyeongchan;Pyeongchan;Pyeongchan;x
b_jeongseon;Jeongseon;Jeongseon;Jeongseon;Jeongseon;Jeongseon;Jeongseon;Jeongseon;Jeongseon;Jeongseon;Jeongseon;Jeongseon;Jeongseon;Jeongseon;x
d_jeolla;Jeolla;Jeolla;Jeolla;Jeolla;Jeolla;Jeolla;Jeolla;Jeolla;Jeolla;Jeolla;Jeolla;Jeolla;Jeolla;x
c_jeon;Jeon;Jeon;Jeon;Jeon;Jeon;Jeon;Jeon;Jeon;Jeon;Jeon;Jeon;Jeon;Jeon;x
b_jeon;Jeon;Jeon;Jeon;Jeon;Jeon;Jeon;Jeon;Jeon;Jeon;Jeon;Jeon;Jeon;Jeon;x
b_gangnam;Gangnam;Gangnam;Gangnam;Gangnam;Gangnam;Gangnam;Gangnam;Gangnam;Gangnam;Gangnam;Gangnam;Gangnam;Gangnam;x
b_wan;Wan;Wan;Wan;Wan;Wan;Wan;Wan;Wan;Wan;Wan;Wan;Wan;Wan;x
b_iksan;Iksan;Iksan;Iksan;Iksan;Iksan;Iksan;Iksan;Iksan;Iksan;Iksan;Iksan;Iksan;Iksan;x
b_namwon;Namwon;Namwon;Namwon;Namwon;Namwon;Namwon;Namwon;Namwon;Namwon;Namwon;Namwon;Namwon;Namwon;x
b_gunsan;Gunsan;Gunsan;Gunsan;Gunsan;Gunsan;Gunsan;Gunsan;Gunsan;Gunsan;Gunsan;Gunsan;Gunsan;Gunsan;x
b_jeongeup;Jeongeup;Jeongeup;Jeongeup;Jeongeup;Jeongeup;Jeongeup;Jeongeup;Jeongeup;Jeongeup;Jeongeup;Jeongeup;Jeongeup;Jeongeup;x
b_gimje;Gimje;Gimje;Gimje;Gimje;Gimje;Gimje;Gimje;Gimje;Gimje;Gimje;Gimje;Gimje;Gimje;x
c_na;Na;Na;Na;Na;Na;Na;Na;Na;Na;Na;Na;Na;Na;x
b_na;Na;Na;Na;Na;Na;Na;Na;Na;Na;Na;Na;Na;Na;x
b_mokpo;Mokpo;Mokpo;Mokpo;Mokpo;Mokpo;Mokpo;Mokpo;Mokpo;Mokpo;Mokpo;Mokpo;Mokpo;Mokpo;x
b_gwangna;Gwang;Gwang;Gwang;Gwang;Gwang;Gwang;Gwang;Gwang;Gwang;Gwang;Gwang;Gwang;Gwang;x
b_haenam;Haenam;Haenam;Haenam;Haenam;Haenam;Haenam;Haenam;Haenam;Haenam;Haenam;Haenam;Haenam;Haenam;x
b_sinan_na;Sinan;Sinan;Sinan;Sinan;Sinan;Sinan;Sinan;Sinan;Sinan;Sinan;Sinan;Sinan;Sinan;x
b_yeongam;Yeongam;Yeongam;Yeongam;Yeongam;Yeongam;Yeongam;Yeongam;Yeongam;Yeongam;Yeongam;Yeongam;Yeongam;Yeongam;x
b_wando;Wando;Wando;Wando;Wando;Wando;Wando;Wando;Wando;Wando;Wando;Wando;Wando;Wando;x
b_muan;Muan;Muan;Muan;Muan;Muan;Muan;Muan;Muan;Muan;Muan;Muan;Muan;Muan;x
c_seung;Seung;Seung;Seung;Seung;Seung;Seung;Seung;Seung;Seung;Seung;Seung;Seung;Seung;x
b_seung;Seung;Seung;Seung;Seung;Seung;Seung;Seung;Seung;Seung;Seung;Seung;Seung;Seung;x
b_suncheon;Suncheon;Suncheon;Suncheon;Suncheon;Suncheon;Suncheon;Suncheon;Suncheon;Suncheon;Suncheon;Suncheon;Suncheon;Suncheon;x
b_gwangyang;Gwangyang;Gwangyang;Gwangyang;Gwangyang;Gwangyang;Gwangyang;Gwangyang;Gwangyang;Gwangyang;Gwangyang;Gwangyang;Gwangyang;Gwangyang;x
b_yeosu;Yeosu;Yeosu;Yeosu;Yeosu;Yeosu;Yeosu;Yeosu;Yeosu;Yeosu;Yeosu;Yeosu;Yeosu;Yeosu;x
b_gokseong;Gokseong;Gokseong;Gokseong;Gokseong;Gokseong;Gokseong;Gokseong;Gokseong;Gokseong;Gokseong;Gokseong;Gokseong;Gokseong;x
b_gurye;Gurye;Gurye;Gurye;Gurye;Gurye;Gurye;Gurye;Gurye;Gurye;Gurye;Gurye;Gurye;Gurye;x
b_boseong;Boseong;Boseong;Boseong;Boseong;Boseong;Boseong;Boseong;Boseong;Boseong;Boseong;Boseong;Boseong;Boseong;x
b_hwasun;Hwasun;Hwasun;Hwasun;Hwasun;Hwasun;Hwasun;Hwasun;Hwasun;Hwasun;Hwasun;Hwasun;Hwasun;Hwasun;x
c_jeju;Jeju;Jeju;Jeju;Jeju;Jeju;Jeju;Jeju;Jeju;Jeju;Jeju;Jeju;Jeju;Jeju;x
b_jeju;Jeju;Jeju;Jeju;Jeju;Jeju;Jeju;Jeju;Jeju;Jeju;Jeju;Jeju;Jeju;Jeju;x
b_seogwipo;Seogwipo;Seogwipo;Seogwipo;Seogwipo;Seogwipo;Seogwipo;Seogwipo;Seogwipo;Seogwipo;Seogwipo;Seogwipo;Seogwipo;Seogwipo;x
b_halla;Halla;Halla;Halla;Halla;Halla;Halla;Halla;Halla;Halla;Halla;Halla;Halla;Halla;x
b_marado;Marado;Marado;Marado;Marado;Marado;Marado;Marado;Marado;Marado;Marado;Marado;Marado;Marado;x
d_gyeongsang;Gyeongsang;Gyeongsang;Gyeongsang;Gyeongsang;Gyeongsang;Gyeongsang;Gyeongsang;Gyeongsang;Gyeongsang;Gyeongsang;Gyeongsang;Gyeongsang;Gyeongsang;x
c_sang;Sang;Sang;Sang;Sang;Sang;Sang;Sang;Sang;Sang;Sang;Sang;Sang;Sang;x
b_sang;Sang;Sang;Sang;Sang;Sang;Sang;Sang;Sang;Sang;Sang;Sang;Sang;Sang;x
b_yeong;Yeong;Yeong;Yeong;Yeong;Yeong;Yeong;Yeong;Yeong;Yeong;Yeong;Yeong;Yeong;Yeong;x
b_daegu;Daegu;Daegu;Daegu;Daegu;Daegu;Daegu;Daegu;Daegu;Daegu;Daegu;Daegu;Daegu;Daegu;x
b_andong;Andong;Andong;Andong;Andong;Andong;Andong;Andong;Andong;Andong;Andong;Andong;Andong;Andong;x
b_gimcheon;Gimcheon;Gimcheon;Gimcheon;Gimcheon;Gimcheon;Gimcheon;Gimcheon;Gimcheon;Gimcheon;Gimcheon;Gimcheon;Gimcheon;Gimcheon;x
b_gumi;Gumi;Gumi;Gumi;Gumi;Gumi;Gumi;Gumi;Gumi;Gumi;Gumi;Gumi;Gumi;Gumi;x
b_yeon;Yeon;Yeon;Yeon;Yeon;Yeon;Yeon;Yeon;Yeon;Yeon;Yeon;Yeon;Yeon;Yeon;x
b_bonghwa;Bonghwa;Bonghwa;Bonghwa;Bonghwa;Bonghwa;Bonghwa;Bonghwa;Bonghwa;Bonghwa;Bonghwa;Bonghwa;Bonghwa;Bonghwa;x
c_gang;Gang;Gang;Gang;Gang;Gang;Gang;Gang;Gang;Gang;Gang;Gang;Gang;Gang;x
b_gang;Gang;Gang;Gang;Gang;Gang;Gang;Gang;Gang;Gang;Gang;Gang;Gang;Gang;x
b_sacheon;Sacheon;Sacheon;Sacheon;Sacheon;Sacheon;Sacheon;Sacheon;Sacheon;Sacheon;Sacheon;Sacheon;Sacheon;Sacheon;x
b_namhae_gang;Namhae;Namhae;Namhae;Namhae;Namhae;Namhae;Namhae;Namhae;Namhae;Namhae;Namhae;Namhae;Namhae;x
b_geochang;Geochang;Geochang;Geochang;Geochang;Geochang;Geochang;Geochang;Geochang;Geochang;Geochang;Geochang;Geochang;Geochang;x
b_jin;Jin;Jin;Jin;Jin;Jin;Jin;Jin;Jin;Jin;Jin;Jin;Jin;Jin;x
b_tongyeong;Tongyeong;Tongyeong;Tongyeong;Tongyeong;Tongyeong;Tongyeong;Tongyeong;Tongyeong;Tongyeong;Tongyeong;Tongyeong;Tongyeong;Tongyeong;x
b_geoje;Geoje;Geoje;Geoje;Geoje;Geoje;Geoje;Geoje;Geoje;Geoje;Geoje;Geoje;Geoje;Geoje;x
b_uiryeong;Uiryeong;Uiryeong;Uiryeong;Uiryeong;Uiryeong;Uiryeong;Uiryeong;Uiryeong;Uiryeong;Uiryeong;Uiryeong;Uiryeong;Uiryeong;x
c_yang;Yang;Yang;Yang;Yang;Yang;Yang;Yang;Yang;Yang;Yang;Yang;Yang;Yang;x
b_gyeong;Gyeong;Gyeong;Gyeong;Gyeong;Gyeong;Gyeong;Gyeong;Gyeong;Gyeong;Gyeong;Gyeong;Gyeong;Gyeong;x
b_pohang;Pohang;Pohang;Pohang;Pohang;Pohang;Pohang;Pohang;Pohang;Pohang;Pohang;Pohang;Pohang;Pohang;x
b_yang;Yang;Yang;Yang;Yang;Yang;Yang;Yang;Yang;Yang;Yang;Yang;Yang;Yang;x
b_ulsan;Ulsan;Ulsan;Ulsan;Ulsan;Ulsan;Ulsan;Ulsan;Ulsan;Ulsan;Ulsan;Ulsan;Ulsan;Ulsan;x
b_busan_yang;Busan;Busan;Busan;Busan;Busan;Busan;Busan;Busan;Busan;Busan;Busan;Busan;Busan;x
b_yangsan;Yangsan;Yangsan;Yangsan;Yangsan;Yangsan;Yangsan;Yangsan;Yangsan;Yangsan;Yangsan;Yangsan;Yangsan;Yangsan;x
b_gimhae;Gimhae;Gimhae;Gimhae;Gimhae;Gimhae;Gimhae;Gimhae;Gimhae;Gimhae;Gimhae;Gimhae;Gimhae;Gimhae;x
b_miryang;Miryang;Miryang;Miryang;Miryang;Miryang;Miryang;Miryang;Miryang;Miryang;Miryang;Miryang;Miryang;Miryang;x
k_balhae;Balhae;Balhae;Balhae;Balhae;Balhae;Balhae;Balhae;Balhae;Balhae;Balhae;Balhae;Balhae;Balhae;x
k_balhae_adj;Balhae;Balhae;Balhae;Balhae;Balhae;Balhae;Balhae;Balhae;Balhae;Balhae;Balhae;Balhae;Balhae;x
d_sanggyeong;Sanggyeong;Sanggyeong;Sanggyeong;Sanggyeong;Sanggyeong;Sanggyeong;Sanggyeong;Sanggyeong;Sanggyeong;Sanggyeong;Sanggyeong;Sanggyeong;Sanggyeong;x
d_sanggyeong_adj;Sanggyeong;Sanggyeong;Sanggyeong;Sanggyeong;Sanggyeong;Sanggyeong;Sanggyeong;Sanggyeong;Sanggyeong;Sanggyeong;Sanggyeong;Sanggyeong;Sanggyeong;x
c_yongcheon;Yongcheon;Yongcheon;Yongcheon;Yongcheon;Yongcheon;Yongcheon;Yongcheon;Yongcheon;Yongcheon;Yongcheon;Yongcheon;Yongcheon;Yongcheon;x
c_yongcheon_adj;Yongcheon;Yongcheon;Yongcheon;Yongcheon;Yongcheon;Yongcheon;Yongcheon;Yongcheon;Yongcheon;Yongcheon;Yongcheon;Yongcheon;Yongcheon;x
b_yongju;Yongju;Yongju;Yongju;Yongju;Yongju;Yongju;Yongju;Yongju;Yongju;Yongju;Yongju;Yongju;Yongju;x
b_hoju;Hoju;Hoju;Hoju;Hoju;Hoju;Hoju;Hoju;Hoju;Hoju;Hoju;Hoju;Hoju;Hoju;x
b_balju;Balju;Balju;Balju;Balju;Balju;Balju;Balju;Balju;Balju;Balju;Balju;Balju;Balju;x
c_yongwon;Yongwon;Yongwon;Yongwon;Yongwon;Yongwon;Yongwon;Yongwon;Yongwon;Yongwon;Yongwon;Yongwon;Yongwon;Yongwon;x
c_yongwon_adj;Yongwon;Yongwon;Yongwon;Yongwon;Yongwon;Yongwon;Yongwon;Yongwon;Yongwon;Yongwon;Yongwon;Yongwon;Yongwon;x
b_gyeongju;Gyeongju;Gyeongju;Gyeongju;Gyeongju;Gyeongju;Gyeongju;Gyeongju;Gyeongju;Gyeongju;Gyeongju;Gyeongju;Gyeongju;Gyeongju;x
b_yeomju;Yeomju;Yeomju;Yeomju;Yeomju;Yeomju;Yeomju;Yeomju;Yeomju;Yeomju;Yeomju;Yeomju;Yeomju;Yeomju;x
b_mokju;Mokju;Mokju;Mokju;Mokju;Mokju;Mokju;Mokju;Mokju;Mokju;Mokju;Mokju;Mokju;Mokju;x
b_haju;Haju;Haju;Haju;Haju;Haju;Haju;Haju;Haju;Haju;Haju;Haju;Haju;Haju;x
c_anwon;Anwon;Anwon;Anwon;Anwon;Anwon;Anwon;Anwon;Anwon;Anwon;Anwon;Anwon;Anwon;Anwon;x
c_anwon_adj;Anwon;Anwon;Anwon;Anwon;Anwon;Anwon;Anwon;Anwon;Anwon;Anwon;Anwon;Anwon;Anwon;x
b_yeongju;Yeongju;Yeongju;Yeongju;Yeongju;Yeongju;Yeongju;Yeongju;Yeongju;Yeongju;Yeongju;Yeongju;Yeongju;Yeongju;x
b_miju;Miju;Miju;Miju;Miju;Miju;Miju;Miju;Miju;Miju;Miju;Miju;Miju;Miju;x
b_moju;Moju;Moju;Moju;Moju;Moju;Moju;Moju;Moju;Moju;Moju;Moju;Moju;Moju;x
b_sangju;Sangju;Sangju;Sangju;Sangju;Sangju;Sangju;Sangju;Sangju;Sangju;Sangju;Sangju;Sangju;Sangju;x
c_hyeongdeok;Hyeongdeok;Hyeongdeok;Hyeongdeok;Hyeongdeok;Hyeongdeok;Hyeongdeok;Hyeongdeok;Hyeongdeok;Hyeongdeok;Hyeongdeok;Hyeongdeok;Hyeongdeok;Hyeongdeok;x
c_hyeongdeok_adj;Hyeongdeok;Hyeongdeok;Hyeongdeok;Hyeongdeok;Hyeongdeok;Hyeongdeok;Hyeongdeok;Hyeongdeok;Hyeongdeok;Hyeongdeok;Hyeongdeok;Hyeongdeok;Hyeongdeok;x
b_hyeonju;Hyeonju;Hyeonju;Hyeonju;Hyeonju;Hyeonju;Hyeonju;Hyeonju;Hyeonju;Hyeonju;Hyeonju;Hyeonju;Hyeonju;Hyeonju;x
b_noju;Noju;Noju;Noju;Noju;Noju;Noju;Noju;Noju;Noju;Noju;Noju;Noju;Noju;x
b_cheolju;Cheolju;Cheolju;Cheolju;Cheolju;Cheolju;Cheolju;Cheolju;Cheolju;Cheolju;Cheolju;Cheolju;Cheolju;Cheolju;x
b_tangju;Tangju;Tangju;Tangju;Tangju;Tangju;Tangju;Tangju;Tangju;Tangju;Tangju;Tangju;Tangju;Tangju;x
b_yeongju_heyongdeok;Yeongju;Yeongju;Yeongju;Yeongju;Yeongju;Yeongju;Yeongju;Yeongju;Yeongju;Yeongju;Yeongju;Yeongju;Yeongju;x
b_heungju;Heungju;Heungju;Heungju;Heungju;Heungju;Heungju;Heungju;Heungju;Heungju;Heungju;Heungju;Heungju;Heungju;x
c_namhae;Namhae;Namhae;Namhae;Namhae;Namhae;Namhae;Namhae;Namhae;Namhae;Namhae;Namhae;Namhae;Namhae;x
c_namhae_adj;Namhae;Namhae;Namhae;Namhae;Namhae;Namhae;Namhae;Namhae;Namhae;Namhae;Namhae;Namhae;Namhae;x
b_okju;Okju;Okju;Okju;Okju;Okju;Okju;Okju;Okju;Okju;Okju;Okju;Okju;Okju;x
b_jeongju;Jeongju;Jeongju;Jeongju;Jeongju;Jeongju;Jeongju;Jeongju;Jeongju;Jeongju;Jeongju;Jeongju;Jeongju;Jeongju;x
b_choju;Choju;Choju;Choju;Choju;Choju;Choju;Choju;Choju;Choju;Choju;Choju;Choju;Choju;x
c_amnok;Amnok;Amnok;Amnok;Amnok;Amnok;Amnok;Amnok;Amnok;Amnok;Amnok;Amnok;Amnok;Amnok;x
c_amnok_adj;Amnok;Amnok;Amnok;Amnok;Amnok;Amnok;Amnok;Amnok;Amnok;Amnok;Amnok;Amnok;Amnok;x
b_sinju;Sinju;Sinju;Sinju;Sinju;Sinju;Sinju;Sinju;Sinju;Sinju;Sinju;Sinju;Sinju;Sinju;x
b_hwanju;Hwanju;Hwanju;Hwanju;Hwanju;Hwanju;Hwanju;Hwanju;Hwanju;Hwanju;Hwanju;Hwanju;Hwanju;Hwanju;x
b_pungju;Pungju;Pungju;Pungju;Pungju;Pungju;Pungju;Pungju;Pungju;Pungju;Pungju;Pungju;Pungju;Pungju;x
b_jeongju_amnok;Jeongju;Jeongju;Jeongju;Jeongju;Jeongju;Jeongju;Jeongju;Jeongju;Jeongju;Jeongju;Jeongju;Jeongju;Jeongju;x
c_jangnyeong;Jangnyeong;Jangnyeong;Jangnyeong;Jangnyeong;Jangnyeong;Jangnyeong;Jangnyeong;Jangnyeong;Jangnyeong;Jangnyeong;Jangnyeong;Jangnyeong;Jangnyeong;x
c_jangnyeong_adj;Jangnyeong;Jangnyeong;Jangnyeong;Jangnyeong;Jangnyeong;Jangnyeong;Jangnyeong;Jangnyeong;Jangnyeong;Jangnyeong;Jangnyeong;Jangnyeong;Jangnyeong;x
b_haju_jangnyeong;Haju;Haju;Haju;Haju;Haju;Haju;Haju;Haju;Haju;Haju;Haju;Haju;Haju;x
b_haju_jangnyeong2;Haju;Haju;Haju;Haju;Haju;Haju;Haju;Haju;Haju;Haju;Haju;Haju;Haju;x
c_buyeo;Buyeo;Buyeo;Buyeo;Buyeo;Buyeo;Buyeo;Buyeo;Buyeo;Buyeo;Buyeo;Buyeo;Buyeo;Buyeo;x
c_buyeo_adj;Buyeo;Buyeo;Buyeo;Buyeo;Buyeo;Buyeo;Buyeo;Buyeo;Buyeo;Buyeo;Buyeo;Buyeo;Buyeo;x
b_buju;Buju;Buju;Buju;Buju;Buju;Buju;Buju;Buju;Buju;Buju;Buju;Buju;Buju;x
b_seonju;Seonju;Seonju;Seonju;Seonju;Seonju;Seonju;Seonju;Seonju;Seonju;Seonju;Seonju;Seonju;Seonju;x
c_makhil;Makhil;Makhil;Makhil;Makhil;Makhil;Makhil;Makhil;Makhil;Makhil;Makhil;Makhil;Makhil;Makhil;x
c_makhil_adj;Makhil;Makhil;Makhil;Makhil;Makhil;Makhil;Makhil;Makhil;Makhil;Makhil;Makhil;Makhil;Makhil;x
b_makju;Makju;Makju;Makju;Makju;Makju;Makju;Makju;Makju;Makju;Makju;Makju;Makju;Makju;x
b_goju;Goju;Goju;Goju;Goju;Goju;Goju;Goju;Goju;Goju;Goju;Goju;Goju;Goju;x
c_jeongri;Jeongri;Jeongri;Jeongri;Jeongri;Jeongri;Jeongri;Jeongri;Jeongri;Jeongri;Jeongri;Jeongri;Jeongri;Jeongri;x
c_jeongri_adj;Jeongri;Jeongri;Jeongri;Jeongri;Jeongri;Jeongri;Jeongri;Jeongri;Jeongri;Jeongri;Jeongri;Jeongri;Jeongri;x
b_jeongju_jeongri;Jeongju;Jeongju;Jeongju;Jeongju;Jeongju;Jeongju;Jeongju;Jeongju;Jeongju;Jeongju;Jeongju;Jeongju;Jeongju;x
b_banju;Banju;Banju;Banju;Banju;Banju;Banju;Banju;Banju;Banju;Banju;Banju;Banju;Banju;x
c_anbyeon;Anbyeon;Anbyeon;Anbyeon;Anbyeon;Anbyeon;Anbyeon;Anbyeon;Anbyeon;Anbyeon;Anbyeon;Anbyeon;Anbyeon;Anbyeon;x
c_anbyeon_adj;Anbyeon;Anbyeon;Anbyeon;Anbyeon;Anbyeon;Anbyeon;Anbyeon;Anbyeon;Anbyeon;Anbyeon;Anbyeon;Anbyeon;Anbyeon;x
b_anju;Anju;Anju;Anju;Anju;Anju;Anju;Anju;Anju;Anju;Anju;Anju;Anju;Anju;x
b_gyeongju_anbyeon;Gyeongju;Gyeongju;Gyeongju;Gyeongju;Gyeongju;Gyeongju;Gyeongju;Gyeongju;Gyeongju;Gyeongju;Gyeongju;Gyeongju;Gyeongju;x
c_solbin;Solbin;Solbin;Solbin;Solbin;Solbin;Solbin;Solbin;Solbin;Solbin;Solbin;Solbin;Solbin;Solbin;x
c_solbin_adj;Solbin;Solbin;Solbin;Solbin;Solbin;Solbin;Solbin;Solbin;Solbin;Solbin;Solbin;Solbin;Solbin;x
b_hwaju;Hwaju;Hwaju;Hwaju;Hwaju;Hwaju;Hwaju;Hwaju;Hwaju;Hwaju;Hwaju;Hwaju;Hwaju;Hwaju;x
b_ikju;Ikju;Ikju;Ikju;Ikju;Ikju;Ikju;Ikju;Ikju;Ikju;Ikju;Ikju;Ikju;Ikju;x
b_geonju;Geonju;Geonju;Geonju;Geonju;Geonju;Geonju;Geonju;Geonju;Geonju;Geonju;Geonju;Geonju;Geonju;x
c_dongpyeong;Dongpyeong;Dongpyeong;Dongpyeong;Dongpyeong;Dongpyeong;Dongpyeong;Dongpyeong;Dongpyeong;Dongpyeong;Dongpyeong;Dongpyeong;Dongpyeong;Dongpyeong;x
c_dongpyeong_adj;Dongpyeong;Dongpyeong;Dongpyeong;Dongpyeong;Dongpyeong;Dongpyeong;Dongpyeong;Dongpyeong;Dongpyeong;Dongpyeong;Dongpyeong;Dongpyeong;Dongpyeong;x
b_ilju;Ilju;Ilju;Ilju;Ilju;Ilju;Ilju;Ilju;Ilju;Ilju;Ilju;Ilju;Ilju;Ilju;x
b_mongju;Mongju;Mongju;Mongju;Mongju;Mongju;Mongju;Mongju;Mongju;Mongju;Mongju;Mongju;Mongju;Mongju;x
b_taju;Taju;Taju;Taju;Taju;Taju;Taju;Taju;Taju;Taju;Taju;Taju;Taju;Taju;x
b_heukju;Heukju;Heukju;Heukju;Heukju;Heukju;Heukju;Heukju;Heukju;Heukju;Heukju;Heukju;Heukju;Heukju;x
b_biju;Biju;Biju;Biju;Biju;Biju;Biju;Biju;Biju;Biju;Biju;Biju;Biju;Biju;x
c_cheoli;Cheoli;Cheoli;Cheoli;Cheoli;Cheoli;Cheoli;Cheoli;Cheoli;Cheoli;Cheoli;Cheoli;Cheoli;Cheoli;x
c_cheoli_adj;Cheoli;Cheoli;Cheoli;Cheoli;Cheoli;Cheoli;Cheoli;Cheoli;Cheoli;Cheoli;Cheoli;Cheoli;Cheoli;x
b_gwangju;Gwangju;Gwangju;Gwangju;Gwangju;Gwangju;Gwangju;Gwangju;Gwangju;Gwangju;Gwangju;Gwangju;Gwangju;Gwangju;x
b_bunju;Bunju;Bunju;Bunju;Bunju;Bunju;Bunju;Bunju;Bunju;Bunju;Bunju;Bunju;Bunju;Bunju;x
b_poju;Poju;Poju;Poju;Poju;Poju;Poju;Poju;Poju;Poju;Poju;Poju;Poju;Poju;x
b_haeju;Haeju;Haeju;Haeju;Haeju;Haeju;Haeju;Haeju;Haeju;Haeju;Haeju;Haeju;Haeju;Haeju;x
b_uiju;Uiju;Uiju;Uiju;Uiju;Uiju;Uiju;Uiju;Uiju;Uiju;Uiju;Uiju;Uiju;Uiju;x
b_guiju;Guiju;Guiju;Guiju;Guiju;Guiju;Guiju;Guiju;Guiju;Guiju;Guiju;Guiju;Guiju;Guiju;x
c_hoewon;Hoewon;Hoewon;Hoewon;Hoewon;Hoewon;Hoewon;Hoewon;Hoewon;Hoewon;Hoewon;Hoewon;Hoewon;Hoewon;x
c_hoewon_adj;Hoewon;Hoewon;Hoewon;Hoewon;Hoewon;Hoewon;Hoewon;Hoewon;Hoewon;Hoewon;Hoewon;Hoewon;Hoewon;x
b_dalju;Dalju;Dalju;Dalju;Dalju;Dalju;Dalju;Dalju;Dalju;Dalju;Dalju;Dalju;Dalju;Dalju;x
b_wolju;Wolju;Wolju;Wolju;Wolju;Wolju;Wolju;Wolju;Wolju;Wolju;Wolju;Wolju;Wolju;Wolju;x
b_hoeju;Hoeju;Hoeju;Hoeju;Hoeju;Hoeju;Hoeju;Hoeju;Hoeju;Hoeju;Hoeju;Hoeju;Hoeju;Hoeju;x
b_giju;Giju;Giju;Giju;Giju;Giju;Giju;Giju;Giju;Giju;Giju;Giju;Giju;Giju;x
b_buju_hoewon;Buju;Buju;Buju;Buju;Buju;Buju;Buju;Buju;Buju;Buju;Buju;Buju;Buju;x
b_miju_hoewon;Miju;Miju;Miju;Miju;Miju;Miju;Miju;Miju;Miju;Miju;Miju;Miju;Miju;x
b_bokju;Bokju;Bokju;Bokju;Bokju;Bokju;Bokju;Bokju;Bokju;Bokju;Bokju;Bokju;Bokju;Bokju;x
b_saju;Saju;Saju;Saju;Saju;Saju;Saju;Saju;Saju;Saju;Saju;Saju;Saju;Saju;x
c_yeongju;Yeongju;Yeongju;Yeongju;Yeongju;Yeongju;Yeongju;Yeongju;Yeongju;Yeongju;Yeongju;Yeongju;Yeongju;Yeongju;x
c_yeongju_adj;Yeongju;Yeongju;Yeongju;Yeongju;Yeongju;Yeongju;Yeongju;Yeongju;Yeongju;Yeongju;Yeongju;Yeongju;Yeongju;x
b_yeongju_yeongju;Yeongju;Yeongju;Yeongju;Yeongju;Yeongju;Yeongju;Yeongju;Yeongju;Yeongju;Yeongju;Yeongju;Yeongju;Yeongju;x
c_dongju;Dongju;Dongju;Dongju;Dongju;Dongju;Dongju;Dongju;Dongju;Dongju;Dongju;Dongju;Dongju;Dongju;x
c_dongju_adj;Dongju;Dongju;Dongju;Dongju;Dongju;Dongju;Dongju;Dongju;Dongju;Dongju;Dongju;Dongju;Dongju;x
b_yeongju_dongju;Yeongju;Yeongju;Yeongju;Yeongju;Yeongju;Yeongju;Yeongju;Yeongju;Yeongju;Yeongju;Yeongju;Yeongju;Yeongju;x
c_sokju;Sokju;Sokju;Sokju;Sokju;Sokju;Sokju;Sokju;Sokju;Sokju;Sokju;Sokju;Sokju;Sokju;x
c_sokju_adj;Sokju;Sokju;Sokju;Sokju;Sokju;Sokju;Sokju;Sokju;Sokju;Sokju;Sokju;Sokju;Sokju;x
b_mokjeoju;Mokjeoju;Mokjeoju;Mokjeoju;Mokjeoju;Mokjeoju;Mokjeoju;Mokjeoju;Mokjeoju;Mokjeoju;Mokjeoju;Mokjeoju;Mokjeoju;Mokjeoju;x
b_hyeondoju;Hyeondoju;Hyeondoju;Hyeondoju;Hyeondoju;Hyeondoju;Hyeondoju;Hyeondoju;Hyeondoju;Hyeondoju;Hyeondoju;Hyeondoju;Hyeondoju;Hyeondoju;x
b_yakholju;Yakholju;Yakholju;Yakholju;Yakholju;Yakholju;Yakholju;Yakholju;Yakholju;Yakholju;Yakholju;Yakholju;Yakholju;Yakholju;x
e_anchuhu;Anchuhu;Anchuhu;Anchuhu;Anchuhu;Anchuhu;Anchuhu;Anchuhu;Anchuhu;Anchuhu;Anchuhu;Anchuhu;Anchuhu;Anchuhu;x
e_anchuhu_adj;Anchuhu;Anchuhu;Anchuhu;Anchuhu;Anchuhu;Anchuhu;Anchuhu;Anchuhu;Anchuhu;Anchuhu;Anchuhu;Anchuhu;Anchuhu;x
d_buyeo;Buyeo;Buyeo;Buyeo;Buyeo;Buyeo;Buyeo;Buyeo;Buyeo;Buyeo;Buyeo;Buyeo;Buyeo;Buyeo;x
d_buyeo_adj;Buyeo;Buyeo;Buyeo;Buyeo;Buyeo;Buyeo;Buyeo;Buyeo;Buyeo;Buyeo;Buyeo;Buyeo;Buyeo;x
d_donggyeong;Donggyeong;Donggyeong;Donggyeong;Donggyeong;Donggyeong;Donggyeong;Donggyeong;Donggyeong;Donggyeong;Donggyeong;Donggyeong;Donggyeong;Donggyeong;x
d_donggyeong_adj;Donggyeong;Donggyeong;Donggyeong;Donggyeong;Donggyeong;Donggyeong;Donggyeong;Donggyeong;Donggyeong;Donggyeong;Donggyeong;Donggyeong;Donggyeong;x
d_jungnyeong;Jungnyeong;Jungnyeong;Jungnyeong;Jungnyeong;Jungnyeong;Jungnyeong;Jungnyeong;Jungnyeong;Jungnyeong;Jungnyeong;Jungnyeong;Jungnyeong;Jungnyeong;x
d_jungnyeong_adj;Jungnyeong;Jungnyeong;Jungnyeong;Jungnyeong;Jungnyeong;Jungnyeong;Jungnyeong;Jungnyeong;Jungnyeong;Jungnyeong;Jungnyeong;Jungnyeong;Jungnyeong;x
d_yemaek;Yemaek;Yemaek;Yemaek;Yemaek;Yemaek;Yemaek;Yemaek;Yemaek;Yemaek;Yemaek;Yemaek;Yemaek;Yemaek;x
d_yemaek_adj;Yemaek;Yemaek;Yemaek;Yemaek;Yemaek;Yemaek;Yemaek;Yemaek;Yemaek;Yemaek;Yemaek;Yemaek;Yemaek;x
d_okjeo;Okjeo;Okjeo;Okjeo;Okjeo;Okjeo;Okjeo;Okjeo;Okjeo;Okjeo;Okjeo;Okjeo;Okjeo;Okjeo;x
d_okjeo_adj;Okjeo;Okjeo;Okjeo;Okjeo;Okjeo;Okjeo;Okjeo;Okjeo;Okjeo;Okjeo;Okjeo;Okjeo;Okjeo;x
k_baekje;Baekje;Baekje;Baekje;Baekje;Baekje;Baekje;Baekje;Baekje;Baekje;Baekje;Baekje;Baekje;Baekje;x
k_baekje_adj;Baekje;Baekje;Baekje;Baekje;Baekje;Baekje;Baekje;Baekje;Baekje;Baekje;Baekje;Baekje;Baekje;x
k_silla;Silla;Silla;Silla;Silla;Silla;Silla;Silla;Silla;Silla;Silla;Silla;Silla;Silla;x
k_silla_adj;Silla;Silla;Silla;Silla;Silla;Silla;Silla;Silla;Silla;Silla;Silla;Silla;Silla;x
d_gaya;Gaya;Gaya;Gaya;Gaya;Gaya;Gaya;Gaya;Gaya;Gaya;Gaya;Gaya;Gaya;Gaya;x
d_gaya_adj;Gaya;Gaya;Gaya;Gaya;Gaya;Gaya;Gaya;Gaya;Gaya;Gaya;Gaya;Gaya;Gaya;x
k_goguryeo;Goguryeo;Goguryeo;Goguryeo;;Goguryeo;;;;;;;;;x
k_goguryeo_adj;Goguryeo;Goguryeo;Goguryeo;;Goguryeo;;;;;;;;;x
d_tamna;Tamna;Tamna;Tamna;;Tamna;;;;;;;;;x
d_tamna_adj;Tamna;Tamna;Tamna;;Tamna;;;;;;;;;x
k_dan_gur;Dan Gur;Dan Gur;Dan Gur;Dan Gur;Dan Gur;Dan Gur;Dan Gur;Dan Gur;Dan Gur;Dan Gur;Dan Gur;Dan Gur;Dan Gur;x
k_dan_gur_adj;Dan Gur;Dan Gur;Dan Gur;Dan Gur;Dan Gur;Dan Gur;Dan Gur;Dan Gur;Dan Gur;Dan Gur;Dan Gur;Dan Gur;Dan Gur;x
b_pungsan;Pungsan;Pungsan;Pungsan;;Pungsan;;;;;;;;;x
b_baegam;Baegam;Baegam;Baegam;;Baegam;;;;;;;;;x
b_cheongjin;Cheongjin;Cheongjin;Cheongjin;;Cheongjin;;;;;;;;;x
b_hamheung;Hamheung;Hamheung;Hamheung;;Hamheung;;;;;;;;;x
