PROV1;Wawiyusis;Wawiyusis;Wawiyusis;;;;;;;;;x
PROV2;Shibogama;Shibogama;Shibogama;;;;;;;;;x
PROV3;Wabana;Wabana;Wabana;;;;;;;;;x
PROV4;Toulinquet;Toulinquet;Toulinquet;;;;;;;;;x
PROV5;Demas;Demas;Demas;;;;;;;;;x
PROV6;Manitowoc;Manitowoc;Manitowoc;;;;;;;;;x
PROV7;Shanaw;Shanaw;Shanaw;;;;;;;;;x
PROV8;Nonos;Nonos;Nonos;;;;;;;;;x
PROV9;Freydis;Freydis;Freydis;;;;;;;;;x
PROV10;Moomesh;Moomesh;Moomesh;;;;;;;;;x
PROV11;Doodebew;Doodebew;Doodebew;;;;;;;;;x
PROV12;Leifsbúðir;Leifsbúðir;Leifsbúðir;;;;;;;;;x
PROV13;Thorvald;Thorvald;Thorvald;;;;;;;;;x
PROV14;Meelpeag;Meelpeag;Meelpeag;;;;;;;;;x
PROV15;Thorstein;Thorstein;Thorstein;;;;;;;;;x
PROV16;Aguathuna;Aguathuna;Aguathuna;;;;;;;;;x
PROV17;Mattawa;Mattawa;Mattawa;;;;;;;;;x
PROV18;Makada;Makada;Makada;;;;;;;;;x
PROV19;Wikwemikong;Wikwemikong;Wikwemikong;;;;;;;;;x
PROV20;Penetanguishene;Penetanguishene;Penetanguishene;;;;;;;;;x
PROV21;Algonac;Algonac;Algonac;;;;;;;;;x
PROV22;Mississauga;Mississauga;Mississauga;;;;;;;;;x
PROV23;Ohsweken;Ohsweken;Ohsweken;;;;;;;;;x
PROV24;Scugog;Scugog;Scugog;;;;;;;;;x
PROV25;Tyendinaga;Tyendinaga;Tyendinaga;;;;;;;;;x
PROV26;Toronto;Toronto;Toronto;;;;;;;;;x
PROV27;Komoka;Komoka;Komoka;;;;;;;;;x
PROV28;Bkejwanong;Bkejwanong;Bkejwanong;;;;;;;;;x
PROV29;Oshawa;Oshawa;Oshawa;;;;;;;;;x
PROV30;Nipissing;Nipissing;Nipissing;;;;;;;;;x
PROV31;Saugeen;Saugeen;Saugeen;;;;;;;;;x
PROV32;Petawawa;Petawawa;Petawawa;;;;;;;;;x
PROV33;Thorfinn;Thorfinn;Thorfinn;;;;;;;;;x
PROV34;Straumfjord;Straumfjord;Straumfjord;;;;;;;;;x
PROV35;Sheshatshiu;Sheshatshiu;Sheshatshiu;;;;;;;;;x
PROV36;Straumsöy;Straumsöy;Straumsöy;;;;;;;;;x
PROV37;Karlsefni;Karlsefni;Karlsefni;;;;;;;;;x
PROV38;Manicouagan;Manicouagan;Manicouagan;;;;;;;;;x
PROV39;Joswi;Joswi;Joswi;;;;;;;;;x
PROV40;Kakatshihip;Kakatshihip;Kakatshihip;;;;;;;;;x
PROV41;Anticosti;Anticosti;Anticosti;;;;;;;;;x
PROV42;Chicoutimi;Chicoutimi;Chicoutimi;;;;;;;;;x
PROV43;Cacaoni;Cacaoni;Cacaoni;;;;;;;;;x
PROV44;Brule;Brule;Brule;;;;;;;;;x
PROV45;Wabush;Wabush;Wabush;;;;;;;;;x
PROV46;Manitowik;Manitowik;Manitowik;;;;;;;;;x
PROV47;Manouane;Manouane;Manouane;;;;;;;;;x
PROV48;Pipmuacan;Pipmuacan;Pipmuacan;;;;;;;;;x
PROV49;Manicouagan;Manicouagan;Manicouagan;;;;;;;;;x
PROV50;Chicomo;Chicomo;Chicomo;;;;;;;;;x
PROV51;Metabetchouan;Metabetchouan;Metabetchouan;;;;;;;;;x
PROV52;Kenogami;Kenogami;Kenogami;;;;;;;;;x
PROV53;Saguenay;Saguenay;Saguenay;;;;;;;;;x
PROV54;Aguanish;Aguanish;Aguanish;;;;;;;;;x
PROV55;Yamachiche;Yamachiche;Yamachiche;;;;;;;;;x
PROV56;Donnacona;Donnacona;Donnacona;;;;;;;;;x
PROV57;Stadacona;Stadacona;Stadacona;;;;;;;;;x
PROV58;Shawinigan;Shawinigan;Shawinigan;;;;;;;;;x
PROV59;Sayabec;Sayabec;Sayabec;;;;;;;;;x
PROV60;Wahnapitae;Wahnapitae;Wahnapitae;;;;;;;;;x
PROV61;Kahnawake;Kahnawake;Kahnawake;;;;;;;;;x
PROV62;Squatec;Squatec;Squatec;;;;;;;;;x
PROV63;Akukameskesich;Akukameskesich;Akukameskesich;;;;;;;;;x
PROV64;Manitoulin;Manitoulin;Manitoulin;;;;;;;;;x
PROV65;Wanapitei;Wanapitei;Wanapitei;;;;;;;;;x
PROV66;Témiscamingue;Témiscamingue;Témiscamingue;;;;;;;;;x
PROV67;Missisquoi;Missisquoi;Missisquoi;;;;;;;;;x
PROV68;Kawartha;Kawartha;Kawartha;;;;;;;;;x
PROV69;Ottawa;Ottawa;Ottawa;;;;;;;;;x
PROV70;Maskinongé;Maskinongé;Maskinongé;;;;;;;;;x
PROV71;Etobicoke;Etobicoke;Etobicoke;;;;;;;;;x
PROV72;Oka;Oka;Oka;;;;;;;;;x
PROV73;Gananoque;Gananoque;Gananoque;;;;;;;;;x
PROV74;Conshohocken;Conshohocken;Conshohocken;;;;;;;;;x
PROV75;Munsi;Munsi;Munsi;;;;;;;;;x
PROV76;Lycomink;Lycomink;Lycomink;;;;;;;;;x
PROV77;Pepacton;Pepacton;Pepacton;;;;;;;;;x
PROV78;Taughannock;Taughannock;Taughannock;;;;;;;;;x
PROV79;Oswego;Oswego;Oswego;;;;;;;;;x
PROV80;Cheektowaga;Cheektowaga;Cheektowaga;;;;;;;;;x
PROV81;Canandaigua;Canandaigua;Canandaigua;;;;;;;;;x
PROV82;Conesus;Conesus;Conesus;;;;;;;;;x
PROV83;Chautauqua;Chautauqua;Chautauqua;;;;;;;;;x
PROV84;Kithanink;Kithanink;Kithanink;;;;;;;;;x
PROV85;Pymatuning;Pymatuning;Pymatuning;;;;;;;;;x
PROV86;Tonguish;Tonguish;Tonguish;;;;;;;;;x
PROV87;Piqua;Piqua;Piqua;;;;;;;;;x
PROV88;Ashtabula;Ashtabula;Ashtabula;;;;;;;;;x
PROV89;Aliquippa;Aliquippa;Aliquippa;;;;;;;;;x
PROV90;Sandusky;Sandusky;Sandusky;;;;;;;;;x
PROV91;Coshocton;Coshocton;Coshocton;;;;;;;;;x
PROV92;Punxsutawney;Punxsutawney;Punxsutawney;;;;;;;;;x
PROV93;Otisco;Otisco;Otisco;;;;;;;;;x
PROV94;Sinnemahoning;Sinnemahoning;Sinnemahoning;;;;;;;;;x
PROV95;Penobscot;Penobscot;Penobscot;;;;;;;;;x
PROV96;Ascutney;Ascutney;Ascutney;;;;;;;;;x
PROV97;Saranac;Saranac;Saranac;;;;;;;;;x
PROV98;Niskayuna;Niskayuna;Niskayuna;;;;;;;;;x
PROV99;Haderonda;Haderonda;Haderonda;;;;;;;;;x
PROV100;Adirondack;Adirondack;Adirondack;;;;;;;;;x
PROV101;Kwesomalegek;Kwesomalegek;Kwesomalegek;;;;;;;;;x
PROV102;Jipugtug;Jipugtug;Jipugtug;;;;;;;;;x
PROV103;Wagobagitik;Wagobagitik;Wagobagitik;;;;;;;;;x
PROV104;Keespongwitk;Keespongwitk;Keespongwitk;;;;;;;;;x
PROV105;Epekwitk;Epekwitk;Epekwitk;;;;;;;;;x
PROV106;Únamakika;Únamakika;Únamakika;;;;;;;;;x
PROV107;Umbagog;Umbagog;Umbagog;;;;;;;;;x
PROV108;Nipmuk;Nipmuk;Nipmuk;;;;;;;;;x
PROV109;Orono;Orono;Orono;;;;;;;;;x
PROV110;Aroostook;Aroostook;Aroostook;;;;;;;;;x
PROV111;Millinocket;Millinocket;Millinocket;;;;;;;;;x
PROV112;Damariscotta;Damariscotta;Damariscotta;;;;;;;;;x
PROV113;Pennacook;Pennacook;Pennacook;;;;;;;;;x
PROV114;Pohénégamook;Pohénégamook;Pohénégamook;;;;;;;;;x
PROV115;Quittapahilla;Quittapahilla;Quittapahilla;;;;;;;;;x
PROV116;Conemaugh;Conemaugh;Conemaugh;;;;;;;;;x
PROV117;Allegany;Allegany;Allegany;;;;;;;;;x
PROV118;Shahan;Shahan;Shahan;;;;;;;;;x
PROV119;Tuscarawas;Tuscarawas;Tuscarawas;;;;;;;;;x
PROV120;Kekiongo;Kekiongo;Kekiongo;;;;;;;;;x
PROV121;Choppatee;Choppatee;Choppatee;;;;;;;;;x
PROV122;Chipuaw;Chipuaw;Chipuaw;;;;;;;;;x
PROV123;Kankakee;Kankakee;Kankakee;;;;;;;;;x
PROV124;Monogahela;Monogahela;Monogahela;;;;;;;;;x
PROV125;Olentangy;Olentangy;Olentangy;;;;;;;;;x
PROV126;Arminta;Arminta;Arminta;;;;;;;;;x
PROV127;Scioto;Scioto;Scioto;;;;;;;;;x
PROV128;Oskanondonha;Oskanondonha;Oskanondonha;;;;;;;;;x
PROV129;Muskingum;Muskingum;Muskingum;;;;;;;;;x
PROV130;Coös;Coös;Coös;;;;;;;;;x
PROV131;Etchemin;Etchemin;Etchemin;;;;;;;;;x
PROV132;Madawaska;Madawaska;Madawaska;;;;;;;;;x
PROV133;Fonzo;Fonzo;Fonzo;;;;;;;;;x
PROV134;Thegnehoaca;Thegnehoaca;Thegnehoaca;;;;;;;;;x
PROV135;Bybee;Bybee;Bybee;;;;;;;;;x
PROV136;Miramichi;Miramichi;Miramichi;;;;;;;;;x
PROV137;Gaspé;Gaspé;Gaspé;;;;;;;;;x
PROV138;Mattawamkeag;Mattawamkeag;Mattawamkeag;;;;;;;;;x
PROV139;Chiputneticook;Chiputneticook;Chiputneticook;;;;;;;;;x
PROV140;Kouchibouguac;Kouchibouguac;Kouchibouguac;;;;;;;;;x
PROV141;Pedee;Pedee;Pedee;;;;;;;;;x
PROV142;Sewee;Sewee;Sewee;;;;;;;;;x
PROV143;Coree;Coree;Coree;;;;;;;;;x
PROV144;Saponi;Saponi;Saponi;;;;;;;;;x
PROV145;Tutelo;Tutelo;Tutelo;;;;;;;;;x
PROV146;Manahoac;Manahoac;Manahoac;;;;;;;;;x
PROV147;Monacan;Monacan;Monacan;;;;;;;;;x
PROV148;Quinnipiac;Quinnipiac;Quinnipiac;;;;;;;;;x
PROV149;Montauk;Montauk;Montauk;;;;;;;;;x
PROV150;Appomattox;Appomattox;Appomattox;;;;;;;;;x
PROV151;Weabemeoc;Weabemeoc;Weabemeoc;;;;;;;;;x
PROV152;Santee;Santee;Santee;;;;;;;;;x
PROV153;Catawba;Catawba;Catawba;;;;;;;;;x
PROV154;Hohliwahali;Hohliwahali;Hohliwahali;;;;;;;;;x
PROV155;Kealedji;Kealedji;Kealedji;;;;;;;;;x
PROV156;Edisto;Edisto;Edisto;;;;;;;;;x
PROV157;Stono;Stono;Stono;;;;;;;;;x
PROV158;Cusabo;Cusabo;Cusabo;;;;;;;;;x
PROV159;Chiaba;Chiaba;Chiaba;;;;;;;;;x
PROV160;Yamasee;Yamasee;Yamasee;;;;;;;;;x
PROV161;Guale;Guale;Guale;;;;;;;;;x
PROV162;Capachequi;Capachequi;Capachequi;;;;;;;;;x
PROV163;Mocama;Mocama;Mocama;;;;;;;;;x
PROV164;Tamiami;Tamiami;Tamiami;;;;;;;;;x
PROV165;Tequesta;Tequesta;Tequesta;;;;;;;;;x
PROV166;Matecumbes;Matecumbes;Matecumbes;;;;;;;;;x
PROV167;Guacara;Guacara;Guacara;;;;;;;;;x
PROV168;Jaega;Jaega;Jaega;;;;;;;;;x
PROV169;Lucayas;Lucayas;Lucayas;;;;;;;;;x
PROV170;Hitchiti;Hitchiti;Hitchiti;;;;;;;;;x
PROV171;Apola;Apola;Apola;;;;;;;;;x
PROV172;Sawokli;Sawokli;Sawokli;;;;;;;;;x
PROV173;Pensacola;Pensacola;Pensacola;;;;;;;;;x
PROV174;Apalachicoli;Apalachicoli;Apalachicoli;;;;;;;;;x
PROV175;Chatot;Chatot;Chatot;;;;;;;;;x
PROV176;Uzachile;Uzachile;Uzachile;;;;;;;;;x
PROV177;Napituca;Napituca;Napituca;;;;;;;;;x
PROV178;Tocaste;Tocaste;Tocaste;;;;;;;;;x
PROV179;Bahamá;Bahamá;Bahamá;;;;;;;;;x
PROV180;Ais;Ais;Ais;;;;;;;;;x
PROV181;Ozita;Ozita;Ozita;;;;;;;;;x
PROV182;Calusa;Calusa;Calusa;;;;;;;;;x
PROV183;Muspa;Muspa;Muspa;;;;;;;;;x
PROV184;Palatka;Palatka;Palatka;;;;;;;;;x
PROV185;Tacatacuru;Tacatacuru;Tacatacuru;;;;;;;;;x
PROV186;Tamahli;Tamahli;Tamahli;;;;;;;;;x
PROV187;Hilibi;Hilibi;Hilibi;;;;;;;;;x
PROV188;Kasihta;Kasihta;Kasihta;;;;;;;;;x
PROV189;Oconee;Oconee;Oconee;;;;;;;;;x
PROV190;Coweta;Coweta;Coweta;;;;;;;;;x
PROV191;Talulla;Talulla;Talulla;;;;;;;;;x
PROV192;Etowah;Etowah;Etowah;;;;;;;;;x
PROV193;Utina;Utina;Utina;;;;;;;;;x
PROV194;Etoniah;Etoniah;Etoniah;;;;;;;;;x
PROV195;Mayaca;Mayaca;Mayaca;;;;;;;;;x
PROV196;Mocozo;Mocozo;Mocozo;;;;;;;;;x
PROV197;Potano;Potano;Potano;;;;;;;;;x
PROV198;Okfuskee;Okfuskee;Okfuskee;;;;;;;;;x
PROV199;Okmulgee;Okmulgee;Okmulgee;;;;;;;;;x
PROV200;Koasati;Koasati;Koasati;;;;;;;;;x
PROV201;Congaree;Congaree;Congaree;;;;;;;;;x
PROV202;Pakana;Pakana;Pakana;;;;;;;;;x
PROV203;Pawokti;Pawokti;Pawokti;;;;;;;;;x
PROV204;Bilocci;Bilocci;Bilocci;;;;;;;;;x
PROV205;Pascagoula;Pascagoula;Pascagoula;;;;;;;;;x
PROV206;Tawasa;Tawasa;Tawasa;;;;;;;;;x
PROV207;Maubila;Maubila;Maubila;;;;;;;;;x
PROV208;Woccon;Woccon;Woccon;;;;;;;;;x
PROV209;Pamlico;Pamlico;Pamlico;;;;;;;;;x
PROV210;Tuscarora;Tuscarora;Tuscarora;;;;;;;;;x
PROV211;Itumbi;Itumbi;Itumbi;;;;;;;;;x
PROV212;Nanticoke;Nanticoke;Nanticoke;;;;;;;;;x
PROV213;Susquehannah;Susquehannah;Susquehannah;;;;;;;;;x
PROV214;Conoy;Conoy;Conoy;;;;;;;;;x
PROV215;Naugatuck;Naugatuck;Naugatuck;;;;;;;;;x
PROV216;Wampanoag;Wampanoag;Wampanoag;;;;;;;;;x
PROV217;Unami;Unami;Unami;;;;;;;;;x
PROV218;Powhatan;Powhatan;Powhatan;;;;;;;;;x
PROV219;Unalachtigo;Unalachtigo;Unalachtigo;;;;;;;;;x
PROV220;Delaware;Delaware;Delaware;;;;;;;;;x
PROV221;Mingo;Mingo;Mingo;;;;;;;;;x
PROV222;Ingo;Ingo;Ingo;;;;;;;;;x
PROV223;Manayunk;Manayunk;Manayunk;;;;;;;;;x
PROV224;Tasqui;Tasqui;Tasqui;;;;;;;;;x
PROV225;Katahdin;Katahdin;Katahdin;;;;;;;;;x
PROV226;Caraquet;Caraquet;Caraquet;;;;;;;;;x
PROV227;Swannanoa;Swannanoa;Swannanoa;;;;;;;;;x
PROV228;Unicoi;Unicoi;Unicoi;;;;;;;;;x
PROV229;Saara;Saara;Saara;;;;;;;;;x
PROV230;Kohani;Kohani;Kohani;;;;;;;;;x
PROV231;Nadá-kuh;Nadá-kuh;Nadá-kuh;;;;;;;;;x
PROV232;Nasoni;Nasoni;Nasoni;;;;;;;;;x
PROV233;Karankawa;Karankawa;Karankawa;;;;;;;;;x
PROV234;Acolapisa;Acolapisa;Acolapisa;;;;;;;;;x
PROV235;Houma;Houma;Houma;;;;;;;;;x
PROV236;Háynay;Háynay;Háynay;;;;;;;;;x
PROV237;Chattanooga;Chattanooga;Chattanooga;;;;;;;;;x
PROV238;Ooltewah;Ooltewah;Ooltewah;;;;;;;;;x
PROV239;Cullowhee;Cullowhee;Cullowhee;;;;;;;;;x
PROV240;Causapscal;Causapscal;Causapscal;;;;;;;;;x
PROV241;Atoka;Atoka;Atoka;;;;;;;;;x
PROV242;Muldraw;Muldraw;Muldraw;;;;;;;;;x
PROV243;Cotoname;Cotoname;Cotoname;;;;;;;;;x
PROV244;Obion;Obion;Obion;;;;;;;;;x
PROV245;Lecta;Lecta;Lecta;;;;;;;;;x
PROV246;Tullahoma;Tullahoma;Tullahoma;;;;;;;;;x
PROV247;Wiklif;Wiklif;Wiklif;;;;;;;;;x
PROV248;Bandana;Bandana;Bandana;;;;;;;;;x
PROV249;Tamaroa;Tamaroa;Tamaroa;;;;;;;;;x
PROV250;Latonia;Latonia;Latonia;;;;;;;;;x
PROV251;Chippekawkay;Chippekawkay;Chippekawkay;;;;;;;;;x
PROV252;Wayatanoke;Wayatanoke;Wayatanoke;;;;;;;;;x
PROV253;Wabash;Wabash;Wabash;;;;;;;;;x
PROV254;Saingueemon;Saingueemon;Saingueemon;;;;;;;;;x
PROV255;Wapakoneta;Wapakoneta;Wapakoneta;;;;;;;;;x
PROV256;Winneshiek;Winneshiek;Winneshiek;;;;;;;;;x
PROV257;Matchebenashshewish;Matchebenashshewish;Matchebenashshewish;;;;;;;;;x
PROV258;Pokagon;Pokagon;Pokagon;;;;;;;;;x
PROV259;Natowasepe;Natowasepe;Natowasepe;;;;;;;;;x
PROV260;Gawakia;Gawakia;Gawakia;;;;;;;;;x
PROV261;Missaukee;Missaukee;Missaukee;;;;;;;;;x
PROV262;Ministigweyaa;Ministigweyaa;Ministigweyaa;;;;;;;;;x
PROV263;Shiawassee;Shiawassee;Shiawassee;;;;;;;;;x
PROV264;Negwegon;Negwegon;Negwegon;;;;;;;;;x
PROV265;Saginaw;Saginaw;Saginaw;;;;;;;;;x
PROV266;Seginsavin;Seginsavin;Seginsavin;;;;;;;;;x
PROV267;Cheboygan;Cheboygan;Cheboygan;;;;;;;;;x
PROV268;Matagami;Matagami;Matagami;;;;;;;;;x
PROV269;Kesagami;Kesagami;Kesagami;;;;;;;;;x
PROV270;Nemiscau;Nemiscau;Nemiscau;;;;;;;;;x
PROV271;Attawapiskat;Attawapiskat;Attawapiskat;;;;;;;;;x
PROV272;Waskaganish;Waskaganish;Waskaganish;;;;;;;;;x
PROV273;Namewakami;Namewakami;Namewakami;;;;;;;;;x
PROV274;Kaamiskutu;Kaamiskutu;Kaamiskutu;;;;;;;;;x
PROV275;Cabonga;Cabonga;Cabonga;;;;;;;;;x
PROV276;Temagami;Temagami;Temagami;;;;;;;;;x
PROV277;Abitibi;Abitibi;Abitibi;;;;;;;;;x
PROV278;Timiskaming;Timiskaming;Timiskaming;;;;;;;;;x
PROV279;Otoskwin;Otoskwin;Otoskwin;;;;;;;;;x
PROV280;Eabamet;Eabamet;Eabamet;;;;;;;;;x
PROV281;Ogoki;Ogoki;Ogoki;;;;;;;;;x
PROV282;Chatawapisshkag;Chatawapisshkag;Chatawapisshkag;;;;;;;;;x
PROV283;Kohler;Kohler;Kohler;;;;;;;;;x
PROV284;Fushimi;Fushimi;Fushimi;;;;;;;;;x
PROV285;Nipigon;Nipigon;Nipigon;;;;;;;;;x
PROV286;Mississagi;Mississagi;Mississagi;;;;;;;;;x
PROV287;Longlac;Longlac;Longlac;;;;;;;;;x
PROV288;Manitouwadge;Manitouwadge;Manitouwadge;;;;;;;;;x
PROV289;Pukaskwa;Pukaskwa;Pukaskwa;;;;;;;;;x
PROV290;Aubinadong;Aubinadong;Aubinadong;;;;;;;;;x
PROV291;Nushatogani;Nushatogani;Nushatogani;;;;;;;;;x
PROV292;Wawa;Wawa;Wawa;;;;;;;;;x
PROV293;Missinaibi;Missinaibi;Missinaibi;;;;;;;;;x
PROV294;Algoma;Algoma;Algoma;;;;;;;;;x
PROV295;Megasan;Megasan;Megasan;;;;;;;;;x
PROV296;Nagagamisis;Nagagamisis;Nagagamisis;;;;;;;;;x
PROV297;Esnagi;Esnagi;Esnagi;;;;;;;;;x
PROV298;Ishpeming;Ishpeming;Ishpeming;;;;;;;;;x
PROV299;Cahuinari;Cahuinari;Cahuinari;;;;;;;;;x
PROV300;Negaunee;Negaunee;Negaunee;;;;;;;;;x
PROV301;Keweenaw;Keweenaw;Keweenaw;;;;;;;;;x
PROV302;Escanaba;Escanaba;Escanaba;;;;;;;;;x
PROV303;Mackinac;Mackinac;Mackinac;;;;;;;;;x
PROV304;Peno;Peno;Peno;;;;;;;;;x
PROV305;Kalkaska;Kalkaska;Kalkaska;;;;;;;;;x
PROV306;Latoh;Latoh;Latoh;;;;;;;;;x
PROV307;Mineola;Mineola;Mineola;;;;;;;;;x
PROV308;Musquaque;Musquaque;Musquaque;;;;;;;;;x
PROV309;Kaskaskia;Kaskaskia;Kaskaskia;;;;;;;;;x
PROV310;Waukegan;Waukegan;Waukegan;;;;;;;;;x
PROV311;Shikaakwa;Shikaakwa;Shikaakwa;;;;;;;;;x
PROV312;Peoria;Peoria;Peoria;;;;;;;;;x
PROV313;Kokomo;Kokomo;Kokomo;;;;;;;;;x
PROV314;Menorkenut;Menorkenut;Menorkenut;;;;;;;;;x
PROV315;Quapaw;Quapaw;Quapaw;;;;;;;;;x
PROV316;Nodena;Nodena;Nodena;;;;;;;;;x
PROV317;Taeba;Taeba;Taeba;;;;;;;;;x
PROV318;Avoyel;Avoyel;Avoyel;;;;;;;;;x
PROV319;Bayougoula;Bayougoula;Bayougoula;;;;;;;;;x
PROV320;Grigra;Grigra;Grigra;;;;;;;;;x
PROV321;Eyeish;Eyeish;Eyeish;;;;;;;;;x
PROV322;Adai;Adai;Adai;;;;;;;;;x
PROV323;Aranama;Aranama;Aranama;;;;;;;;;x
PROV324;Anoixi;Anoixi;Anoixi;;;;;;;;;x
PROV325;Yatasi;Yatasi;Yatasi;;;;;;;;;x
PROV326;Oachita;Oachita;Oachita;;;;;;;;;x
PROV327;Orejon;Orejon;Orejon;;;;;;;;;x
PROV328;Payaya;Payaya;Payaya;;;;;;;;;x
PROV329;Kitsai;Kitsai;Kitsai;;;;;;;;;x
PROV330;Lipan;Lipan;Lipan;;;;;;;;;x
PROV331;Kopano;Kopano;Kopano;;;;;;;;;x
PROV332;Atanaguaypacam;Atanaguaypacam;Atanaguaypacam;;;;;;;;;x
PROV333;Matamoros;Matamoros;Matamoros;;;;;;;;;x
PROV334;Chichén Itzá;Chichén Itzá;Chichén Itzá;;;;;;;;;x
PROV335;Tulum;Tulum;Tulum;;;;;;;;;x
PROV336;Dzidzantún;Dzidzantún;Dzidzantún;;;;;;;;;x
PROV337;Cetumal;Cetumal;Cetumal;;;;;;;;;x
PROV338;Tzucacab;Tzucacab;Tzucacab;;;;;;;;;x
PROV339;Becán;Becán;Becán;;;;;;;;;x
PROV340;Altun Ha;Altun Ha;Altun Ha;;;;;;;;;x
PROV341;Tikal;Tikal;Tikal;;;;;;;;;x
PROV342;Xunantunich;Xunantunich;Xunantunich;;;;;;;;;x
PROV343;Uaxactun;Uaxactun;Uaxactun;;;;;;;;;x
PROV344;Dzibilchaltún;Dzibilchaltún;Dzibilchaltún;;;;;;;;;x
PROV345;Edzná;Edzná;Edzná;;;;;;;;;x
PROV346;Uxmal;Uxmal;Uxmal;;;;;;;;;x
PROV347;Mayapan;Mayapan;Mayapan;;;;;;;;;x
PROV348;Okop;Okop;Okop;;;;;;;;;x
PROV349;Mamulique;Mamulique;Mamulique;;;;;;;;;x
PROV350;Caddo;Caddo;Caddo;;;;;;;;;x
PROV351;Patiri;Patiri;Patiri;;;;;;;;;x
PROV352;Bidai;Bidai;Bidai;;;;;;;;;x
PROV353;Akokisa;Akokisa;Akokisa;;;;;;;;;x
PROV354;Okelusa;Okelusa;Okelusa;;;;;;;;;x
PROV355;Atakapa;Atakapa;Atakapa;;;;;;;;;x
PROV356;Kinipisa;Kinipisa;Kinipisa;;;;;;;;;x
PROV357;Chitimacha;Chitimacha;Chitimacha;;;;;;;;;x
PROV358;Tunica;Tunica;Tunica;;;;;;;;;x
PROV359;Paducah;Paducah;Paducah;;;;;;;;;x
PROV360;Osceola;Osceola;Osceola;;;;;;;;;x
PROV361;Nogo;Nogo;Nogo;;;;;;;;;x
PROV362;Chaonia;Chaonia;Chaonia;;;;;;;;;x
PROV363;Mokita;Mokita;Mokita;;;;;;;;;x
PROV364;Saukenuk;Saukenuk;Saukenuk;;;;;;;;;x
PROV365;Nokomis;Nokomis;Nokomis;;;;;;;;;x
PROV366;Ottumwa;Ottumwa;Ottumwa;;;;;;;;;x
PROV367;Makataimeshe;Makataimeshe;Makataimeshe;;;;;;;;;x
PROV368;Taimah;Taimah;Taimah;;;;;;;;;x
PROV369;Meskwaki;Meskwaki;Meskwaki;;;;;;;;;x
PROV370;Milwaukee;Milwaukee;Milwaukee;;;;;;;;;x
PROV371;Oshkosh;Oshkosh;Oshkosh;;;;;;;;;x
PROV372;Knierim;Knierim;Knierim;;;;;;;;;x
PROV373;Chequamegon;Chequamegon;Chequamegon;;;;;;;;;x
PROV374;Nantounagon;Nantounagon;Nantounagon;;;;;;;;;x
PROV375;Kanabec;Kanabec;Kanabec;;;;;;;;;x
PROV376;Ahgwahching;Ahgwahching;Ahgwahching;;;;;;;;;x
PROV377;Nebagamon;Nebagamon;Nebagamon;;;;;;;;;x
PROV378;Pembina;Pembina;Pembina;;;;;;;;;x
PROV379;Oulu;Oulu;Oulu;;;;;;;;;x
PROV380;Waubun;Waubun;Waubun;;;;;;;;;x
PROV381;Uskabwanka;Uskabwanka;Uskabwanka;;;;;;;;;x
PROV382;Quetico;Quetico;Quetico;;;;;;;;;x
PROV383;Kabetogama;Kabetogama;Kabetogama;;;;;;;;;x
PROV384;Kamanistigouian;Kamanistigouian;Kamanistigouian;;;;;;;;;x
PROV385;Kakagi;Kakagi;Kakagi;;;;;;;;;x
PROV386;Wabakimi;Wabakimi;Wabakimi;;;;;;;;;x
PROV387;Hecla;Hecla;Hecla;;;;;;;;;x
PROV388;Misepawistik;Misepawistik;Misepawistik;;;;;;;;;x
PROV389;Assinica;Assinica;Assinica;;;;;;;;;x
PROV390;Atikaki;Atikaki;Atikaki;;;;;;;;;x
PROV391;Chibougamau;Chibougamau;Chibougamau;;;;;;;;;x
PROV392;Wapusk;Wapusk;Wapusk;;;;;;;;;x
PROV393;Manitoba;Manitoba;Manitoba;;;;;;;;;x
PROV394;Weippe;Weippe;Weippe;;;;;;;;;x
PROV395;Kootenai;Kootenai;Kootenai;;;;;;;;;x
PROV396;Kalispel;Kalispel;Kalispel;;;;;;;;;x
PROV397;Osoyoos;Osoyoos;Osoyoos;;;;;;;;;x
PROV398;Wasatch;Wasatch;Wasatch;;;;;;;;;x
PROV399;Bannock;Bannock;Bannock;;;;;;;;;x
PROV400;Pocatello;Pocatello;Pocatello;;;;;;;;;x
PROV401;Piegan;Piegan;Piegan;;;;;;;;;x
PROV402;Akaitikka;Akaitikka;Akaitikka;;;;;;;;;x
PROV403;Schitsu'umish;Schitsu'umish;Schitsu'umish;;;;;;;;;x
PROV404;Notus;Notus;Notus;;;;;;;;;x
PROV405;Spokane;Spokane;Spokane;;;;;;;;;x
PROV406;Borah;Borah;Borah;;;;;;;;;x
PROV407;Okanogan;Okanogan;Okanogan;;;;;;;;;x
PROV408;Tucannon;Tucannon;Tucannon;;;;;;;;;x
PROV409;Quatsino;Quatsino;Quatsino;;;;;;;;;x
PROV410;Kitsilano;Kitsilano;Kitsilano;;;;;;;;;x
PROV411;Keewatin;Keewatin;Keewatin;;;;;;;;;x
PROV412;Skagit;Skagit;Skagit;;;;;;;;;x
PROV413;Coweliske;Coweliske;Coweliske;;;;;;;;;x
PROV414;Kitsap;Kitsap;Kitsap;;;;;;;;;x
PROV415;Kalaloch;Kalaloch;Kalaloch;;;;;;;;;x
PROV416;Titonka;Titonka;Titonka;;;;;;;;;x
PROV417;Etzanoa;Etzanoa;Etzanoa;;;;;;;;;x
PROV418;Kitkehakhi;Kitkehakhi;Kitkehakhi;;;;;;;;;x
PROV419;Amaqua;Amaqua;Amaqua;;;;;;;;;x
PROV420;Meenon;Meenon;Meenon;;;;;;;;;x
PROV421;Wausau;Wausau;Wausau;;;;;;;;;x
PROV422;Maquoketa;Maquoketa;Maquoketa;;;;;;;;;x
PROV423;Anoka;Anoka;Anoka;;;;;;;;;x
PROV424;Okabena;Okabena;Okabena;;;;;;;;;x
PROV425;Minisose Swnkeebi;Minisose Swnkeebi;Minisose Swnkeebi;;;;;;;;;x
PROV426;Otsego;Otsego;Otsego;;;;;;;;;x
PROV427;Kakä'nikone;Kakä'nikone;Kakä'nikone;;;;;;;;;x
PROV428;Tawehash;Tawehash;Tawehash;;;;;;;;;x
PROV429;Wahkaw;Wahkaw;Wahkaw;;;;;;;;;x
PROV430;Omaha;Omaha;Omaha;;;;;;;;;x
PROV431;Ptegabina;Ptegabina;Ptegabina;;;;;;;;;x
PROV432;Ponca;Ponca;Ponca;;;;;;;;;x
PROV433;Nodaway;Nodaway;Nodaway;;;;;;;;;x
PROV434;Monona;Monona;Monona;;;;;;;;;x
PROV435;Winnetonka;Winnetonka;Winnetonka;;;;;;;;;x
PROV436;Cato;Cato;Cato;;;;;;;;;x
PROV437;Kuggaho;Kuggaho;Kuggaho;;;;;;;;;x
PROV438;Tanico;Tanico;Tanico;;;;;;;;;x
PROV439;Ozark;Ozark;Ozark;;;;;;;;;x
PROV440;Pocola;Pocola;Pocola;;;;;;;;;x
PROV441;Palisema;Palisema;Palisema;;;;;;;;;x
PROV442;Tuetinini;Tuetinini;Tuetinini;;;;;;;;;x
PROV443;Teya;Teya;Teya;;;;;;;;;x
PROV444;Indeislun Nakah;Indeislun Nakah;Indeislun Nakah;;;;;;;;;x
PROV445;Yojuane;Yojuane;Yojuane;;;;;;;;;x
PROV446;Koroa;Koroa;Koroa;;;;;;;;;x
PROV447;Hachcha Osi;Hachcha Osi;Hachcha Osi;;;;;;;;;x
PROV448;Natchitoches;Natchitoches;Natchitoches;;;;;;;;;x
PROV449;Tiou;Tiou;Tiou;;;;;;;;;x
PROV450;Ndáwe Qóha;Ndáwe Qóha;Ndáwe Qóha;;;;;;;;;x
PROV451;Tawakoni;Tawakoni;Tawakoni;;;;;;;;;x
PROV452;Kadawdáachuh;Kadawdáachuh;Kadawdáachuh;;;;;;;;;x
PROV453;Ammitaalasshé;Ammitaalasshé;Ammitaalasshé;;;;;;;;;x
PROV454;Kirikuúrukstu;Kirikuúrukstu;Kirikuúrukstu;;;;;;;;;x
PROV455;Nanih Waiya;Nanih Waiya;Nanih Waiya;;;;;;;;;x
PROV456;Tutilpinco;Tutilpinco;Tutilpinco;;;;;;;;;x
PROV457;Anilco;Anilco;Anilco;;;;;;;;;x
PROV458;Wapanocca;Wapanocca;Wapanocca;;;;;;;;;x
PROV459;Coahuiltecan;Coahuiltecan;Coahuiltecan;;;;;;;;;x
PROV460;Deadose;Deadose;Deadose;;;;;;;;;x
PROV461;Tonkawa;Tonkawa;Tonkawa;;;;;;;;;x
PROV462;Mayeye;Mayeye;Mayeye;;;;;;;;;x
PROV463;Tomoacas;Tomoacas;Tomoacas;;;;;;;;;x
PROV464;Sana;Sana;Sana;;;;;;;;;x
PROV465;Anáhuac;Anáhuac;Anáhuac;;;;;;;;;x
PROV466;Solano;Solano;Solano;;;;;;;;;x
PROV467;Guachichil;Guachichil;Guachichil;;;;;;;;;x
PROV468;Axocopan;Axocopan;Axocopan;;;;;;;;;x
PROV469;Xilotepec;Xilotepec;Xilotepec;;;;;;;;;x
PROV470;Tepeacac;Tepeacac;Tepeacac;;;;;;;;;x
PROV471;Quiauhteopan;Quiauhteopan;Quiauhteopan;;;;;;;;;x
PROV472;Tlatlauhquitepec;Tlatlauhquitepec;Tlatlauhquitepec;;;;;;;;;x
PROV473;Quauhtochco;Quauhtochco;Quauhtochco;;;;;;;;;x
PROV474;Tuchpa;Tuchpa;Tuchpa;;;;;;;;;x
PROV475;Orizaba;Orizaba;Orizaba;;;;;;;;;x
PROV476;Coatlicamac;Coatlicamac;Coatlicamac;;;;;;;;;x
PROV477;Minatitlan;Minatitlan;Minatitlan;;;;;;;;;x
PROV478;Tontontepec;Tontontepec;Tontontepec;;;;;;;;;x
PROV479;Ctzicoac;Ctzicoac;Ctzicoac;;;;;;;;;x
PROV480;Tlapacoyan;Tlapacoyan;Tlapacoyan;;;;;;;;;x
PROV481;Oaxaca;Oaxaca;Oaxaca;;;;;;;;;x
PROV482;Cuetlaxtlan;Cuetlaxtlan;Cuetlaxtlan;;;;;;;;;x
PROV483;Tamaholipa;Tamaholipa;Tamaholipa;;;;;;;;;x
PROV484;Acolhuacan;Acolhuacan;Acolhuacan;;;;;;;;;x
PROV485;Tlaxcala;Tlaxcala;Tlaxcala;;;;;;;;;x
PROV486;Xabizende;Xabizende;Xabizende;;;;;;;;;x
PROV487;Metztitlan;Metztitlan;Metztitlan;;;;;;;;;x
PROV488;Tochtepec;Tochtepec;Tochtepec;;;;;;;;;x
PROV489;Acapulco;Acapulco;Acapulco;;;;;;;;;x
PROV490;Chilpancinco;Chilpancinco;Chilpancinco;;;;;;;;;x
PROV491;Tututepaque;Tututepaque;Tututepaque;;;;;;;;;x
PROV492;Huaxtepec;Huaxtepec;Huaxtepec;;;;;;;;;x
PROV493;Yopitzinco;Yopitzinco;Yopitzinco;;;;;;;;;x
PROV494;Tlapan;Tlapan;Tlapan;;;;;;;;;x
PROV495;Tulancingo;Tulancingo;Tulancingo;;;;;;;;;x
PROV496;Teotitlan;Teotitlan;Teotitlan;;;;;;;;;x
PROV497;Coayxtlahuacan;Coayxtlahuacan;Coayxtlahuacan;;;;;;;;;x
PROV498;Tlachco;Tlachco;Tlachco;;;;;;;;;x
PROV499;Cihuatlan;Cihuatlan;Cihuatlan;;;;;;;;;x
PROV500;Tepequacuilco;Tepequacuilco;Tepequacuilco;;;;;;;;;x
PROV501;Ixtapa;Ixtapa;Ixtapa;;;;;;;;;x
PROV502;Quauhnahuac;Quauhnahuac;Quauhnahuac;;;;;;;;;x
PROV503;Quahuacan;Quahuacan;Quahuacan;;;;;;;;;x
PROV504;Palaú;Palaú;Palaú;;;;;;;;;x
PROV505;Petlacalco;Petlacalco;Petlacalco;;;;;;;;;x
PROV506;Colima;Colima;Colima;;;;;;;;;x
PROV507;Tlalcocauhtitlan;Tlalcocauhtitlan;Tlalcocauhtitlan;;;;;;;;;x
PROV508;Apatzingán;Apatzingán;Apatzingán;;;;;;;;;x
PROV509;Zacatlan;Zacatlan;Zacatlan;;;;;;;;;x
PROV510;Ocuilan;Ocuilan;Ocuilan;;;;;;;;;x
PROV511;Quaymas;Quaymas;Quaymas;;;;;;;;;x
PROV512;Pitic;Pitic;Pitic;;;;;;;;;x
PROV513;Tehuima;Tehuima;Tehuima;;;;;;;;;x
PROV514;Ures;Ures;Ures;;;;;;;;;x
PROV515;Ostimura;Ostimura;Ostimura;;;;;;;;;x
PROV516;Nuri;Nuri;Nuri;;;;;;;;;x
PROV517;Taos;Taos;Taos;;;;;;;;;x
PROV518;Ka'igwu;Ka'igwu;Ka'igwu;;;;;;;;;x
PROV519;Oóhenungpa;Oóhenungpa;Oóhenungpa;;;;;;;;;x
PROV520;Panismaha;Panismaha;Panismaha;;;;;;;;;x
PROV521;Jumano;Jumano;Jumano;;;;;;;;;x
PROV522;Tanpachoas;Tanpachoas;Tanpachoas;;;;;;;;;x
PROV523;Caguate;Caguate;Caguate;;;;;;;;;x
PROV524;Querecho;Querecho;Querecho;;;;;;;;;x
PROV525;Haisndayin;Haisndayin;Haisndayin;;;;;;;;;x
PROV526;Otoe;Otoe;Otoe;;;;;;;;;x
PROV527;Neosho;Neosho;Neosho;;;;;;;;;x
PROV528;Skiri;Skiri;Skiri;;;;;;;;;x
PROV529;Hanska;Hanska;Hanska;;;;;;;;;x
PROV530;Chokio;Chokio;Chokio;;;;;;;;;x
PROV531;Wichita;Wichita;Wichita;;;;;;;;;x
PROV532;Tó Pee Kuh;Tó Pee Kuh;Tó Pee Kuh;;;;;;;;;x
PROV533;Aguacane;Aguacane;Aguacane;;;;;;;;;x
PROV534;Otahkoiitahtayi;Otahkoiitahtayi;Otahkoiitahtayi;;;;;;;;;x
PROV535;Baahpuuo;Baahpuuo;Baahpuuo;;;;;;;;;x
PROV536;Kwantuqnu;Kwantuqnu;Kwantuqnu;;;;;;;;;x
PROV537;Natagé;Natagé;Natagé;;;;;;;;;x
PROV538;Tabas;Tabas;Tabas;;;;;;;;;x
PROV539;Nokoni;Nokoni;Nokoni;;;;;;;;;x
PROV540;Arapaho;Arapaho;Arapaho;;;;;;;;;x
PROV541;Hiakim;Hiakim;Hiakim;;;;;;;;;x
PROV542;Socaaix;Socaaix;Socaaix;;;;;;;;;x
PROV543;Cochimí;Cochimí;Cochimí;;;;;;;;;x
PROV544;Ashshipíte;Ashshipíte;Ashshipíte;;;;;;;;;x
PROV545;Kawulk;Kawulk;Kawulk;;;;;;;;;x
PROV546;Niitsítapi;Niitsítapi;Niitsítapi;;;;;;;;;x
PROV547;Bilapchashee;Bilapchashee;Bilapchashee;;;;;;;;;x
PROV548;Ashalaho;Ashalaho;Ashalaho;;;;;;;;;x
PROV549;Pembina;Pembina;Pembina;;;;;;;;;x
PROV550;Chaui;Chaui;Chaui;;;;;;;;;x
PROV551;Wadopahnatonwan;Wadopahnatonwan;Wadopahnatonwan;;;;;;;;;x
PROV552;Oglala;Oglala;Oglala;;;;;;;;;x
PROV553;Canhewincasta;Canhewincasta;Canhewincasta;;;;;;;;;x
PROV554;Waziyamwincasta;Waziyamwincasta;Waziyamwincasta;;;;;;;;;x
PROV555;Shasta;Shasta;Shasta;;;;;;;;;x
PROV556;Ochoco;Ochoco;Ochoco;;;;;;;;;x
PROV557;Kumeyaay;Kumeyaay;Kumeyaay;;;;;;;;;x
PROV558;Kiliwa;Kiliwa;Kiliwa;;;;;;;;;x
PROV559;Payomkowishum;Payomkowishum;Payomkowishum;;;;;;;;;x
PROV560;Pericú;Pericú;Pericú;;;;;;;;;x
PROV561;Waikuri;Waikuri;Waikuri;;;;;;;;;x
PROV562;Monqui;Monqui;Monqui;;;;;;;;;x
PROV563;Paipai;Paipai;Paipai;;;;;;;;;x
PROV564;Tachi;Tachi;Tachi;;;;;;;;;x
PROV565;Lesamo;Lesamo;Lesamo;;;;;;;;;x
PROV566;Rumsen;Rumsen;Rumsen;;;;;;;;;x
PROV567;Indogahwincasta;Indogahwincasta;Indogahwincasta;;;;;;;;;x
PROV568;Winona;Winona;Winona;;;;;;;;;x
PROV569;Shuswap;Shuswap;Shuswap;;;;;;;;;x
PROV570;Benewah;Benewah;Benewah;;;;;;;;;x
PROV571;Tolowa;Tolowa;Tolowa;;;;;;;;;x
PROV572;Washtucna;Washtucna;Washtucna;;;;;;;;;x
PROV573;Tualatin;Tualatin;Tualatin;;;;;;;;;x
PROV574;Karuk;Karuk;Karuk;;;;;;;;;x
PROV575;Olekwo'l;Olekwo'l;Olekwo'l;;;;;;;;;x
PROV576;Echeedickarshahshay;Echeedickarshahshay;Echeedickarshahshay;;;;;;;;;x
PROV577;Cheetiish;Cheetiish;Cheetiish;;;;;;;;;x
PROV578;Absaroka;Absaroka;Absaroka;;;;;;;;;x
PROV579;Manso;Manso;Manso;;;;;;;;;x
PROV580;Miniconjou;Miniconjou;Miniconjou;;;;;;;;;x
PROV581;Sahnish;Sahnish;Sahnish;;;;;;;;;x
PROV582;Yakima;Yakima;Yakima;;;;;;;;;x
PROV583;Walla Walla;Walla Walla;Walla Walla;;;;;;;;;x
PROV584;Wallowa;Wallowa;Wallowa;;;;;;;;;x
PROV585;Kittitas;Kittitas;Kittitas;;;;;;;;;x
PROV586;Umatilla;Umatilla;Umatilla;;;;;;;;;x
PROV587;Ni'ekeni;Ni'ekeni;Ni'ekeni;;;;;;;;;x
PROV588;Ópata;Ópata;Ópata;;;;;;;;;x
PROV589;Jova;Jova;Jova;;;;;;;;;x
PROV590;Concho;Concho;Concho;;;;;;;;;x
PROV591;Suma;Suma;Suma;;;;;;;;;x
PROV592;Cananea;Cananea;Cananea;;;;;;;;;x
PROV593;Chukchansi;Chukchansi;Chukchansi;;;;;;;;;x
PROV594;Chumash;Chumash;Chumash;;;;;;;;;x
PROV595;Tihachipia;Tihachipia;Tihachipia;;;;;;;;;x
PROV596;Tana;Tana;Tana;;;;;;;;;x
PROV597;Taaqtam;Taaqtam;Taaqtam;;;;;;;;;x
PROV598;Mulegé;Mulegé;Mulegé;;;;;;;;;x
PROV599;Tantáwats;Tantáwats;Tantáwats;;;;;;;;;x
PROV600;Altamura;Altamura;Altamura;;;;;;;;;x
PROV601;Mazatlan;Mazatlan;Mazatlan;;;;;;;;;x
PROV602;Ocoroni;Ocoroni;Ocoroni;;;;;;;;;x
PROV603;U'uvak;U'uvak;U'uvak;;;;;;;;;x
PROV604;Cuk Son;Cuk Son;Cuk Son;;;;;;;;;x
PROV605;Cuk Do'ag;Cuk Do'ag;Cuk Do'ag;;;;;;;;;x
PROV606;Yuum;Yuum;Yuum;;;;;;;;;x
PROV607;Cocopa;Cocopa;Cocopa;;;;;;;;;x
PROV608;Miwok;Miwok;Miwok;;;;;;;;;x
PROV609;Zacatecos;Zacatecos;Zacatecos;;;;;;;;;x
PROV610;Tlahualilo;Tlahualilo;Tlahualilo;;;;;;;;;x
PROV611;Chihuahua;Chihuahua;Chihuahua;;;;;;;;;x
PROV612;Moanunt;Moanunt;Moanunt;;;;;;;;;x
PROV613;Parral;Parral;Parral;;;;;;;;;x
PROV614;Acuna;Acuna;Acuna;;;;;;;;;x
PROV615;O'ob No'ok;O'ob No'ok;O'ob No'ok;;;;;;;;;x
PROV616;Patwin;Patwin;Patwin;;;;;;;;;x
PROV617;Wintu;Wintu;Wintu;;;;;;;;;x
PROV618;Koyom'kawi;Koyom'kawi;Koyom'kawi;;;;;;;;;x
PROV619;Karkin;Karkin;Karkin;;;;;;;;;x
PROV620;Pomo;Pomo;Pomo;;;;;;;;;x
PROV621;Maidu;Maidu;Maidu;;;;;;;;;x
PROV622;Ajúmmááwí;Ajúmmááwí;Ajúmmááwí;;;;;;;;;x
PROV623;Goshute;Goshute;Goshute;;;;;;;;;x
PROV624;Wasco-Wishram;Wasco-Wishram;Wasco-Wishram;;;;;;;;;x
PROV625;Ute;Ute;Ute;;;;;;;;;x
PROV626;Talca;Talca;Talca;;;;;;;;;x
PROV627;Tucuman;Tucuman;Tucuman;;;;;;;;;x
PROV628;Aconcagua;Aconcagua;Aconcagua;;;;;;;;;x
PROV629;Oruro;Oruro;Oruro;;;;;;;;;x
PROV630;Curva;Curva;Curva;;;;;;;;;x
PROV631;Yacuma;Yacuma;Yacuma;;;;;;;;;x
PROV632;Abuna;Abuna;Abuna;;;;;;;;;x
PROV633;Cuzco;Cuzco;Cuzco;;;;;;;;;x
PROV634;Yurimaguas;Yurimaguas;Yurimaguas;;;;;;;;;x
PROV635;Tarapoto;Tarapoto;Tarapoto;;;;;;;;;x
PROV636;Tocache;Tocache;Tocache;;;;;;;;;x
PROV637;Tarapacá;Tarapacá;Tarapacá;;;;;;;;;x
PROV638;Cundinamarca;Cundinamarca;Cundinamarca;;;;;;;;;x
PROV639;Bucaramanga;Bucaramanga;Bucaramanga;;;;;;;;;x
PROV640;Mitu;Mitu;Mitu;;;;;;;;;x
PROV641;Yopal;Yopal;Yopal;;;;;;;;;x
PROV642;Boyacá;Boyacá;Boyacá;;;;;;;;;x
PROV643;Tamshiyaca;Tamshiyaca;Tamshiyaca;;;;;;;;;x
PROV644;Tolima;Tolima;Tolima;;;;;;;;;x
PROV645;Ampiyacu;Ampiyacu;Ampiyacu;;;;;;;;;x
PROV646;Hunza;Hunza;Hunza;;;;;;;;;x
PROV647;Bocata;Bocata;Bocata;;;;;;;;;x
PROV648;Iquitos;Iquitos;Iquitos;;;;;;;;;x
PROV649;Abancay;Abancay;Abancay;;;;;;;;;x
PROV650;Nazca;Nazca;Nazca;;;;;;;;;x
PROV651;Yurubi;Yurubi;Yurubi;;;;;;;;;x
PROV652;Mariche;Mariche;Mariche;;;;;;;;;x
PROV653;Caquetio;Caquetio;Caquetio;;;;;;;;;x
PROV654;Pachaconas;Pachaconas;Pachaconas;;;;;;;;;x
PROV655;Chan Chan;Chan Chan;Chan Chan;;;;;;;;;x
PROV656;Fusagasuga;Fusagasuga;Fusagasuga;;;;;;;;;x
PROV657;Tumbes;Tumbes;Tumbes;;;;;;;;;x
PROV658;Nukak Tunahi;Nukak Tunahi;Nukak Tunahi;;;;;;;;;x
PROV659;Calamar;Calamar;Calamar;;;;;;;;;x
PROV660;Aruwage;Aruwage;Aruwage;;;;;;;;;x
PROV661;Potosi;Potosi;Potosi;;;;;;;;;x
PROV662;Incallacta;Incallacta;Incallacta;;;;;;;;;x
PROV663;Sumapaz;Sumapaz;Sumapaz;;;;;;;;;x
PROV664;Piura;Piura;Piura;;;;;;;;;x
PROV665;Limaq;Limaq;Limaq;;;;;;;;;x
PROV666;Cajamarca;Cajamarca;Cajamarca;;;;;;;;;x
PROV667;Chachapoyas;Chachapoyas;Chachapoyas;;;;;;;;;x
PROV668;Tocoa;Tocoa;Tocoa;;;;;;;;;x
PROV669;Jutiapa;Jutiapa;Jutiapa;;;;;;;;;x
PROV670;Catacamas;Catacamas;Catacamas;;;;;;;;;x
PROV671;Comayagua;Comayagua;Comayagua;;;;;;;;;x
PROV672;Choluteca;Choluteca;Choluteca;;;;;;;;;x
PROV673;Terreon;Terreon;Terreon;;;;;;;;;x
PROV674;Caliacan;Caliacan;Caliacan;;;;;;;;;x
PROV675;Guamuchil;Guamuchil;Guamuchil;;;;;;;;;x
PROV676;Matehuala;Matehuala;Matehuala;;;;;;;;;x
PROV677;Canatlán;Canatlán;Canatlán;;;;;;;;;x
PROV678;Izapa;Izapa;Izapa;;;;;;;;;x
PROV679;Topia;Topia;Topia;;;;;;;;;x
PROV680;Tepehuán;Tepehuán;Tepehuán;;;;;;;;;x
PROV681;Usulutan;Usulutan;Usulutan;;;;;;;;;x
PROV682;Cubulero;Cubulero;Cubulero;;;;;;;;;x
PROV683;Petoa;Petoa;Petoa;;;;;;;;;x
PROV684;Cuyamel;Cuyamel;Cuyamel;;;;;;;;;x
PROV685;Popayan;Popayan;Popayan;;;;;;;;;x
PROV686;Huarango;Huarango;Huarango;;;;;;;;;x
PROV687;Sanquianga;Sanquianga;Sanquianga;;;;;;;;;x
PROV688;Motupe;Motupe;Motupe;;;;;;;;;x
PROV689;Tungurahua;Tungurahua;Tungurahua;;;;;;;;;x
PROV690;Guataqui;Guataqui;Guataqui;;;;;;;;;x
PROV691;Cotopaxi;Cotopaxi;Cotopaxi;;;;;;;;;x
PROV692;Mosquera;Mosquera;Mosquera;;;;;;;;;x
PROV693;Quibdo;Quibdo;Quibdo;;;;;;;;;x
PROV694;Uramba;Uramba;Uramba;;;;;;;;;x
PROV695;Cali;Cali;Cali;;;;;;;;;x
PROV696;Ibagué;Ibagué;Ibagué;;;;;;;;;x
PROV697;Azogues;Azogues;Azogues;;;;;;;;;x
PROV698;Pasto;Pasto;Pasto;;;;;;;;;x
PROV699;Masaya;Masaya;Masaya;;;;;;;;;x
PROV700;Tumaco;Tumaco;Tumaco;;;;;;;;;x
PROV701;Ouitiguá;Ouitiguá;Ouitiguá;;;;;;;;;x
PROV702;Opalaca;Opalaca;Opalaca;;;;;;;;;x
PROV703;Copán;Copán;Copán;;;;;;;;;x
PROV704;Tonalá;Tonalá;Tonalá;;;;;;;;;x
PROV705;Chantuto;Chantuto;Chantuto;;;;;;;;;x
PROV706;Abaj Takalik;Abaj Takalik;Abaj Takalik;;;;;;;;;x
PROV707;Kaminaljuyú;Kaminaljuyú;Kaminaljuyú;;;;;;;;;x
PROV708;Chichigalpa;Chichigalpa;Chichigalpa;;;;;;;;;x
PROV709;Siquirres;Siquirres;Siquirres;;;;;;;;;x
PROV710;Chulcanas;Chulcanas;Chulcanas;;;;;;;;;x
PROV711;Guayaquil;Guayaquil;Guayaquil;;;;;;;;;x
PROV712;Sixaola;Sixaola;Sixaola;;;;;;;;;x
PROV713;Gualaca;Gualaca;Gualaca;;;;;;;;;x
PROV714;Tocumen;Tocumen;Tocumen;;;;;;;;;x
PROV715;Itagui;Itagui;Itagui;;;;;;;;;x
PROV716;Süchiimma;Süchiimma;Süchiimma;;;;;;;;;x
PROV717;Pampán;Pampán;Pampán;;;;;;;;;x
PROV718;Coro;Coro;Coro;;;;;;;;;x
PROV719;Tamaca;Tamaca;Tamaca;;;;;;;;;x
PROV720;Churuguara;Churuguara;Churuguara;;;;;;;;;x
PROV721;Wayúu;Wayúu;Wayúu;;;;;;;;;x
PROV722;Cabimas;Cabimas;Cabimas;;;;;;;;;x
PROV723;Quillacingas;Quillacingas;Quillacingas;;;;;;;;;x
PROV724;Chitre;Chitre;Chitre;;;;;;;;;x
PROV725;Canazas;Canazas;Canazas;;;;;;;;;x
PROV726;Pinogana;Pinogana;Pinogana;;;;;;;;;x
PROV727;Chiriqui;Chiriqui;Chiriqui;;;;;;;;;x
PROV728;Gatún;Gatún;Gatún;;;;;;;;;x
PROV729;Guácimo;Guácimo;Guácimo;;;;;;;;;x
PROV730;Hojancha;Hojancha;Hojancha;;;;;;;;;x
PROV731;Jacó;Jacó;Jacó;;;;;;;;;x
PROV732;Upala;Upala;Upala;;;;;;;;;x
PROV733;Guanacaste;Guanacaste;Guanacaste;;;;;;;;;x
PROV734;Ocotal;Ocotal;Ocotal;;;;;;;;;x
PROV735;Senahú;Senahú;Senahú;;;;;;;;;x
PROV736;Ahuachapan;Ahuachapan;Ahuachapan;;;;;;;;;x
PROV737;Macuspana;Macuspana;Macuspana;;;;;;;;;x
PROV738;Tuxtla;Tuxtla;Tuxtla;;;;;;;;;x
PROV739;Chankultic;Chankultic;Chankultic;;;;;;;;;x
PROV740;Coatzalcoalcos;Coatzalcoalcos;Coatzalcoalcos;;;;;;;;;x
PROV741;Coyolapan;Coyolapan;Coyolapan;;;;;;;;;x
PROV742;Yoaltepec;Yoaltepec;Yoaltepec;;;;;;;;;x
PROV743;Sultepec;Sultepec;Sultepec;;;;;;;;;x
PROV744;Hualahuises;Hualahuises;Hualahuises;;;;;;;;;x
PROV745;Ixhuatán;Ixhuatán;Ixhuatán;;;;;;;;;x
PROV746;Huatulco;Huatulco;Huatulco;;;;;;;;;x
PROV747;Sepinpacam;Sepinpacam;Sepinpacam;;;;;;;;;x
PROV748;Xicalanco;Xicalanco;Xicalanco;;;;;;;;;x
PROV749;Yaxchilán;Yaxchilán;Yaxchilán;;;;;;;;;x
PROV750;Tlachquiauco;Tlachquiauco;Tlachquiauco;;;;;;;;;x
PROV751;Tecpatán;Tecpatán;Tecpatán;;;;;;;;;x
PROV752;Palenque;Palenque;Palenque;;;;;;;;;x
PROV753;Acayucan;Acayucan;Acayucan;;;;;;;;;x
PROV754;Calákmul;Calákmul;Calákmul;;;;;;;;;x
PROV755;Cantú;Cantú;Cantú;;;;;;;;;x
PROV756;Anaya;Anaya;Anaya;;;;;;;;;x
PROV757;Guatibacoa;Guatibacoa;Guatibacoa;;;;;;;;;x
PROV758;Iximche;Iximche;Iximche;;;;;;;;;x
PROV759;Lacanhá;Lacanhá;Lacanhá;;;;;;;;;x
PROV760;Comalcalco;Comalcalco;Comalcalco;;;;;;;;;x
PROV761;Salama;Salama;Salama;;;;;;;;;x
PROV762;Zacatecoluca;Zacatecoluca;Zacatecoluca;;;;;;;;;x
PROV763;Kruta;Kruta;Kruta;;;;;;;;;x
PROV764;Caratasca;Caratasca;Caratasca;;;;;;;;;x
PROV765;Tawahka;Tawahka;Tawahka;;;;;;;;;x
PROV766;Yulu;Yulu;Yulu;;;;;;;;;x
PROV767;Cayo;Cayo;Cayo;;;;;;;;;x
PROV768;Julgalpa;Julgalpa;Julgalpa;;;;;;;;;x
PROV769;Tibú;Tibú;Tibú;;;;;;;;;x
PROV770;Guajiro;Guajiro;Guajiro;;;;;;;;;x
PROV771;Arhuaco;Arhuaco;Arhuaco;;;;;;;;;x
PROV772;Pongueyca;Pongueyca;Pongueyca;;;;;;;;;x
PROV773;Panzenú;Panzenú;Panzenú;;;;;;;;;x
PROV774;Zenú;Zenú;Zenú;;;;;;;;;x
PROV775;Sahagún;Sahagún;Sahagún;;;;;;;;;x
PROV776;Finzenú;Finzenú;Finzenú;;;;;;;;;x
PROV777;Yurbaco;Yurbaco;Yurbaco;;;;;;;;;x
PROV778;Achagua;Achagua;Achagua;;;;;;;;;x
PROV779;Yarumal;Yarumal;Yarumal;;;;;;;;;x
PROV780;Ayapel;Ayapel;Ayapel;;;;;;;;;x
PROV781;Mompos;Mompos;Mompos;;;;;;;;;x
PROV782;Magangué;Magangué;Magangué;;;;;;;;;x
PROV783;Yukpa;Yukpa;Yukpa;;;;;;;;;x
PROV784;Macuira;Macuira;Macuira;;;;;;;;;x
PROV785;Maracay;Maracay;Maracay;;;;;;;;;x
PROV786;Curacoa;Curacoa;Curacoa;;;;;;;;;x
PROV787;Yanomami;Yanomami;Yanomami;;;;;;;;;x
PROV788;Tocuyito;Tocuyito;Tocuyito;;;;;;;;;x
PROV789;Canaima;Canaima;Canaima;;;;;;;;;x
PROV790;Sarisarinama;Sarisarinama;Sarisarinama;;;;;;;;;x
PROV791;Aguaro;Aguaro;Aguaro;;;;;;;;;x
PROV792;Roraima;Roraima;Roraima;;;;;;;;;x
PROV793;Brokopondo;Brokopondo;Brokopondo;;;;;;;;;x
PROV794;Guyana;Guyana;Guyana;;;;;;;;;x
PROV795;Pariaguán;Pariaguán;Pariaguán;;;;;;;;;x
PROV796;Caracas;Caracas;Caracas;;;;;;;;;x
PROV797;Imataca;Imataca;Imataca;;;;;;;;;x
PROV798;Warao;Warao;Warao;;;;;;;;;x
PROV799;Marahuaca;Marahuaca;Marahuaca;;;;;;;;;x
PROV800;Anaco;Anaco;Anaco;;;;;;;;;x
PROV801;Tipuro;Tipuro;Tipuro;;;;;;;;;x
PROV802;Carupano;Carupano;Carupano;;;;;;;;;x
PROV803;Tucupita;Tucupita;Tucupita;;;;;;;;;x
PROV804;Kairi;Kairi;Kairi;;;;;;;;;x
PROV805;Aloubaéra;Aloubaéra;Aloubaéra;;;;;;;;;x
PROV806;Camerhorne;Camerhorne;Camerhorne;;;;;;;;;x
PROV807;Hiroon;Hiroon;Hiroon;;;;;;;;;x
PROV808;Hewanorra;Hewanorra;Hewanorra;;;;;;;;;x
PROV809;Madinina;Madinina;Madinina;;;;;;;;;x
PROV810;Waitbuli;Waitbuli;Waitbuli;;;;;;;;;x
PROV811;Karoukera;Karoukera;Karoukera;;;;;;;;;x
PROV812;Kùutsmil;Kùutsmil;Kùutsmil;;;;;;;;;x
PROV813;Ichirouagana;Ichirouagana;Ichirouagana;;;;;;;;;x
PROV814;Alliouagana;Alliouagana;Alliouagana;;;;;;;;;x
PROV815;Waladli;Waladli;Waladli;;;;;;;;;x
PROV816;Caguas;Caguas;Caguas;;;;;;;;;x
PROV817;Utuado;Utuado;Utuado;;;;;;;;;x
PROV818;Liamuiga;Liamuiga;Liamuiga;;;;;;;;;x
PROV819;Ay-ay;Ay-ay;Ay-ay;;;;;;;;;x
PROV820;Caicos;Caicos;Caicos;;;;;;;;;x
PROV821;Mayaguana;Mayaguana;Mayaguana;;;;;;;;;x
PROV822;Guanahaní;Guanahaní;Guanahaní;;;;;;;;;x
PROV823;Bayaquitiri;Bayaquitiri;Bayaquitiri;;;;;;;;;x
PROV824;Iabaquen;Iabaquen;Iabaquen;;;;;;;;;x
PROV825;Abaco;Abaco;Abaco;;;;;;;;;x
PROV826;Anhaica;Anhaica;Anhaica;;;;;;;;;x
PROV827;Asile;Asile;Asile;;;;;;;;;x
PROV828;Ocamanirí;Ocamanirí;Ocamanirí;;;;;;;;;x
PROV829;Ajaruco;Ajaruco;Ajaruco;;;;;;;;;x
PROV830;Guanajatabey;Guanajatabey;Guanajatabey;;;;;;;;;x
PROV831;Mayabeque;Mayabeque;Mayabeque;;;;;;;;;x
PROV832;Chambas;Chambas;Chambas;;;;;;;;;x
PROV833;Bayamo;Bayamo;Bayamo;;;;;;;;;x
PROV834;Cabaiguan;Cabaiguan;Cabaiguan;;;;;;;;;x
PROV835;Camagüey;Camagüey;Camagüey;;;;;;;;;x
PROV836;Jobabo;Jobabo;Jobabo;;;;;;;;;x
PROV837;Higüey;Higüey;Higüey;;;;;;;;;x
PROV838;Cotui;Cotui;Cotui;;;;;;;;;x
PROV839;Niquero;Niquero;Niquero;;;;;;;;;x
PROV840;Bayaguana;Bayaguana;Bayaguana;;;;;;;;;x
PROV841;Guantanamo;Guantanamo;Guantanamo;;;;;;;;;x
PROV842;Baracoa;Baracoa;Baracoa;;;;;;;;;x
PROV843;Yaguana;Yaguana;Yaguana;;;;;;;;;x
PROV844;Xaragua;Xaragua;Xaragua;;;;;;;;;x
PROV845;Neyba;Neyba;Neyba;;;;;;;;;x
PROV846;Mombin-Crochu;Mombin-Crochu;Mombin-Crochu;;;;;;;;;x
PROV847;Maguana;Maguana;Maguana;;;;;;;;;x
PROV848;Kalamazoo;Kalamazoo;Kalamazoo;;;;;;;;;x
PROV849;Babeque;Babeque;Babeque;;;;;;;;;x
PROV850;Souris;Souris;Souris;;;;;;;;;x
PROV851;Xcaret;Xcaret;Xcaret;;;;;;;;;x
PROV852;Yaguas;Yaguas;Yaguas;;;;;;;;;x
PROV853;Pacaya;Pacaya;Pacaya;;;;;;;;;x
PROV854;Ambato;Ambato;Ambato;;;;;;;;;x
PROV855;Baniwa;Baniwa;Baniwa;;;;;;;;;x
PROV856;Quiriquire;Quiriquire;Quiriquire;;;;;;;;;x
PROV857;Auaké;Auaké;Auaké;;;;;;;;;x
PROV858;Timotes;Timotes;Timotes;;;;;;;;;x
PROV859;Orinoco;Orinoco;Orinoco;;;;;;;;;x
PROV860;Motilon;Motilon;Motilon;;;;;;;;;x
PROV861;Tucacas;Tucacas;Tucacas;;;;;;;;;x
PROV862;Jirajara;Jirajara;Jirajara;;;;;;;;;x
PROV863;Catatumbo;Catatumbo;Catatumbo;;;;;;;;;x
PROV864;Guyabo;Guyabo;Guyabo;;;;;;;;;x
PROV865;Chariguana;Chariguana;Chariguana;;;;;;;;;x
PROV866;Migures;Migures;Migures;;;;;;;;;x
PROV867;Ayacucho;Ayacucho;Ayacucho;;;;;;;;;x
PROV868;Cuicas;Cuicas;Cuicas;;;;;;;;;x
PROV869;Mucuchíe;Mucuchíe;Mucuchíe;;;;;;;;;x
PROV870;Ye'kuana;Ye'kuana;Ye'kuana;;;;;;;;;x
PROV871;Uiramutá;Uiramutá;Uiramutá;;;;;;;;;x
PROV872;Mucajai;Mucajai;Mucajai;;;;;;;;;x
PROV873;Kumake;Kumake;Kumake;;;;;;;;;x
PROV874;Sipaliwini;Sipaliwini;Sipaliwini;;;;;;;;;x
PROV875;Amapá;Amapá;Amapá;;;;;;;;;x
PROV876;Paramaribo;Paramaribo;Paramaribo;;;;;;;;;x
PROV877;Pracuúba;Pracuúba;Pracuúba;;;;;;;;;x
PROV878;Kourou;Kourou;Kourou;;;;;;;;;x
PROV879;Oiapoque;Oiapoque;Oiapoque;;;;;;;;;x
PROV880;Macapá;Macapá;Macapá;;;;;;;;;x
PROV881;Itapipoca;Itapipoca;Itapipoca;;;;;;;;;x
PROV882;Chapadinha;Chapadinha;Chapadinha;;;;;;;;;x
PROV883;Piracuruca;Piracuruca;Piracuruca;;;;;;;;;x
PROV884;Ceará;Ceará;Ceará;;;;;;;;;x
PROV885;Pará;Pará;Pará;;;;;;;;;x
PROV886;Taviwatsiu;Taviwatsiu;Taviwatsiu;;;;;;;;;x
PROV887;Cassia;Cassia;Cassia;;;;;;;;;x
PROV888;Kopata;Kopata;Kopata;;;;;;;;;x
PROV889;Yantarii;Yantarii;Yantarii;;;;;;;;;x
PROV890;Nambe;Nambe;Nambe;;;;;;;;;x
PROV891;Hwalbáy;Hwalbáy;Hwalbáy;;;;;;;;;x
PROV892;Hawikku;Hawikku;Hawikku;;;;;;;;;x
PROV893;Tée-wah;Tée-wah;Tée-wah;;;;;;;;;x
PROV894;Guaviare;Guaviare;Guaviare;;;;;;;;;x
PROV895;Orayvi;Orayvi;Orayvi;;;;;;;;;x
PROV896;Chemehuevi;Chemehuevi;Chemehuevi;;;;;;;;;x
PROV897;Numa;Numa;Numa;;;;;;;;;x
PROV898;Moapa;Moapa;Moapa;;;;;;;;;x
PROV899;Moyobamba;Moyobamba;Moyobamba;;;;;;;;;x
PROV900;Arequipa;Arequipa;Arequipa;;;;;;;;;x
PROV901;Tiahuanacu;Tiahuanacu;Tiahuanacu;;;;;;;;;x
PROV902;Tacna;Tacna;Tacna;;;;;;;;;x
PROV903;Iquique;Iquique;Iquique;;;;;;;;;x
PROV904;Chipaya;Chipaya;Chipaya;;;;;;;;;x
PROV905;Cotahuasi;Cotahuasi;Cotahuasi;;;;;;;;;x
PROV906;Chiribiquete;Chiribiquete;Chiribiquete;;;;;;;;;x
PROV907;Puinawai;Puinawai;Puinawai;;;;;;;;;x
PROV908;Gespeg;Gespeg;Gespeg;;;;;;;;;x
PROV909;Amazonia;Amazonia;Amazonia;;;;;;;;;x
PROV910;Nunavut;Nunavut;Nunavut;;;;;;;;;x
PROV911;Sergipe;Sergipe;Sergipe;;;;;;;;;x
PROV912;Xique-Xique;Xique-Xique;Xique-Xique;;;;;;;;;x
PROV913;Itaúna;Itaúna;Itaúna;;;;;;;;;x
PROV914;Itanagra;Itanagra;Itanagra;;;;;;;;;x
PROV915;Iguaçu;Iguaçu;Iguaçu;;;;;;;;;x
PROV916;Paraiba;Paraiba;Paraiba;;;;;;;;;x
PROV917;Pernambuco;Pernambuco;Pernambuco;;;;;;;;;x
PROV918;Azua;Azua;Azua;;;;;;;;;x
PROV919;Tocantins;Tocantins;Tocantins;;;;;;;;;x
PROV920;Igarapé;Igarapé;Igarapé;;;;;;;;;x
PROV921;Jaguariúna;Jaguariúna;Jaguariúna;;;;;;;;;x
PROV922;Goiás;Goiás;Goiás;;;;;;;;;x
PROV923;Pampas;Pampas;Pampas;;;;;;;;;x
PROV924;Cerrado;Cerrado;Cerrado;;;;;;;;;x
PROV925;Pacaembu;Pacaembu;Pacaembu;;;;;;;;;x
PROV926;Itaquaquecetuba;Itaquaquecetuba;Itaquaquecetuba;;;;;;;;;x
PROV927;Tanhaçu;Tanhaçu;Tanhaçu;;;;;;;;;x
PROV928;Ipatinga;Ipatinga;Ipatinga;;;;;;;;;x
PROV929;Pakawa;Pakawa;Pakawa;;;;;;;;;x
PROV930;Lake Superior;Lake Superior;Lake Superior;;;;;;;;;x
PROV931;Gichigami;Gichigami;Gichigami;;;;;;;;;x
PROV932;Lake Michigan;Lake Michigan;Lake Michigan;;;;;;;;;x
PROV933;Lake Huron;Lake Huron;Lake Huron;;;;;;;;;x
PROV934;Karegnondi;Karegnondi;Karegnondi;;;;;;;;;x
PROV935;Lake Erie;Lake Erie;Lake Erie;;;;;;;;;x
PROV936;Lake Ontario;Lake Ontario;Lake Ontario;;;;;;;;;x
PROV937;Kahnawá'kye;Kahnawá'kye;Kahnawá'kye;;;;;;;;;x
PROV938;Kaniatarowanenneh;Kaniatarowanenneh;Kaniatarowanenneh;;;;;;;;;x
PROV939;Gaspé Coast;Gaspé Coast;Gaspé Coast;;;;;;;;;x
PROV940;Anticosti Coast;Anticosti Coast;Anticosti Coast;;;;;;;;;x
PROV941;South Vinland Coast;South Vinland Coast;South Vinland Coast;;;;;;;;;x
PROV942;North Vinland Coast;North Vinland Coast;North Vinland Coast;;;;;;;;;x
PROV943;Epekwitk Coast;Epekwitk Coast;Epekwitk Coast;;;;;;;;;x
PROV944;West Beothuk Coast;West Beothuk Coast;West Beothuk Coast;;;;;;;;;x
PROV945;Únamakika Coast;Únamakika Coast;Únamakika Coast;;;;;;;;;x
PROV946;Wagobagitik Bay;Wagobagitik Bay;Wagobagitik Bay;;;;;;;;;x
PROV947;Keespongwitk Cape;Keespongwitk Cape;Keespongwitk Cape;;;;;;;;;x
PROV948;Penobscot Bay;Penobscot Bay;Penobscot Bay;;;;;;;;;x
PROV949;Montauk Coast;Montauk Coast;Montauk Coast;;;;;;;;;x
PROV950;Chesapeake Bay;Chesapeake Bay;Chesapeake Bay;;;;;;;;;x
PROV951;Cape Hatteras;Cape Hatteras;Cape Hatteras;;;;;;;;;x
PROV952;Sewee Coast;Sewee Coast;Sewee Coast;;;;;;;;;x
PROV953;Guale Coast;Guale Coast;Guale Coast;;;;;;;;;x
PROV954;Mayaca Coast;Mayaca Coast;Mayaca Coast;;;;;;;;;x
PROV955;Calusa Coast;Calusa Coast;Calusa Coast;;;;;;;;;x
PROV956;Lucayan Archipelago;Lucayan Archipelago;Lucayan Archipelago;;;;;;;;;x
PROV957;Caicos Sea;Caicos Sea;Caicos Sea;;;;;;;;;x
PROV958;Bayamo Coast;Bayamo Coast;Bayamo Coast;;;;;;;;;x
PROV959;Calusa Coast;Calusa Coast;Calusa Coast;;;;;;;;;x
PROV960;Tocaste Coast;Tocaste Coast;Tocaste Coast;;;;;;;;;x
PROV961;Apalachicoli Coast;Apalachicoli Coast;Apalachicoli Coast;;;;;;;;;x
PROV962;Mouth of the Mississippi;Mouth of the Mississippi;Mouth of the Mississippi;;;;;;;;;x
PROV963;Chitimacha Coast;Chitimacha Coast;Chitimacha Coast;;;;;;;;;x
PROV964;Karankawa Coast;Karankawa Coast;Karankawa Coast;;;;;;;;;x
PROV965;Tamaholipa Coast;Tamaholipa Coast;Tamaholipa Coast;;;;;;;;;x
PROV966;Tochtepec Coast;Tochtepec Coast;Tochtepec Coast;;;;;;;;;x
PROV967;Xicalanco Coast;Xicalanco Coast;Xicalanco Coast;;;;;;;;;x
PROV968;Chichén Itzá Coast;Chichén Itzá Coast;Chichén Itzá Coast;;;;;;;;;x
PROV969;Yucatán Cape;Yucatán Cape;Yucatán Cape;;;;;;;;;x
PROV970;Mayabeque Coast;Mayabeque Coast;Mayabeque Coast;;;;;;;;;x
PROV971;Gulf of Mexico;Gulf of Mexico;Gulf of Mexico;;;;;;;;;x
PROV972;Gulf of Mexico;Gulf of Mexico;Gulf of Mexico;;;;;;;;;x
PROV973;Gulf of Mexico;Gulf of Mexico;Gulf of Mexico;;;;;;;;;x
PROV974;Cetumal Coast;Cetumal Coast;Cetumal Coast;;;;;;;;;x
PROV975;Gulf of Honduras;Gulf of Honduras;Gulf of Honduras;;;;;;;;;x
PROV976;Cayman Islands;Cayman Islands;Cayman Islands;;;;;;;;;x
PROV977;Ajaruco Coast;Ajaruco Coast;Ajaruco Coast;;;;;;;;;x
PROV978;Cabaiguan Coast;Cabaiguan Coast;Cabaiguan Coast;;;;;;;;;x
PROV979;Miskito Coast;Miskito Coast;Miskito Coast;;;;;;;;;x
PROV980;Cayo Coast;Cayo Coast;Cayo Coast;;;;;;;;;x
PROV981;Chiriqui Coast;Chiriqui Coast;Chiriqui Coast;;;;;;;;;x
PROV982;Gulf of Darién;Gulf of Darién;Gulf of Darién;;;;;;;;;x
PROV983;Pongueyca Coast;Pongueyca Coast;Pongueyca Coast;;;;;;;;;x
PROV984;Gulf of Venezuela;Gulf of Venezuela;Gulf of Venezuela;;;;;;;;;x
PROV985;Lake Maracaibo;Lake Maracaibo;Lake Maracaibo;;;;;;;;;x
PROV986;Caracas Coast;Caracas Coast;Caracas Coast;;;;;;;;;x
PROV987;Kairi Coast;Kairi Coast;Kairi Coast;;;;;;;;;x
PROV988;Windward Islands;Windward Islands;Windward Islands;;;;;;;;;x
PROV989;Leeward Islands;Leeward Islands;Leeward Islands;;;;;;;;;x
PROV990;Caguas Coast;Caguas Coast;Caguas Coast;;;;;;;;;x
PROV991;Higüey Coast;Higüey Coast;Higüey Coast;;;;;;;;;x
PROV992;Maguana Coast;Maguana Coast;Maguana Coast;;;;;;;;;x
PROV993;Camagüey Coast;Camagüey Coast;Camagüey Coast;;;;;;;;;x
PROV994;Neyba Coast;Neyba Coast;Neyba Coast;;;;;;;;;x
PROV995;Guantanamo Coast;Guantanamo Coast;Guantanamo Coast;;;;;;;;;x
PROV996;The Wash;The Wash;The Wash;;;;;;;;;x
PROV997;Coast of Xaymaca;Coast of Xaymaca;Coast of Xaymaca;;;;;;;;;x
PROV998;Caribbean Sea;Caribbean Sea;Caribbean Sea;;;;;;;;;x
PROV999;Caribbean Sea;Caribbean Sea;Caribbean Sea;;;;;;;;;x
PROV1000;Caribbean Sea;Caribbean Sea;Caribbean Sea;;;;;;;;;x
PROV1001;Caribbean Sea;Caribbean Sea;Caribbean Sea;;;;;;;;;x
PROV1002;Kourou Coast;Kourou Coast;Kourou Coast;;;;;;;;;x
PROV1003;Chapadinha Coast;Chapadinha Coast;Chapadinha Coast;;;;;;;;;x
PROV1004;Cape Paraiba;Cape Paraiba;Cape Paraiba;;;;;;;;;x
PROV1005;Itanagra Coast;Itanagra Coast;Itanagra Coast;;;;;;;;;x
PROV1006;Ipatinga Coast;Ipatinga Coast;Ipatinga Coast;;;;;;;;;x
PROV1007;Iguaçu Coast;Iguaçu Coast;Iguaçu Coast;;;;;;;;;x
PROV1008;North Beothuk Coast;North Beothuk Coast;North Beothuk Coast;;;;;;;;;x
PROV1009;East Beothuk Coast;East Beothuk Coast;East Beothuk Coast;;;;;;;;;x
PROV1010;South Beothuk Coast;South Beothuk Coast;South Beothuk Coast;;;;;;;;;x
PROV1011;Gulf of Panamá;Gulf of Panamá;Gulf of Panamá;;;;;;;;;x
PROV1012;Uramba Coast;Uramba Coast;Uramba Coast;;;;;;;;;x
PROV1013;Guayaquil Coast;Guayaquil Coast;Guayaquil Coast;;;;;;;;;x
PROV1014;Limaq Coast;Limaq Coast;Limaq Coast;;;;;;;;;x
PROV1015;Arequipa Coast;Arequipa Coast;Arequipa Coast;;;;;;;;;x
PROV1016;Talca Coast;Talca Coast;Talca Coast;;;;;;;;;x
PROV1017;Canazas Coast;Canazas Coast;Canazas Coast;;;;;;;;;x
PROV1018;Hojancha Coast;Hojancha Coast;Hojancha Coast;;;;;;;;;x
PROV1019;Choluteca Coast;Choluteca Coast;Choluteca Coast;;;;;;;;;x
PROV1020;Izapa Coast;Izapa Coast;Izapa Coast;;;;;;;;;x
PROV1021;Ixhuatlán Coast;Ixhuatlán Coast;Ixhuatlán Coast;;;;;;;;;x
PROV1022;Acapulco Coast;Acapulco Coast;Acapulco Coast;;;;;;;;;x
PROV1023;Cihuatlan Coast;Cihuatlan Coast;Cihuatlan Coast;;;;;;;;;x
PROV1024;Zacatlan Coast;Zacatlan Coast;Zacatlan Coast;;;;;;;;;x
PROV1025;Ocoroni Coast;Ocoroni Coast;Ocoroni Coast;;;;;;;;;x
PROV1026;Gulf of California;Gulf of California;Gulf of California;;;;;;;;;x
PROV1027;Mouth of the Colorado;Mouth of the Colorado;Mouth of the Colorado;;;;;;;;;x
PROV1028;Pericú Coast;Pericú Coast;Pericú Coast;;;;;;;;;x
PROV1029;Waikuri Coast;Waikuri Coast;Waikuri Coast;;;;;;;;;x
PROV1030;Cochimi Coast;Cochimi Coast;Cochimi Coast;;;;;;;;;x
PROV1031;Chumash Coast;Chumash Coast;Chumash Coast;;;;;;;;;x
PROV1032;Karkin Coast;Karkin Coast;Karkin Coast;;;;;;;;;x
PROV1033;Pomo Coast;Pomo Coast;Pomo Coast;;;;;;;;;x
PROV1034;Tolowa Coast;Tolowa Coast;Tolowa Coast;;;;;;;;;x
PROV1035;Salish Sea;Salish Sea;Salish Sea;;;;;;;;;x
PROV1036;Mississippi Mouth;Mississippi Mouth;Mississippi Mouth;;;;;;;;;x
PROV1037;Mississippi River1;Mississippi River1;Mississippi River1;;;;;;;;;x
PROV1038;Mississippi River2;Mississippi River2;Mississippi River2;;;;;;;;;x
PROV1039;Red River;Red River;Red River;;;;;;;;;x
PROV1040;Mississippi River3;Mississippi River3;Mississippi River3;;;;;;;;;x
PROV1041;Arkansas River1;Arkansas River1;Arkansas River1;;;;;;;;;x
PROV1042;Arkansas River2;Arkansas River2;Arkansas River2;;;;;;;;;x
PROV1043;Mississippi River4;Mississippi River4;Mississippi River4;;;;;;;;;x
PROV1044;Mississippi River5;Mississippi River5;Mississippi River5;;;;;;;;;x
PROV1045;Mississippi River6;Mississippi River6;Mississippi River6;;;;;;;;;x
PROV1046;Ohio River;Ohio River;Ohio River;;;;;;;;;x
PROV1047;Ohio River;Ohio River;Ohio River;;;;;;;;;x
PROV1048;Missouri River;Missouri River;Missouri River;;;;;;;;;x
PROV1049;Missouri River;Missouri River;Missouri River;;;;;;;;;x
PROV1050;Alabama River;Alabama River;Alabama River;;;;;;;;;x
PROV1051;Hudson River;Hudson River;Hudson River;;;;;;;;;x
PROV1052;Connecticut River;Connecticut River;Connecticut River;;;;;;;;;x
PROV1053;Ottawa River;Ottawa River;Ottawa River;;;;;;;;;x
PROV1054;Sabine River;Sabine River;Sabine River;;;;;;;;;x
PROV1055;Rio Grande Mouth;Rio Grande Mouth;Rio Grande Mouth;;;;;;;;;x
PROV1056;Rio Grande River1;Rio Grande River1;Rio Grande River1;;;;;;;;;x
PROV1057;Rio Grande River2;Rio Grande River2;Rio Grande River2;;;;;;;;;x
PROV1058;Colorado Mouth;Colorado Mouth;Colorado Mouth;;;;;;;;;x
PROV1059;Colorado River;Colorado River;Colorado River;;;;;;;;;x
PROV1060;Sacramento River;Sacramento River;Sacramento River;;;;;;;;;x
PROV1061;Columbia Mouth;Columbia Mouth;Columbia Mouth;;;;;;;;;x
PROV1062;Columbia River;Columbia River;Columbia River;;;;;;;;;x
PROV1063;Panuco River;Panuco River;Panuco River;;;;;;;;;x
PROV1064;Santiago River;Santiago River;Santiago River;;;;;;;;;x
PROV1065;Balsas River;Balsas River;Balsas River;;;;;;;;;x
PROV1066;Usumacinta River;Usumacinta River;Usumacinta River;;;;;;;;;x
PROV1067;Grijalva River;Grijalva River;Grijalva River;;;;;;;;;x
PROV1068;Magdalena Mouth;Magdalena Mouth;Magdalena Mouth;;;;;;;;;x
PROV1069;Magdalena River;Magdalena River;Magdalena River;;;;;;;;;x
PROV1070;Orinoco Mouth;Orinoco Mouth;Orinoco Mouth;;;;;;;;;x
PROV1071;Orinoco River;Orinoco River;Orinoco River;;;;;;;;;x
PROV1072;Francisco River;Francisco River;Francisco River;;;;;;;;;x
