celide;Céli Dé;Céli Dé;Céli Dé;;Céli Dé;;;;;;;;;x
buddhism;Theravada;;;;;;;;;;;;;x
sabellianist;Sabellianist;Sabellianisme;Sabellianismus;;Sabelianismo;;;;;;;;;x
arian;Arian;Arian;Arian;;Arriano;;;;;;;;;x
apollinarist;Apollinarist;Apollinarisme;Apollinarismus;;Apollinarismo;;;;;;;;;x
miaphysite;Miaphysite;Miaphysite;Miaphysitischen;;Miaphysite;;;;;;;;;x
melkite;Melkite;Melkite;Melkitischen;;Melquita;;;;;;;;;x
tewahedo;Tewahedo;Tewahedo;Tewahedo;;Tewahedo;;;;;;;;;x
gregorian;Gregorian;Grégorien;Gregorianisch;;Gregoriano;;;;;;;;;x
hussite;Hussite;Hussite;Hussitischen;;Husita;;;;;;;;;x
sufi;Sufi;Sufi;Sufi;;Sufi;;;;;;;;;x
ismaili;Isma'ili;Isma'ili;Isma'ili;;Isma'ili;;;;;;;;;x
khariji;Khariji;Khariji;Khariji;;Khariji;;;;;;;;;x
druidic_pagan;Druidic;Druidisme;Druidismus;;Druidísmo;;;;;;;;;x
slavic_pagan;Slavianstvo;Slavianstvo;Slavianstvo;;Slavianstvo;;;;;;;;;x
germanic_pagan;Wodanaz;Wodanaz;Wodanaz;;Wodanaz;;;;;;;;;x
greek_pagan;Hellenismos;Hellenismos;Hellenismos;;Hellenismos;;;;;;;;;x
roman_pagan;Mos Maiorum;Mos Maiorum;Mos Maiorum;;Mos Maiorum;;;;;;;;;x
magyar_pagan;Táltoskövetö;Táltoskövetö;Táltoskövetö;;Táltoskövetö;;;;;;;;;x
basque_pagan;Marijarraitzaile;Marijarraitzaile;Marijarraitzaile;;Marijarraitzaile;;;;;;;;;x
latvian_pagan;Dievturïba;Dievturïba;Dievturïba;;Dievturïba;;;;;;;;;x
lappish_pagan;Noaidevuohta;Noaidevuohta;Noaidevuohta;;Noaidevuohta;;;;;;;;;x
armenian_pagan;Ditsovhetevord;Ditsovhetevord;Ditsovhetevord;;Ditsovhetevord;;;;;;;;;x
avar_pagan;Vainakh;Vainakh;Vainakh;;Vainakh;;;;;;;;;x
komi_pagan;Voipel'lov;Voipel'lov;Voipel'lov;;Voipel'lov;;;;;;;;;x
samoyedic_pagan;Tadibya;Tadibya;Tadibya;;Tadibya;;;;;;;;;x
estonian_pagan;Taarausk;Taarausk;Taarausk;;Taarausk;;;;;;;;;x
volga_pagan;Chimariy Yüla;Chimariy Yüla;Chimariy Yüla;;Chimariy Yüla;;;;;;;;;x
yugra_pagan;Torumiy;Torumiy;Torumiy;;Torumiy;;;;;;;;;x
africa_pagan;African Pagan;Païen l'Afrique;Afrikaner Heidnisch;;Pagano de África;;;;;;;;;x
guanchinet_pagan;Achamáni;Achamáni;Achamáni;;Achamánista;;;;;;;;;x
berber_pagan;Amanai;Amanai;Amanai;;Amanaista;;;;;;;;;x
vodun_pagan;Vodun;Vodun;Vodun;;Vodun;;;;;;;;;x
zoroastrian;Mazdaist;Mazdéisme;Mazdaismus;;Mazdeísmo;;;;;;;;;x
zurvanist;Zurvanist;Zurvanisme;Zurvanismus;;Zurvanísmo;;;;;;;;;x
dharmic;Dharmic;Dharmique;Dharmisch;;Dhármica;;;;;;;;;x
hindu;Hindu;Hindou;Hindu;;Hindú;;;;;;;;;x
jain;Jain;Jaïn;Jain;;Jain;;;;;;;;;x
buddhism_group;Buddhist;Bouddhiste;Buddhist;;Budista;;;;;;;;;x
theravada;Theravada;Theravada;Theravada;;Theravada;;;;;;;;;x
mahayana;Mahayana;Mahayana;Mahayana;;Mahayana;;;;;;;;;x
vajrayana;Vajrayana;Vajrayana;Vajrayana;;Vajrayana;;;;;;;;;x
steppe_pagan;Steppes Pagan;Païen des Steppes;Steppen Heidnisch;;Pagano de las Estepas;;;;;;;;;x
mesoamerican_pagan;Mesoamerican Pagan;Mésoaméricain Païenne;Mesoamerikanischen Heidnisch;;Mesoamericana Pagano;;;;;;;;;x
chinese_religion;Chinese Pagan;Chinoise Païen;Chinesische Heidnisch;;Pagano Chino;;;;;;;;;x
shenjiao;Shénjiào;Shénjiào;Schénjiào;;Sénjiào;;;;;;;;;x
tao;Zheng Yi Dào (Orthodox Unity Taoist);Zheng Yi Dào (Unité Orthodoxe Taoïste);Zheng Yi Dào (Orthodoxen Einheit der Taoistischen);;Zheng Yi Dào (Unidad Ortodoxa Taoísta);;;;;;;;;x
quanzhen;Quanzhen Dào (All True Taoist);Quanzhen Dào (Tout Taoïste Vrai);Quanzhen Dào (Alle Wahren Taoistischen);;Quanzhen Dào (Todos Taoísta Verdadero);;;;;;;;;x
shangqing;Shangqing Dào (Supreme Clarity Taoist);Shangqing Dào (Taoïste Clarté Suprême);Shangqing Dào (Obersten Klarheit Taoistischen);;Shangqing Dào (Claridad Suprema Taoísta);;;;;;;;;x
confucian;Rújiä (Confucian);Rújiä (Confucéenne);Rújiä (Konfuzianer);;Rújiä (Confuciano);;;;;;;;;x
korean_religion;Korean Pagan;Corée Païen;Koreanische Heidnisch;;Pagano Coreano;;;;;;;;;x
shingyo;Shingyo;Shingyo;Schingyo;;Singyo;;;;;;;;;x
japanese_religion;Japanese Pagan;Japonaise Païen;Japanische Heidnisch;;Pagano Japonesa;;;;;;;;;x
nihon_shinto;Shinto;Shinto;Schinto;;Sinto;;;;;;;;;x
ainu_pantheism;Katunkamuy;Katunkamuï;Katunkamui;;Katunkamuí;;;;;;;;;x
japanese_buddhism;Heian;Heian;Heian;;Heian;;;;;;;;;x
ryukyu_shinto;Koshinto;Koshinto;Koschinto;;Kosinto;;;;;;;;;x
kamakura_buddhism;Kamakura;Kamakura;Kamakura;;Kamakura;;;;;;;;;x
indochinese_religion;Indochinese Pagan;Indochinoise Païen;Indochinesische Heidnisch;;Pagano Indochino;;;;;;;;;x
bon;Bön;Bön;Bön;;Bön;;;;;;;;;x
austronesian_religion;Austronesian Pagan;Austronesian Païen;Austronesian Heidnisch;;Pagano Austronesian;;;;;;;;;x
melanesian_religion;Imunu;Imunu;Imunu;;Imunu;;;;;;;;;x
taiwanese_religion;Inibs;Inibs;Inibs;;Inibs;;;;;;;;;x
philippine_religion;Anito;Anito;Anito;;Anito;;;;;;;;;x
bornean_religion;Kaharingan;Kaharingan;Kaharingan;;Kaharingan;;;;;;;;;x
sulawesi_religion;Aluk;Aluk;Aluk;;Aluk;;;;;;;;;x
flores_religion;Marapu;Marapu;Marapu;;Marapu;;;;;;;;;x
java_religion;Kejawen;Kejawen;Kejawen;;Kejawen;;;;;;;;;x
sumatran_religion;Malim;Malim;Malim;;Malim;;;;;;;;;x
malagasy_religion;Andrianerinerinan;Andrianerinerinan;Andrianerinerinan;;Andrianerinerinan;;;;;;;;;x
judaic;Judaic;Judaïque;Judaisch;;Judaico;;;;;;;;;x
haredi;Haredi;Haredi;Haredi;;Haredi;;;;;;;;;x
shomroni;Shomroni;Shomroni;Shomroni;;Shomroni;;;;;;;;;x
qabbalah;Qabbalah;Qabbalah;Qabbalah;;Qabbalah;;;;;;;;;x
CHEREM;Cherem;Cherem;Cherem;;Cherem;;;;;;;;;x
GOD_YHWH;Yahweh;Yahvé;Jahwe;;Yahweh;;;;;;;;;x
GOD_ELOHIM;Elohim;Elohim;Elohim;;Elohim;;;;;;;;;x
GOD_ACHAMAN;Achamán;Achamán;Achamán;;Achamán;;;;;;;;;x
GOD_CHAXIRAXI;Chaxiraxi;Chaxiraxi;Chaxiraxi;;Chaxiraxi;;;;;;;;;x
GOD_CHIJORAJI;Chijoraji;Chijoraji;Chijoraji;;Chijoraji;;;;;;;;;x
GOD_MAGEC;Magec;Magec;Magec;;Magec;;;;;;;;;x
GOD_ACHUGUAYO;Achuguayo;Achuguayo;Achuguayo;;Achuguayo;;;;;;;;;x
GOD_ACHUHUCANAC;Achuhucanac;Achuhucanac;Achuhucanac;;Achuhucanac;;;;;;;;;x
GOD_GUAYOTA;Guayota;Guayota;Guayota;;Guayota;;;;;;;;;x
GOD_THE_MAXOIS;the Maxios;les Maxios;die Maxios;;Los Maxios;;;;;;;;;x
GOD_ZURVAN;Zurvan;Zurvan;Zurvan;;Zurvan;;;;;;;;;x
GOD_TAWUSE_MELEK;Tawûsê Melek;Tawûsê Melek;Tawûsê Melek;;Tawûsê Melek;;;;;;;;;x
GOD_THE_HEPTAD;the Heptad;les Archanges;die Erzengel;;los Arcángeles;;;;;;;;;x
GOD_BUDDHA;Buddha;Bouddha;Buddha;;Buda;;;;;;;;;x
GOD_HOTOKE;Hotoke;Hotoke;Hotoke;;Hotoke;;;;;;;;;x
GOD_XWA;Xwa;Xwa;Xwa;;Xwa;;;;;;;;;x
GOD_BHAGAVAN;Bhagavan;Bhagavan;Bhagavan;;Bhagavan;;;;;;;;;x
GOD_PARAMESHWARA;Parameshwara;Parameshwara;Parameshwara;;Parameshwara;;;;;;;;;x
GOD_THE_TIRTHANKARAS;the Tirthankaras;l'Tirthankaras;die Tirthankaras;;los Tirthankaras;;;;;;;;;x
GOD_RISHABHA;Rishabha;Rishabha;Rishabha;;Rishabha;;;;;;;;;x
GOD_MAHAVIRA;Mahavira;Mahavira;Mahavira;;Mahavira;;;;;;;;;x
GOD_BODHISATTVA;Bodhisattva;Bodhisattva;Bodhisattva;;Bodhisattva;;;;;;;;;x
GOD_SHANGDI;Shangdi;Shangdi;Shangdi;Shangdi;Shangdi;;;;;;;;;x
GOD_PANGU;Pangu;Pangu;Pangu;Pangu;Pangu;;;;;;;;;x
GOD_FUXI;Fuxi;Fuxi;Fuxi;Fuxi;Fuxi;;;;;;;;;x
GOD_NUWA;Nuwa;Nuwa;Nuwa;Nuwa;Nuwa;;;;;;;;;x
GOD_SHENNONG;Shennong;Shennong;Shennong;Shennong;Shennong;;;;;;;;;x
GOD_HUANGDI;Huangdi;Huangdi;Huangdi;Huangdi;Huangdi;;;;;;;;;x
GOD_GUAN_YU;Guan Yu;Guan Yu;Guan Yu;Guan Yu;Guan Yu;;;;;;;;;x
GOD_CAISHEN;Caishen;Caishen;Caishen;Caishen;Caishen;;;;;;;;;x
GOD_THE_JIUHUANG_DAI;The Jiuhuang Dai;The Jiuhuang Dai;The Jiuhuang Dai;The Jiuhuang Dai;The Jiuhuang Dai;;;;;;;;;x
GOD_QIYE;Qiye;Qiye;Qiye;Qiye;Qiye;;;;;;;;;x
GOD_BAYE;Baye;Baye;Baye;Baye;Baye;;;;;;;;;x
GOD_YU_HUANG;Yu Huang;Yu Huang;Yu Huang;Yu Huang;Yu Huang;;;;;;;;;x
GOD_TUDI_GONG;Tudi Gong;Tudi Gong;Tudi Gong;Tudi Gong;Tudi Gong;;;;;;;;;x
GOD_WENCHANGDI;Wenchangdi;Wenchangdi;Wenchangdi;Wenchangdi;Wenchangdi;;;;;;;;;x
GOD_XI_WANGMU;Xi Wangmu;Xi Wangmu;Xi Wangmu;Xi Wangmu;Xi Wangmu;;;;;;;;;x
GOD_YUEXIA_LAOREN;Yuexia Laoren;Yuexia Laoren;Yuexia Laoren;Yuexia Laoren;Yuexia Laoren;;;;;;;;;x
GOD_ZAOSHEN;Zaoshen;Zaoshen;Zaoshen;Zaoshen;Zaoshen;;;;;;;;;x
GOD_MAZU;Mazu;Mazu;Mazu;Mazu;Mazu;;;;;;;;;x
GOD_SHOUSHEN;Shoushen;Shoushen;Shoushen;Shoushen;Shoushen;;;;;;;;;x
GOD_FUSHEN;Fushen;Fushen;Fushen;Fushen;Fushen;;;;;;;;;x
GOD_LUSHEN;Lushen;Lushen;Lushen;Lushen;Lushen;;;;;;;;;x
GOD_YUQING;Yuqing;Yuqing;Yuqing;Yuqing;Yuqing;;;;;;;;;x
GOD_SHANGQING;Shangqing;Shangqing;Shangqing;Shangqing;Shangqing;;;;;;;;;x
GOD_TAIQING;Taiqing;Taiqing;Taiqing;Taiqing;Taiqing;;;;;;;;;x
GOD_GUAN_YU;Guan Yu;Guan Yu;Guan Yu;Guan Yu;Guan Yu;;;;;;;;;x
GOD_THE_BAXIAN;The Baxian;The Baxian;The Baxian;The Baxian;The Baxian;;;;;;;;;x
GOD_HUYE;Huye;Huye;Huye;Huye;Huye;;;;;;;;;x
GOD_HUANGDI;Huangdi;Huangdi;Huangdi;Huangdi;Huangdi;;;;;;;;;x
GOD_XI_WANGMU;Xi Wangmu;Xi Wangmu;Xi Wangmu;Xi Wangmu;Xi Wangmu;;;;;;;;;x
GOD_YU_HUANG;Yu Huang;Yu Huang;Yu Huang;Yu Huang;Yu Huang;;;;;;;;;x
GOD_CHANG'E;Chang'e;Chang'e;Chang'e;Chang'e;Chang'e;;;;;;;;;x
GOD_SONGZI_NIANGNIANG;Songzi Niangniang;Songzi Niangniang;Songzi Niangniang;Songzi Niangniang;Songzi Niangniang;;;;;;;;;x
GOD_MA_GU;Ma Gu;Ma Gu;Ma Gu;Ma Gu;Ma Gu;;;;;;;;;x
GOD_KONG_FUZI;Khuwngx Bju-cix;Khuwngx Bju-cix;Khuwngx Bju-cix;;Khuwngx Bju-cix;;;;;;;;;x
GOD_THE_FOUR_CORRELATES;the Four Correlates;les Quatre Corrélats;die Vier Korrelate;;Cuatro de los Correlatos;;;;;;;;;x
GOD_THE_TWELVE_PHILOSOPHERS;the Twelve Philosophers;les Douze Philosophes;die zwölf Philosophen;;Doce de los Filósofos;;;;;;;;;x
GOD_HANEUL-NIM;Haneul-nim;Haneul-nim;Haneul-nim;;Haneul-nim;;;;;;;;;x
GOD_DALSOON-NIM;Dalsoon-nim;Dalsoon-nim;Dalsoon-nim;;Dalsoon-nim;;;;;;;;;x
GOD_HAESIK-NIM;Haesik-nim;Haesik-nim;Haesik-nim;;Haesik-nim;;;;;;;;;x
GOD_CHEONHA_DAEJANGGUN;Cheonha Daejanggun;Cheonha Daejanggun;Cheonha Daejanggun;;Cheonha Daejanggun;;;;;;;;;x
GOD_JIHA_YEOJANGGUN;Jiha Yeojanggun;Jiha Yeojanggun;Jiha Yeojanggun;;Jiha Yeojanggun;;;;;;;;;x
GOD_YONGWANG;Yongwang;Yongwang;Yongwang;;Yongwang;;;;;;;;;x
GOD_HWANIN;Hwanin;Hwanin;Hwanin;;Hwanin;;;;;;;;;x
GOD_HWANUNG;Hwanung;Hwanung;Hwanung;;Hwanung;;;;;;;;;x
GOD_UNGNYEO;Ungnyeo;Ungnyeo;Ungnyeo;;Ungnyeo;;;;;;;;;x
GOD_DANGUN;Dangun;Dangun;Dangun;;Dangun;;;;;;;;;x
GOD_THE_SEON-NYEO;the Seon-nyeo;les Seon-nyeo;die Seon-nyeo;;las Seon-nyeo;;;;;;;;;x
GOD_THE_GWISHIN;the Gwishin;les Gwishin;die Gwishin;;los Gwishin;;;;;;;;;x
GOD_YUL-RYEO;Yul-ryeo;Yul-ryeo;Yul-ryeo;;Yul-ryeo;;;;;;;;;x
GOD_MAGO;Mago;Mago;Mago;;Mago;;;;;;;;;x
GOD_YEONGDEUNGSIN;Yeongdeungsin;Yeongdeungsin;Yeongdeungsin;;Yeongdeungsin;;;;;;;;;x
GOD_KAMI;the Kami;les Kami;die Kami;;los Kami;;;;;;;;;x
GOD_AMATERASU;Amaterasu;Amaterasu;Amaterasu;;Amaterasu;;;;;;;;;x
GOD_SARUTAHIKO;Sarutahiko;Sarutahiko;Sarutahiko;;Sarutahiko;;;;;;;;;x
GOD_IZANAGI;Izanagi;Izanagi;Izanagi;;Izanagi;;;;;;;;;x
GOD_IZANAMI;Izanami;Izanami;Izanami;;Izanami;;;;;;;;;x
GOD_MICHIKAESHI;Michikaeshi;Michikaeshi;Michikaeshi;;Michikaeshi;;;;;;;;;x
GOD_SASHIKUNI;Sashikuni;Sashikuni;Sashikuni;;Sashikuni;;;;;;;;;x
GOD_AME-NO-UZUME;Ame-no-Uzume;Ame-no-Uzume;Ame-no-Uzume;;Ame-no-Uzume;;;;;;;;;x
GOD_INARI;Inari;Inari;Inari;;Inari;;;;;;;;;x
GOD_SUSANOO;Susanoo;Susanoo;Susanoo;;Susanoo;;;;;;;;;x
GOD_TSUKUYOMI;Tsukuyomi;Tsukuyomi;Tsukuyomi;;Tsukuyomi;;;;;;;;;x
GOD_AME-NO-KOYANE;Ame-no-Koyane;Ame-no-Koyane;Ame-no-Koyane;;Ame-no-Koyane;;;;;;;;;x
GOD_FUJIN;Fujin;Fujin;Fujin;;Fujin;;;;;;;;;x
GOD_HACHIMAN;Hachiman;Hachiman;Hachiman;;Hachiman;;;;;;;;;x
GOD_NINIGI;Ninigi;Ninigi;Ninigi;;Ninigi;;;;;;;;;x
GOD_OMOIKANE;Omoikane;Omoikane;Omoikane;;Omoikane;;;;;;;;;x
GOD_RAIJIN;Raijin;Raijin;Raijin;;Raijin;;;;;;;;;x
GOD_RYUJIN;Ryujin;Ryujin;Ryujin;;Ryujin;;;;;;;;;x
GOD_SUIJIN;Suijin;Suijin;Suijin;;Suijin;;;;;;;;;x
GOD_SUKUNA-BIKO-NA;Sukuna-Biko-Na;Sukuna-Biko-Na;Sukuna-Biko-Na;;Sukuna-Biko-Na;;;;;;;;;x
GOD_TENJIN;Tenjin;Tenjin;Tenjin;;Tenjin;;;;;;;;;x
GOD_OTOHIME;Otohime;Otohime;Otohime;;Otohime;;;;;;;;;x
GOD_UKE_MOCHI;Uke Mochi;Uke Mochi;Uke Mochi;;Uke Mochi;;;;;;;;;x
GOD_AMATSU-MIABOSHI;Amatsu-Mikaboshi;Amatsu-Mikaboshi;Amatsu-Mikaboshi;;Amatsu-Mikaboshi;;;;;;;;;x
GOD_KONOHANASAKUYA-HIME;Konohanasakuya-hime;Konohanasakuya-hime;Konohanasakuya-hime;;Konohanasakuya-hime;;;;;;;;;x
GOD_OHOYAMATSUMI;Ohoyamatsumi;Ohoyamatsumi;Ohoyamatsumi;;Ohoyamatsumi;;;;;;;;;x
GOD_MITAMA;the Mitama;les Mitama;die Mitama;;los Mitama;;;;;;;;;x
GOD_KAGU-TSUCHI;Kagu-tsuchi;Kagu-tsuchi;Kagu-tsuchi;;Kagu-tsuchi;;;;;;;;;x
GOD_WATATSUMI;Watatsumi;Watatsumi;Watatsumi;;Watatsumi;;;;;;;;;x
GOD_KURAOKAMI;Kuraokami;Kuraokami;Kuraokami;;Kuraokami;;;;;;;;;x
GOD_KAMUY;the Kamuy;les Kamuy;die Kamuy;;los Kamuy;;;;;;;;;x
GOD_FUCHI;Fuchi;Fuchi;Fuchi;;Fuchi;;;;;;;;;x
GOD_KANNA;Kanna;Kanna;Kanna;;Kanna;;;;;;;;;x
GOD_HASH-INAU-UK;Hash-Inau-uk;Hash-Inau-uk;Hash-Inau-uk;;Hash-Inau-uk;;;;;;;;;x
GOD_KANDAKORO;Kandakoro;Kandakoro;Kandakoro;;Kandakoro;;;;;;;;;x
GOD_WAKA-USH;Waka-ush;Waka-ush;Waka-ush;;Waka-ush;;;;;;;;;x
GOD_MINTAKORO;Mintakoro;Mintakoro;Mintakoro;;Mintakoro;;;;;;;;;x
GOD_RUKORO;Rukoro;Rukoro;Rukoro;;Rukoro;;;;;;;;;x
GOD_CHIKAP;Chikap;Chikap;Chikap;;Chikap;;;;;;;;;x
GOD_MOSHIRIKARA;Moshirikara;Moshirikara;Moshirikara;;Moshirikara;;;;;;;;;x
GOD_REPUN;Repun;Repun;Repun;;Repun;;;;;;;;;x
GOD_KIM-UN;Kim-un;Kim-un;Kim-un;;Kim-un;;;;;;;;;x
GOD_AMAMIKIYO;Amamikiyo;Amamikiyo;Amamikiyo;;Amamikiyo;;;;;;;;;x
GOD_RYUGU;Ryugu;Ryugu;Ryugu;;Ryugu;;;;;;;;;x
GOD_FUTUCHI;the Futuchi;les Futuchi;die Futuchi;;los Futuchi;;;;;;;;;x
GOD_UTIN;Utin;Utin;Utin;;Utin;;;;;;;;;x
GOD_JIICJI;Jiichi;Jiichi;Jiichi;;Jiichi;;;;;;;;;x
GOD_HINUKAN;Hinukan;Hinukan;Hinukan;;Hinukan;;;;;;;;;x
GOD_FUURU_NU_KAMI;Fuuru nu Kami;Fuuru nu Kami;Fuuru nu Kami;;Fuuru nu Kami;;;;;;;;;x
GOD_SIPE_GYALMO;Sipe Gyalmo;Sipe Gyalmo;Sipe Gyalmo;;Sipe Gyalmo;;;;;;;;;x
GOD_YESHE_WALMO;Yeshe Walmo;Yeshe Walmo;Yeshe Walmo;;Yeshe Walmo;;;;;;;;;x
GOD_PHO-LHA;Pho-lha;Pho-lha;Pho-lha;;Pho-lha;;;;;;;;;x
GOD_PHUK-LHA;Phuk-lha;Phuk-lha;Phuk-lha;;Phuk-lha;;;;;;;;;x
GOD_SHEN-LHA_OKAR;Shen-lha Odkar;Shen-lha Odkar;Shen-lha Odkar;;Shen-lha Odkar;;;;;;;;;x
GOD_TONPA_SHENRAB;Tonpa Shenrab;Tonpa Shenrab;Tonpa Shenrab;;Tonpa Shenrab;;;;;;;;;x
GOD_SATRIG_ERSANG;Satrig Ersang;Satrig Ersang;Satrig Ersang;;Satrig Ersang;;;;;;;;;x
GOD_SANGPO_BUMTRI;Sangpo Bumtri;Sangpo Bumtri;Sangpo Bumtri;;Sangpo Bumtri;;;;;;;;;x
GOD_XANG_XUNG_MERI;Zhang Zhung Meri;Zhang Zhung Meri;Zhang Zhung Meri;;Zhang Zhung Meri;;;;;;;;;x
GOD_CHEN-LHA;Chen-lha;Chen-lha;Chen-lha;;Chen-lha;;;;;;;;;x
GOD_DAMCHEN;Damchen;Damchen;Damchen;;Damchen;;;;;;;;;x
GOD_DEDOL_JAMMA;Dedol Jamma;Dedol Jamma;Dedol Jamma;;Dedol Jamma;;;;;;;;;x
GOD_DEKCHEN;Dekchen;Dekchen;Dekchen;;Dekchen;;;;;;;;;x
GOD_DRAGTSEN;Dragtsen;Dragtsen;Dragtsen;;Dragtsen;;;;;;;;;x
GOD_DZAMBALA;Dzambala;Dzambala;Dzambala;;Dzambala;;;;;;;;;x
GOD_GYUMA_CHENMO;Gyuma Chenmo;Gyuma Chenmo;Gyuma Chenmo;;Gyuma Chenmo;;;;;;;;;x
GOD_KUNZANG_GYALWA_DUPA;Kunzang Gyalwa Dupa;Kunzang Gyalwa Dupa;Kunzang Gyalwa Dupa;;Kunzang Gyalwa Dupa;;;;;;;;;x
GOD_MACHEN_POMRA;Machen Pomra;Machen Pomra;Machen Pomra;;Machen Pomra;;;;;;;;;x
GOD_MAGPON;Magpon;Magpon;Magpon;;Magpon;;;;;;;;;x
GOD_MAWEI_SENGE;Mawei Senge;Mawei Senge;Mawei Senge;;Mawei Senge;;;;;;;;;x
GOD_MENMO;Menmo;Menmo;Menmo;;Menmo;;;;;;;;;x
GOD_NAM-LHA;Nam-lha;Nam-lha;Nam-lha;;Nam-lha;;;;;;;;;x
GOD_NAMPAR_GYALWA;Nampar Gyalwa;Nampar Gyalwa;Nampar Gyalwa;;Nampar Gyalwa;;;;;;;;;x
GOD_NYIPANGTSEN;Nyipangtsen;Nyipangtsen;Nyipangtsen;;Nyipangtsen;;;;;;;;;x
GOD_PURBA_DRUGSE_CHEMPA;Purba Drugse Chempa;Purba Drugse Chempa;Purba Drugse Chempa;;Purba Drugse Chempa;;;;;;;;;x
GOD_SALGYE_DU_DOLMA;Salgye Du Dolma;Salgye Du Dolma;Salgye Du Dolma;;Salgye Du Dolma;;;;;;;;;x
GOD_SHERAB_CHAMMA;Sherab Chamma;Sherab Chamma;Sherab Chamma;;Sherab Chamma;;;;;;;;;x
GOD_SHINJE;Shinje;Shinje;Shinje;;Shinje;;;;;;;;;x
GOD_TAGLA_MEMBAR;Tagla Membar;Tagla Membar;Tagla Membar;;Tagla Membar;;;;;;;;;x
GOD_TROWOI_NAMJOM;Trowoi Namjom;Trowoi Namjom;Trowoi Namjom;;Trowoi Namjom;;;;;;;;;x
GOD_VERNANYINA;Vernanyina;Vernanyina;Vernanyina;;Vernanyina;;;;;;;;;x
GOD_WALCHEN_GEKHO;Walchen Gekho;Walchen Gekho;Walchen Gekho;;Walchen Gekho;;;;;;;;;x
GOD_WALSE_NGAMPA;Walse Ngampa;Walse Ngampa;Walse Ngampa;;Walse Ngampa;;;;;;;;;x
GOD_DANU;Danu;Danu;Danu;;Danu;;;;;;;;;x
GOD_LUG;Lug;Lug;Lug;;Lug;;;;;;;;;x
GOD_BRIG;Brig;Brig;Brig;;Brig;;;;;;;;;x
GOD_BEL;Bel;Bel;Bel;;Bel;;;;;;;;;x
GOD_OGMA;Ogma;Ogma;Ogma;;Ogma;;;;;;;;;x
GOD_TARAN;Taran;Taran;Taran;;Taran;;;;;;;;;x
THE_KITEBA_CILWE;The Kitêba Cilwe;Le Kitêba Cilwe;Die Kitêba Cilwe;;El Kitêba Cilwe;;;;;;;;;x
THE_VEDAS;The Vedas;Les Védas;Die Veden;;Los Vedas;;;;;;;;;x
THE_AGAMAS;The Agamas;Les Agames;Die Agamas;;Los Agamas;;;;;;;;;x
THE_TRIPITAKA;The Tripitaka;Le Tripitaka;Die Tripitaka;;El Tripitaka;;;;;;;;;x
THE_SUTRAS;The Sutras;Les Soutras;Die Sutras;;Los Sutras;;;;;;;;;x
THE_TANTRAS;The Tantras;Les Tantras;Die Tantras;;Los Tantras;;;;;;;;;x
THE_ZHIGUAI;The Zhiguai;Les Zhiguai;Die Zhiguai;;Los Zhiguai;;;;;;;;;x
THE_DAOZANG;The Dào Zàng;Le Dào Zàng;Das Dào Zàng;;El Dào Zàng;;;;;;;;;x
THE_SHISAN_JING;The Shísän Jïng;Le Shísän Jïng;Die Shísän Jïng;;El Shísän Jïng;;;;;;;;;x
THE_SAMGUK_YUSA;The Samguk Yusa;La Samguk Yusa;Die Samguk Yusa;;Le Samguk Yusa;;;;;;;;;x
THE_KOJIKI;The Kamuy Yukar;Le Kojiki;Das Kojiki;;El Kojiki;;;;;;;;;x
THE_KAMUY_YUKAR;The Kamuy Yukar;Les Yukar Kamuy;Die Kamuy Yukar;;Los Yukar Kamuy;;;;;;;;;x
THE_IROSETSUDEN;The Irosetsuden;Les Irosetsuden;Die Irosetsuden;;Los Irosetsuden;;;;;;;;;x
THE_MDZOD_PHUG;The mDzod Phug;Les mDzod Phug;Die mDzod Phug;;Los mDzod Phug;;;;;;;;;x
THE_TORAH;The Torah;La Torah;Die Thora;;La Torá;;;;;;;;;x
temple_baron_female_pagan_group;Priestess;Prêtresse;Priesterin;;Sacerdotisa;;;;;;;;;x
temple_baron_female_finnish_pagan;Shamaness;Chamane;Schamanin;;Chamana;;;;;;;;;x
temple_baron_female_finnish_pagan;Shamaness;Chamane;Schamanin;;Chamana;;;;;;;;;x
temple_baron_guanchinet_pagan;Kanku;Kanku;Kanku;;Kanku;;;;;;;;;x
temple_count_guanchinet_pagan;Faykan;Faykan;Faykan;;Faykan;;;;;;;;;x
temple_count_female_guanchinet_pagan;Maguada;Maguada;Maguada;;Maguada;;;;;;;;;x
temple_duke_guanchinet_pagan;Guadameñe;Guadameñe;Guadameñe;;Guadameñe;;;;;;;;;x
temple_baron_africa_pagan;Shaman;Chaman;Schamane;;Chamán;;;;;;;;;x
temple_baron_africa_pagan_female;Shamaness;Chamane;Schamanin;;Chamana;;;;;;;;;x
#temple_count_female_mahayana;;;;;;;;;;;;;;x
temple_county_of_mahayana;Holy Domain of;Holy Domain of;Holy Domain of;Holy Domain of;Holy Domain of;;;;;;;;;x
temple_baron_mahayana;Monk;Monk;Monk;Monk;Monk;;;;;;;;;x
#temple_baron_female_mahayana;;;;;;;;;;;;;;x
temple_barony_of_mahayana;Temple of;Temple of;Temple of;Temple of;Temple of;;;;;;;;;x
temple_count_theravada;Master;Master;Master;Master;Master;;;;;;;;;x
#temple_count_female_theravada;;;;;;;;;;;;;;x
temple_county_of_theravada;Holy Domain of;Holy Domain of;Holy Domain of;Holy Domain of;Holy Domain of;;;;;;;;;x
temple_baron_theravada;Monk;Monk;Monk;Monk;Monk;;;;;;;;;x
#temple_baron_female_theravada;;;;;;;;;;;;;;x
temple_barony_of_theravada;Temple of;Temple of;Temple of;Temple of;Temple of;;;;;;;;;x
temple_count_nihon_shinto;Daiguji;Daiguji;Daiguji;Daiguji;Daiguji;;;;;;;;;x
temple_count_female_nihon_shinto;Daiguji;Daiguji;Daiguji;Daiguji;Daiguji;;;;;;;;;x
temple_county_of_nihon_shinto;Holy Domain of;Holy Domain of;Holy Domain of;Holy Domain of;Holy Domain of;;;;;;;;;x
temple_baron_nihon_shinto;Guji;Guji;Guji;Guji;Guji;;;;;;;;;x
temple_baron_female_nihon_shinto;Miko;Miko;Miko;Miko;Miko;;;;;;;;;x
temple_barony_of_nihon_shinto;Shrine of;Shrine of;Shrine of;Shrine of;Shrine of;;;;;;;;;x
temple_count_japanese_buddhism;Daisojo;Daisojo;Daisojo;Daisojo;Daisojo;;;;;;;;;x
temple_count_female_japanese_buddhism;Ama Gozen;Ama Gozen;Ama Gozen;Ama Gozen;Ama Gozen;;;;;;;;;x
temple_county_of_japanese_buddhism;Holy Domain of;Holy Domain of;Holy Domain of;Holy Domain of;Holy Domain of;;;;;;;;;x
temple_baron_japanese_buddhism;Sojo;Sojo;Sojo;Sojo;Sojo;;;;;;;;;x
temple_baron_female_japanese_buddhism;Ama;Ama;Ama;Ama;Ama;;;;;;;;;x
temple_barony_of_japanese_buddhism;Temple of;Temple of;Temple of;Temple of;Temple of;;;;;;;;;x
COMARBAE_COLUM_CILLE;Comarbae;Comarbae;Comarbae;;Comarbae;;;;;;;;;x
COMARBAE_COLUM_CILLE_FOA;Your Holiness;Votre Sainteté;Eure Heiligkeit;;Su Santidad;;;;;;;;;x
PATRIARCH;Patriarch;Patriarche;Patriarch;;Patriarca;;;;;;;;;x
PATRIARCH_FOA;Your Holiness;Votre Sainteté;Eure Heiligkeit;;Su Santidad;;;;;;;;;x
POPE_AND_PATRIARCH;Pope and Patriarch;Pape et le Patriarche;Papst und Patriarch;;El Papa y el Patriarca;;;;;;;;;x
POPE_AND_PATRIARCH_FOA;Your Holiness;Votre Sainteté;Eure Heiligkeit;;Su Santidad;;;;;;;;;x
PATRIARCH_AND_CATHOLICOS;Patriarch and Catholicos;Patriarche et Catholicos;Patriarch und Katholikos;;Patriarca y Católicos;;;;;;;;;x
PATRIARCH_AND_CATHOLICOS_FOA;Your Holiness;Votre Sainteté;Eure Heiligkeit;;Su Santidad;;;;;;;;;x
CATHOLICOS;Catholicos;Catholicos;Katholikos;;Católicos;;;;;;;;;x
CATHOLICOS_FOA;Your Holiness;Votre Sainteté;Eure Heiligkeit;;Su Santidad;;;;;;;;;x
ABUN;Abun;Abun;Abun;;Abun;;;;;;;;;x
ABUN_FOA;Your Holiness;Votre Sainteté;Eure Heiligkeit;;Su Santidad;;;;;;;;;x
d_comarbae;Iona;Iona;Iona;;Iona;;;;;;;;;x
d_comarbae_adj;Comarbaeal;comarbaeal;Comarbaealisch;;Comarbaeal;;;;;;;;;x
k_antioch_patriarch;The Ecumenical Patriarchy of Antioch;Le Patriarcat œcuménique d'Antioche;Das Ökumenische Patriarchat von Antiochien;;El Patriarcado Ecuménico de Antioquía;;;;;;;;;x
k_antioch_patriarch_adj;Patriarchal;patriarcal;Patriarchalisch;;Patriarcal;;;;;;;;;x
k_antioch_syriac;The Syriac Patriarchy of Antioch;Le patriarcat syriaque d'Antioche;Das Syrische Patriarchat von Antiochien;;El patriarcado sirio de Antioquía;;;;;;;;;x
k_antioch_syriac_adj;Patriarchal;patriarcal;Patriarchalisch;;Patriarcal;;;;;;;;;x
d_latin_antioch;The Latin Patriarchy of Antioch;Le patriarcat latin d'Antioche;Das lateinische Patriarchat von Antiochien;;El patriarcado latino de Antioquía;;;;;;;;;x
d_latin_antioch_adj;Patriarchal;patriarcal;Patriarchalisch;;Patriarcal;;;;;;;;;x
k_jerusalem_patriarch;The Ecumenical Patriarchy of Jerusalem;Le Patriarcat œcuménique de Jérusalem;Das Ökumenische Patriarchat von Jerusalem;;El Patriarcado Ecuménico de Jerusalén;;;;;;;;;x
k_jerusalem_patriarch_adj;Patriarchal;patriarcal;Patriarchalisch;;Patriarcal;;;;;;;;;x
d_latin_jerusalem;The Latin Patriarchy of Jerusalem;Le patriarcat latin d'Jérusalem;Das lateinische Patriarchat von Jerusalem;;El patriarcado latino de Jerusalén;;;;;;;;;x
d_latin_jerusalem_adj;Patriarchal;patriarcal;Patriarchalisch;;Patriarcal;;;;;;;;;x
k_alexandria_patriarch;The Coptic Patriarchy of Alexandria;Le patriarcat copte d'Alexandrie;Die koptische Patriarchat von Alexandria;;El patriarcado copto de Alejandría;;;;;;;;;x
k_alexandria_patriarch_adj;Patriarchal;patriarcal;Patriarchalisch;;Patriarcal;;;;;;;;;x
k_greek_alexandria;The Ecumenical Patriarchy of Alexandria;Le Patriarcat œcuménique d'Alexandrie;Das Ökumenische Patriarchat von Alexandria;;El Patriarcado Ecuménico de Alejandría;;;;;;;;;x
k_greek_alexandria_adj;Patriarchal;patriarcal;Patriarchalisch;;Patriarcal;;;;;;;;;x
k_nestorian_patriarch;The Nestorian Patriarchy of all the East;Le patriarcat nestorien de tout l'Orient;Die nestorianischen Patriarchats von all dem Osten;;El patriarcado nestoriano de todo el Oriente;;;;;;;;;x
k_nestorian_patriarch_adj;Patriarchal;patriarcal;Patriarchalisch;;Patriarcal;;;;;;;;;x
k_armenian_catholicos;The Armenian Catholicate;Le Catholicos arménien;Die armenische Katholikat;;El Catholicate Armenia;;;;;;;;;x
k_armenian_catholicos_adj;Patriarchal;patriarcal;Patriarchalisch;;Patriarcal;;;;;;;;;x
d_armenian_jerusalem;The Armenian Patriarchy of Jerusalem;Le Patriarcat arménien de Jérusalem;Das armenische Patriarchat von Jerusalem;;El Patriarcado Armenio de Jerusalén;;;;;;;;;x
d_armenian_jerusalem_adj;Patriarchal;patriarcal;Patriarchalisch;;Patriarcal;;;;;;;;;x
d_ethiopian_abun;The Ethiopian Patriarchy;Le patriarcat éthiopienne;Die äthiopische Patriarchat;;El Patriarcado de Etiopía;;;;;;;;;x
d_ethiopian_abun_adj;Patriarchal;patriarcal;Patriarchalisch;;Patriarcal;;;;;;;;;x
k_confucian;Confucius' House;Confucius' House;Confucius' House;Confucius' House;Confucius' House;;;;;;;;;x
k_confucian_adj;Confucian;Confucian;Confucian;Confucian;Confucian;;;;;;;;;x
k_tao;Master's House;Master's House;Master's House;Master's House;Master's House;;;;;;;;;x
k_tao_adj;Orthodox Unity;Orthodox Unity;Orthodox Unity;Orthodox Unity;Orthodox Unity;;;;;;;;;x
DESCENDANT_OF_CONFUCIUS;Descendant of Confucius;Descendant of Confucius;Descendant of Confucius;Descendant of Confucius;Descendant of Confucius;;;;;;;;;x
DESCENDANT_OF_CONFUCIUS_FOA;Your Holiness;Your Holiness;Your Holiness;Your Holiness;Your Holiness;;;;;;;;;x
CELESTIAL_MASTER;Celestial Master;Celestial Master;Celestial Master;Celestial Master;Celestial Master;;;;;;;;;x
CELESTIAL_MASTER_FOA;Your Holiness;Your Holiness;Your Holiness;Your Holiness;Your Holiness;;;;;;;;;x
k_sakya_trizin;Sakya;Sakya;Sakya;;Sakya;;;;;;;;;x
k_sakya_trizin_adj;Trizin;Trizin;Trizinisch;;Trizin;;;;;;;;;x
SAKYA_TRIZIN;Sakya Trizin;Sakya Trizin;Sakya Trizin;;Sakya Trizin;;;;;;;;;x
SAKYA_TRIZINMO;Sakya Trizinmo;Sakya Trizinmo;Sakya Trizinmo;;Sakya Trizinmo;;;;;;;;;x
SAKYA_TRIZIN_FOA;Your Holiness;Votre Sainteté;Eure Heiligkeit;;Su Santidad;;;;;;;;;x
jurchen_pagan;Abkadahambi;Abkadahambi;Abkadahambi;;Abkadahambi;;;;;;;;;x
GOD_ABKA_HEHE;Abka Hehe;Abka Hehe;Abka Hehe;;Abka Hehe;;;;;;;;;x
GOD_BANAMU_HEHE;Banamu Hehe;Banamu Hehe;Banamu Hehe;;Banamu Hehe;;;;;;;;;x
GOD_ULDEN_HEHE;Ulden Hehe;Ulden Hehe;Ulden Hehe;;Ulden Hehe;;;;;;;;;x
GOD_SONGKORO_HEHE;Šongkoro Hehe;Šongkoro Hehe;Šongkoro Hehe;;Šongkoro Hehe;;;;;;;;;x
GOD_ABKA_ENDURI;Abka Enduri;Abka Enduri;Abka Enduri;;Abka Enduri;;;;;;;;;x
hellenic_pagan;Mos Maiorum;Mos Maiorum;Mos Maiorum;Mos Maiorum;Mos Maiorum;Mos Maiorum;Mos Maiorum;Mos Maiorum;Mos Maiorum;Mos Maiorum;Mos Maiorum;Mos Maiorum;Mos Maiorum;x
hellenic_pagan_DESC;The Roman religion is polytheistic, with a pantheon of twelve major gods including Jupiter, Mars, Mercury, Venus, Minerva and Vesta. It originated in ancient Greece and with the conquests of Alexander the Great and the Roman Empire, it would go on to become the dominant religion in the Mediterranean world until the rise of Christendom. Defining features in-game: \n§Y*§! Can declare Subjugation Wars against all other pagans\n§Y*§! Rulers cannot declare Holy Wars\n§Y*§! Inferior at conversion and vulnerable to non-pagan missionaries;The Roman religion is polytheistic, with a pantheon of twelve major gods including Jupiter, Mars, Mercury, Venus, Minerva and Vesta. It originated in ancient Greece and with the conquests of Alexander the Great and the Roman Empire, it would go on to become the dominant religion in the Mediterranean world until the rise of Christendom. Defining features in-game: \n§Y*§! Can declare Subjugation Wars against all other pagans\n§Y*§! Rulers cannot declare Holy Wars\n§Y*§! Inferior at conversion and vulnerable to non-pagan missionaries;The Roman religion is polytheistic, with a pantheon of twelve major gods including Jupiter, Mars, Mercury, Venus, Minerva and Vesta. It originated in ancient Greece and with the conquests of Alexander the Great and the Roman Empire, it would go on to become the dominant religion in the Mediterranean world until the rise of Christendom. Defining features in-game: \n§Y*§! Can declare Subjugation Wars against all other pagans\n§Y*§! Rulers cannot declare Holy Wars\n§Y*§! Inferior at conversion and vulnerable to non-pagan missionaries;The Roman religion is polytheistic, with a pantheon of twelve major gods including Jupiter, Mars, Mercury, Venus, Minerva and Vesta. It originated in ancient Greece and with the conquests of Alexander the Great and the Roman Empire, it would go on to become the dominant religion in the Mediterranean world until the rise of Christendom. Defining features in-game: \n§Y*§! Can declare Subjugation Wars against all other pagans\n§Y*§! Rulers cannot declare Holy Wars\n§Y*§! Inferior at conversion and vulnerable to non-pagan missionaries;The Roman religion is polytheistic, with a pantheon of twelve major gods including Jupiter, Mars, Mercury, Venus, Minerva and Vesta. It originated in ancient Greece and with the conquests of Alexander the Great and the Roman Empire, it would go on to become the dominant religion in the Mediterranean world until the rise of Christendom. Defining features in-game: \n§Y*§! Can declare Subjugation Wars against all other pagans\n§Y*§! Rulers cannot declare Holy Wars\n§Y*§! Inferior at conversion and vulnerable to non-pagan missionaries;The Roman religion is polytheistic, with a pantheon of twelve major gods including Jupiter, Mars, Mercury, Venus, Minerva and Vesta. It originated in ancient Greece and with the conquests of Alexander the Great and the Roman Empire, it would go on to become the dominant religion in the Mediterranean world until the rise of Christendom. Defining features in-game: \n§Y*§! Can declare Subjugation Wars against all other pagans\n§Y*§! Rulers cannot declare Holy Wars\n§Y*§! Inferior at conversion and vulnerable to non-pagan missionaries;The Roman religion is polytheistic, with a pantheon of twelve major gods including Jupiter, Mars, Mercury, Venus, Minerva and Vesta. It originated in ancient Greece and with the conquests of Alexander the Great and the Roman Empire, it would go on to become the dominant religion in the Mediterranean world until the rise of Christendom. Defining features in-game: \n§Y*§! Can declare Subjugation Wars against all other pagans\n§Y*§! Rulers cannot declare Holy Wars\n§Y*§! Inferior at conversion and vulnerable to non-pagan missionaries;The Roman religion is polytheistic, with a pantheon of twelve major gods including Jupiter, Mars, Mercury, Venus, Minerva and Vesta. It originated in ancient Greece and with the conquests of Alexander the Great and the Roman Empire, it would go on to become the dominant religion in the Mediterranean world until the rise of Christendom. Defining features in-game: \n§Y*§! Can declare Subjugation Wars against all other pagans\n§Y*§! Rulers cannot declare Holy Wars\n§Y*§! Inferior at conversion and vulnerable to non-pagan missionaries;The Roman religion is polytheistic, with a pantheon of twelve major gods including Jupiter, Mars, Mercury, Venus, Minerva and Vesta. It originated in ancient Greece and with the conquests of Alexander the Great and the Roman Empire, it would go on to become the dominant religion in the Mediterranean world until the rise of Christendom. Defining features in-game: \n§Y*§! Can declare Subjugation Wars against all other pagans\n§Y*§! Rulers cannot declare Holy Wars\n§Y*§! Inferior at conversion and vulnerable to non-pagan missionaries;The Roman religion is polytheistic, with a pantheon of twelve major gods including Jupiter, Mars, Mercury, Venus, Minerva and Vesta. It originated in ancient Greece and with the conquests of Alexander the Great and the Roman Empire, it would go on to become the dominant religion in the Mediterranean world until the rise of Christendom. Defining features in-game: \n§Y*§! Can declare Subjugation Wars against all other pagans\n§Y*§! Rulers cannot declare Holy Wars\n§Y*§! Inferior at conversion and vulnerable to non-pagan missionaries;The Roman religion is polytheistic, with a pantheon of twelve major gods including Jupiter, Mars, Mercury, Venus, Minerva and Vesta. It originated in ancient Greece and with the conquests of Alexander the Great and the Roman Empire, it would go on to become the dominant religion in the Mediterranean world until the rise of Christendom. Defining features in-game: \n§Y*§! Can declare Subjugation Wars against all other pagans\n§Y*§! Rulers cannot declare Holy Wars\n§Y*§! Inferior at conversion and vulnerable to non-pagan missionaries;The Roman religion is polytheistic, with a pantheon of twelve major gods including Jupiter, Mars, Mercury, Venus, Minerva and Vesta. It originated in ancient Greece and with the conquests of Alexander the Great and the Roman Empire, it would go on to become the dominant religion in the Mediterranean world until the rise of Christendom. Defining features in-game: \n§Y*§! Can declare Subjugation Wars against all other pagans\n§Y*§! Rulers cannot declare Holy Wars\n§Y*§! Inferior at conversion and vulnerable to non-pagan missionaries;The Roman religion is polytheistic, with a pantheon of twelve major gods including Jupiter, Mars, Mercury, Venus, Minerva and Vesta. It originated in ancient Greece and with the conquests of Alexander the Great and the Roman Empire, it would go on to become the dominant religion in the Mediterranean world until the rise of Christendom. Defining features in-game: \n§Y*§! Can declare Subjugation Wars against all other pagans\n§Y*§! Rulers cannot declare Holy Wars\n§Y*§! Inferior at conversion and vulnerable to non-pagan missionaries;x
PROPHET_MUHAMMAD;Muhammad;Muhammad;Muhammad;Muhammad;Muhammad;Muhammad;Muhammad;Muhammad;Muhammad;Muhammad;Muhammad;Muhammad;Muhammad;x
PROPHET_ALI;Ali;Ali;Ali;Ali;Ali;Ali;Ali;Ali;Ali;Ali;Ali;Ali;Ali;x
PROPHET_MOSES;Moses;Moses;Moses;Moses;Moses;Moses;Moses;Moses;Moses;Moses;Moses;Moses;Moses;x
d_comarbae;Iona;Iona;Iona;;Iona;;;;;;;;;x
d_comarbae_adj;Comarbaeal;comarbaeal;Comarbaealisch;;Comarbaeal;;;;;;;;;x
COMARBAE_COLUM_CILLE;Comarbae;Comarbae;Comarbae;;Comarbae;;;;;;;;;x
COMARBAE_COLUM_CILLE_FOA;Your Holiness;Votre Sainteté;Eure Heiligkeit;;Su Santidad;;;;;;;;;x
convert_to_insular;Convert to the Celtic Rite;Convert to the Celtic Rite;Convert to the Celtic Rite;;Convert to the Celtic Rite;;;;;;;;;x
convert_to_insular_adj;Convert back to the old traditions and rites of Insular Christianity.;Convert back to the old traditions and rites of Insular Christianity.;Convert back to the old traditions and rites of Insular Christianity.;;Convert back to the old traditions and rites of Insular Christianity.;;;;;;;;;x
jurchen_pagan_reformed;Reformed Abkadahambi;Reformed Abkadahambi;Reformed Abkadahambi;Reformed Abkadahambi;Reformed Abkadahambi;;;;;;;;;x
germanic_pagan_reformed;Reformed Wodanaz;Reformed Wodanaz;Reformed Wodanaz;Reformed Wodanaz;Reformed Wodanaz;;;;;;;;;x
magyar_pagan_reformed;Reformed Táltoskövetö;Reformed Táltoskövetö;Reformed Táltoskövetö;Reformed Táltoskövetö;Reformed Táltoskövetö;;;;;;;;;x
basque_pagan_reformed;Reformed Marijarraitzaile;Reformed Marijarraitzaile;Reformed Marijarraitzaile;Reformed Marijarraitzaile;Reformed Marijarraitzaile;;;;;;;;;x
lappish_pagan_reformed;Reformed Noaidevuohta;Reformed Noaidevuohta;Reformed Noaidevuohta;Reformed Noaidevuohta;Reformed Noaidevuohta;;;;;;;;;x
komi_pagan_reformed;Reformed Voipel'lov;Reformed Voipel'lov;Reformed Voipel'lov;Reformed Voipel'lov;Reformed Voipel'lov;;;;;;;;;x
samoyedic_pagan_reformed;Reformed Tadibya;Reformed Tadibya;Reformed Tadibya;Reformed Tadibya;Reformed Tadibya;;;;;;;;;x
estonian_pagan_reformed;Reformed Taarausk;Reformed Taarausk;Reformed Taarausk;Reformed Taarausk;Reformed Taarausk;;;;;;;;;x
volga_pagan_reformed;Reformed Chimariy Yüla;Reformed Chimariy Yüla;Reformed Chimariy Yüla;Reformed Chimariy Yüla;Reformed Chimariy Yüla;;;;;;;;;x
yugra_pagan_reformed;Reformed Torumiy;Reformed Torumiy;Reformed Torumiy;Reformed Torumiy;Reformed Torumiy;;;;;;;;;x
guanchinet_pagan_reformed;Reformed Achamáni;Reformed Achamáni;Reformed Achamáni;Reformed Achamáni;Reformed Achamáni;;;;;;;;;x
berber_pagan_reformed;Reformed Amanai;Reformed Amanai;Reformed Amanai;Reformed Amanai;Reformed Amanai;;;;;;;;;x
vodun_pagan_reformed;Reformed Vodun;Reformed Vodun;Reformed Vodun;Reformed Vodun;Reformed Vodun;;;;;;;;;x
ainu_pantheism_reformed;Reformed Katunkamuy;Reformed Katunkamuy;Reformed Katunkamuy;Reformed Katunkamuy;Reformed Katunkamuy;;;;;;;;;x
bon_reformed;Reformed Bön;Reformed Bön;Reformed Bön;Reformed Bön;Reformed Bön;;;;;;;;;x
melanesian_religion_reformed;Reformed Imunu;Reformed Imunu;Reformed Imunu;Reformed Imunu;Reformed Imunu;;;;;;;;;x
taiwanese_religion_reformed;Reformed Inibs;Reformed Inibs;Reformed Inibs;Reformed Inibs;Reformed Inibs;;;;;;;;;x
philippine_religion_reformed;Reformed Anito;Reformed Anito;Reformed Anito;Reformed Anito;Reformed Anito;;;;;;;;;x
bornean_religion_reformed;Reformed Kaharingan;Reformed Kaharingan;Reformed Kaharingan;Reformed Kaharingan;Reformed Kaharingan;;;;;;;;;x
sulawesi_religion_reformed;Reformed Aluk;Reformed Aluk;Reformed Aluk;Reformed Aluk;Reformed Aluk;;;;;;;;;x
flores_religion_reformed;Reformed Marapu;Reformed Marapu;Reformed Marapu;Reformed Marapu;Reformed Marapu;;;;;;;;;x
java_religion_reformed;Reformed Kejawen;Reformed Kejawen;Reformed Kejawen;Reformed Kejawen;Reformed Kejawen;;;;;;;;;x
sumatran_religion_reformed;Reformed Malim;Reformed Malim;Reformed Malim;Reformed Malim;Reformed Malim;;;;;;;;;x
malagasy_religion_reformed;Reformed Andrianerinerinan;Reformed Andrianerinerinan;Reformed Andrianerinerinan;Reformed Andrianerinerinan;Reformed Andrianerinerinan;;;;;;;;;x
brythonic_druidic_pagan;Brythonic Druidic;Brythonic Druidic;Brythonic Druidic;Brythonic Druidic;Brythonic Druidic;;;;;;;;;x
gaelic_druidic_pagan;Gaelic Druidic;Gaelic Druidic;Gaelic Druidic;Gaelic Druidic;Gaelic Druidic;;;;;;;;;x
kartvelian_pagan;Kartvelian;Kartvelian;Kartvelian;Kartvelian;Kartvelian;;;;;;;;;x
alan_pagan;Alan;Alan;Alan;Alan;Alan;;;;;;;;;x
caspian_pagan;Caspian;Caspian;Caspian;Caspian;Caspian;;;;;;;;;x
caspian_pagan_reformed;Reformed Caspian;Reformed Caspian;Reformed Caspian;Reformed Caspian;Reformed Caspian;;;;;;;;;x
pontic_pagan;Pontic;Pontic;Pontic;Pontic;Pontic;;;;;;;;;x
pontic_pagan_reformed;Reformed Pontic;Reformed Pontic;Reformed Pontic;Reformed Pontic;Reformed Pontic;;;;;;;;;x
serer_pagan;Fat Rog;Fat Rog;Fat Rog;Fat Rog;Fat Rog;;;;;;;;;x
serer_pagan_reformed;Reformed Fat Rog;Reformed Fat Rog;Reformed Fat Rog;Reformed Fat Rog;Reformed Fat Rog;;;;;;;;;x
GOD_AMANAI;Amanai;Amanai;Amanai;Amanai;Amanai;;;;;;;;;x
GOD_TANIT;Tanit;Tanit;Tanit;Tanit;Tanit;;;;;;;;;x
GOD_AMANIT;Amanit;Amanit;Amanit;Amanit;Amanit;;;;;;;;;x
GOD_GURZIL;Gurzil;Gurzil;Gurzil;Gurzil;Gurzil;;;;;;;;;x
GOD_TINJIS;Tinjis;Tinjis;Tinjis;Tinjis;Tinjis;;;;;;;;;x
GOD_IFRI;Ifri;Ifri;Ifri;Ifri;Ifri;;;;;;;;;x
GOD_MASTIMAN;Mastiman;Mastiman;Mastiman;Mastiman;Mastiman;;;;;;;;;x
GOD_ROOG;Roog;Roog;Roog;Roog;Roog;;;;;;;;;x
GOD_ROOG_SENE;Roog Sene;Roog Sene;Roog Sene;Roog Sene;Roog Sene;;;;;;;;;x
GOD_MENDISS;Mendiss;Mendiss;Mendiss;Mendiss;Mendiss;;;;;;;;;x
GOD_TIURAKH;Tiurakh;Tiurakh;Tiurakh;Tiurakh;Tiurakh;;;;;;;;;x
GOD_TAKHAR;Takhar;Takhar;Takhar;Takhar;Takhar;;;;;;;;;x
GOD_KOOX;Koox;Koox;Koox;Koox;Koox;;;;;;;;;x
GOD_KOPE_TIATIE_CAC;Kope Tiatie Cac;Kope Tiatie Cac;Kope Tiatie Cac;Kope Tiatie Cac;Kope Tiatie Cac;;;;;;;;;x
GOD_KOKH_KOX;Kokh Kox;Kokh Kox;Kokh Kox;Kokh Kox;Kokh Kox;;;;;;;;;x
GOD_THE_PANGOOL;The Pangool;The Pangool;The Pangool;The Pangool;The Pangool;;;;;;;;;x
GOD_BONDYE;Bondye;Bondye;Bondye;Bondye;Bondye;;;;;;;;;x
GOD_PAPA_LEGBA;Papa Legba;Papa Legba;Papa Legba;Papa Legba;Papa Legba;;;;;;;;;x
GOD_ERZULIE_FREDA;Erzulie Freda;Erzulie Freda;Erzulie Freda;Erzulie Freda;Erzulie Freda;;;;;;;;;x
GOD_SIMBI;Simbi;Simbi;Simbi;Simbi;Simbi;;;;;;;;;x
GOD_KOUZIN_ZAKA;Kouzin Zaka;Kouzin Zaka;Kouzin Zaka;Kouzin Zaka;Kouzin Zaka;;;;;;;;;x
GOD_THE_MARASA;The Marasa;The Marasa;The Marasa;The Marasa;The Marasa;;;;;;;;;x
GOD_THE_LOA;The Loa;The Loa;The Loa;The Loa;The Loa;;;;;;;;;x
GOD_UMAY;Umay;Umay;Umay;Umay;Umay;;;;;;;;;x
GOD_BAI-ULGAN;Bai-ulgan;Bai-ulgan;Bai-ulgan;Bai-ulgan;Bai-ulgan;;;;;;;;;x
GOD_OT_ENE;Ot Ene;Ot Ene;Ot Ene;Ot Ene;Ot Ene;;;;;;;;;x
GOD_ESEGE_MALAN;Esege Malan;Esege Malan;Esege Malan;Esege Malan;Esege Malan;;;;;;;;;x
GOD_SOLOBUNG_YUBIN;Solobung Yubin;Solobung Yubin;Solobung Yubin;Solobung Yubin;Solobung Yubin;;;;;;;;;x
GOD_DAICHIN;Daichin;Daichin;Daichin;Daichin;Daichin;;;;;;;;;x
GOD_ZAARIN;Zaarin;Zaarin;Zaarin;Zaarin;Zaarin;;;;;;;;;x
GOD_KAYRA;Kayra;Kayra;Kayra;Kayra;Kayra;;;;;;;;;x
GOD_AY_DEDE;Ay Dede;Ay Dede;Ay Dede;Ay Dede;Ay Dede;;;;;;;;;x
GOD_GUN_ANA;Gun Ana;Gun Ana;Gun Ana;Gun Ana;Gun Ana;;;;;;;;;x
GOD_ASENA;Asena;Asena;Asena;Asena;Asena;;;;;;;;;x
PROPHET_GESER_KHAN;Geser Khan;Geser Khan;Geser Khan;Geser Khan;Geser Khan;;;;;;;;;x
GOD_AHTI;Ahti;Ahti;Ahti;Ahti;Ahti;;;;;;;;;x
GOD_AJATAR;Ajatar;Ajatar;Ajatar;Ajatar;Ajatar;;;;;;;;;x
GOD_AKKA;Akka;Akka;Akka;Akka;Akka;;;;;;;;;x
GOD_AKRAS;Akras;Akras;Akras;Akras;Akras;;;;;;;;;x
GOD_ANTERO_VIPUNEN;Antero Vipunen;Antero Vipunen;Antero Vipunen;Antero Vipunen;Antero Vipunen;;;;;;;;;x
GOD_ILMARINEN;Ilmarinen;Ilmarinen;Ilmarinen;Ilmarinen;Ilmarinen;;;;;;;;;x
GOD_ILMATAR;Ilmatar;Ilmatar;Ilmatar;Ilmatar;Ilmatar;;;;;;;;;x
GOD_KAVE;Kave;Kave;Kave;Kave;Kave;;;;;;;;;x
GOD_KOTITONTTU;Kotitonttu;Kotitonttu;Kotitonttu;Kotitonttu;Kotitonttu;;;;;;;;;x
GOD_LEMPO;Lempo;Lempo;Lempo;Lempo;Lempo;;;;;;;;;x
GOD_LOUHI;Louhi;Louhi;Louhi;Louhi;Louhi;;;;;;;;;x
GOD_LOVIATAR;Loviatar;Loviatar;Loviatar;Loviatar;Loviatar;;;;;;;;;x
GOD_LUONNOTAR;Luonnotar;Luonnotar;Luonnotar;Luonnotar;Luonnotar;;;;;;;;;x
GOD_MIELIKKI;Mielikki;Mielikki;Mielikki;Mielikki;Mielikki;;;;;;;;;x
GOD_NYYRIKKI;Nyyrikki;Nyyrikki;Nyyrikki;Nyyrikki;Nyyrikki;;;;;;;;;x
GOD_PEKKO;Pekko;Pekko;Pekko;Pekko;Pekko;;;;;;;;;x
GOD_PELLERVO;Pellervo;Pellervo;Pellervo;Pellervo;Pellervo;;;;;;;;;x
GOD_PIRU;Piru;Piru;Piru;Piru;Piru;;;;;;;;;x
GOD_PAIVATAR;Paivatar;Paivatar;Paivatar;Paivatar;Paivatar;;;;;;;;;x
GOD_PIHATONTTU;Pihatonttu;Pihatonttu;Pihatonttu;Pihatonttu;Pihatonttu;;;;;;;;;x
GOD_SURMA;Surma;Surma;Surma;Surma;Surma;;;;;;;;;x
GOD_SAUNATONTTU;Saunatonttu;Saunatonttu;Saunatonttu;Saunatonttu;Saunatonttu;;;;;;;;;x
GOD_TONTTU;Tonttu;Tonttu;Tonttu;Tonttu;Tonttu;;;;;;;;;x
GOD_TUONI;Tuoni;Tuoni;Tuoni;Tuoni;Tuoni;;;;;;;;;x
GOD_TUONETAR;Tuonetar;Tuonetar;Tuonetar;Tuonetar;Tuonetar;;;;;;;;;x
GOD_TELLERVO;Tellervo;Tellervo;Tellervo;Tellervo;Tellervo;;;;;;;;;x
GOD_TURSAS;Tursas;Tursas;Tursas;Tursas;Tursas;;;;;;;;;x
GOD_RAAKO;Raako;Raako;Raako;Raako;Raako;;;;;;;;;x
GOD_VELLAMO;Vellamo;Vellamo;Vellamo;Vellamo;Vellamo;;;;;;;;;x
GOD_VAINAMOINEN;Vainamoinen;Vainamoinen;Vainamoinen;Vainamoinen;Vainamoinen;;;;;;;;;x
GOD_VEDENEMO;Vedenemo;Vedenemo;Vedenemo;Vedenemo;Vedenemo;;;;;;;;;x
GOD_ISTEN;Isten;Isten;Isten;Isten;Isten;;;;;;;;;x
GOD_ORDOG;Ordog;Ordog;Ordog;Ordog;Ordog;;;;;;;;;x
GOD_ISTENANYA;Istenanya;Istenanya;Istenanya;Istenanya;Istenanya;;;;;;;;;x
GOD_BOLDOGASSZONY;Boldogasszony;Boldogasszony;Boldogasszony;Boldogasszony;Boldogasszony;;;;;;;;;x
GOD_HADUR;Hadur;Hadur;Hadur;Hadur;Hadur;;;;;;;;;x
GOD_SZELANYA;Szelanya;Szelanya;Szelanya;Szelanya;Szelanya;;;;;;;;;x
GOD_SZELKIRALY;Szelkiraly;Szelkiraly;Szelkiraly;Szelkiraly;Szelkiraly;;;;;;;;;x
GOD_SARKANY;Sarkany;Sarkany;Sarkany;Sarkany;Sarkany;;;;;;;;;x
GOD_LIDERC;Liderc;Liderc;Liderc;Liderc;Liderc;;;;;;;;;x
GOD_THE_TUNDEREK;The Tunderek;The Tunderek;The Tunderek;The Tunderek;The Tunderek;;;;;;;;;x
GOD_THE_BABAK;The Babak;The Babak;The Babak;The Babak;The Babak;;;;;;;;;x
GOD_THE_ORIASOK;The Oriasok;The Oriasok;The Oriasok;The Oriasok;The Oriasok;;;;;;;;;x
GOD_THE_MANOK;The Manok;The Manok;The Manok;The Manok;The Manok;;;;;;;;;x
GOD_THE_TORPEK;The Torpek;The Torpek;The Torpek;The Torpek;The Torpek;;;;;;;;;x
GOD_CSODASZARVAS;Csodaszarvas;Csodaszarvas;Csodaszarvas;Csodaszarvas;Csodaszarvas;;;;;;;;;x
GOD_HUNOR_AND_MAGOR;Hunor And Magor;Hunor And Magor;Hunor And Magor;Hunor And Magor;Hunor And Magor;;;;;;;;;x
GOD_TURUL;Turul;Turul;Turul;Turul;Turul;;;;;;;;;x
GOD_VADLEANY;Vadleany;Vadleany;Vadleany;Vadleany;Vadleany;;;;;;;;;x
GOD_NAPKIRALY;Napkiraly;Napkiraly;Napkiraly;Napkiraly;Napkiraly;;;;;;;;;x
GOD_SZEPASSZONY;Szepasszony;Szepasszony;Szepasszony;Szepasszony;Szepasszony;;;;;;;;;x
GOD_ARANY_ATYACSKA;Arany Atyacska;Arany Atyacska;Arany Atyacska;Arany Atyacska;Arany Atyacska;;;;;;;;;x
GOD_HAJNAL_ANYACSKA;Hajnal Anyacska;Hajnal Anyacska;Hajnal Anyacska;Hajnal Anyacska;Hajnal Anyacska;;;;;;;;;x
GOD_GUTA;Guta;Guta;Guta;Guta;Guta;;;;;;;;;x
GOD_FENE;Fene;Fene;Fene;Fene;Fene;;;;;;;;;x
GOD_BOSZORKANY;Boszorkany;Boszorkany;Boszorkany;Boszorkany;Boszorkany;;;;;;;;;x
GOD_THE_GREAT_BEAR;The Great Bear;The Great Bear;The Great Bear;The Great Bear;The Great Bear;;;;;;;;;x
GOD_BEAIVI;Beaivi;Beaivi;Beaivi;Beaivi;Beaivi;;;;;;;;;x
GOD_IPMIL;Ipmil;Ipmil;Ipmil;Ipmil;Ipmil;;;;;;;;;x
GOD_JUBMEL;Jubmel;Jubmel;Jubmel;Jubmel;Jubmel;;;;;;;;;x
GOD_SAARAAHKA;Saaraahka;Saaraahka;Saaraahka;Saaraahka;Saaraahka;;;;;;;;;x
GOD_MAADTRERAAHKA;Maadtreraahka;Maadtreraahka;Maadtreraahka;Maadtreraahka;Maadtreraahka;;;;;;;;;x
GOD_JABBMEAAHKKA;Jabbmeaahkka;Jabbmeaahkka;Jabbmeaahkka;Jabbmeaahkka;Jabbmeaahkka;;;;;;;;;x
GOD_LIEAIBOLMMAI;Lieaibolmmai;Lieaibolmmai;Lieaibolmmai;Lieaibolmmai;Lieaibolmmai;;;;;;;;;x
GOD_MUBPIENALMAJ;Mubpienalmaj;Mubpienalmaj;Mubpienalmaj;Mubpienalmaj;Mubpienalmaj;;;;;;;;;x
GOD_RAEDIEAHKKA;Raedieahkka;Raedieahkka;Raedieahkka;Raedieahkka;Raedieahkka;;;;;;;;;x
GOD_RUOHTTA;Ruohtta;Ruohtta;Ruohtta;Ruohtta;Ruohtta;;;;;;;;;x
GOD_RAEDIENGIEDTE;Raediengiedte;Raediengiedte;Raediengiedte;Raediengiedte;Raediengiedte;;;;;;;;;x
GOD_RANA_NIEJTA;Rana Niejta;Rana Niejta;Rana Niejta;Rana Niejta;Rana Niejta;;;;;;;;;x
GOD_OKSAAHKA;Oksaahka;Oksaahka;Oksaahka;Oksaahka;Oksaahka;;;;;;;;;x
GOD_MAADTERAAJJA;Maadteraajja;Maadteraajja;Maadteraajja;Maadteraajja;Maadteraajja;;;;;;;;;x
GOD_JUOKSAHKKA;Juoksahkka;Juoksahkka;Juoksahkka;Juoksahkka;Juoksahkka;;;;;;;;;x
GOD_MANO;Mano;Mano;Mano;Mano;Mano;;;;;;;;;x
GOD_ATJA;Atja;Atja;Atja;Atja;Atja;;;;;;;;;x
GOD_BIEJJENNIEJTE;Biejjenniejte;Biejjenniejte;Biejjenniejte;Biejjenniejte;Biejjenniejte;;;;;;;;;x
GOD_BIEGGAGALLIS;Bieggagallis;Bieggagallis;Bieggagallis;Bieggagallis;Bieggagallis;;;;;;;;;x
GOD_BIEGGOLMAI;Bieggolmai;Bieggolmai;Bieggolmai;Bieggolmai;Bieggolmai;;;;;;;;;x
GOD_BIEGKEGAELLIES;Biegkegaellies;Biegkegaellies;Biegkegaellies;Biegkegaellies;Biegkegaellies;;;;;;;;;x
GOD_STALLON;Stallon;Stallon;Stallon;Stallon;Stallon;;;;;;;;;x
GOD_EN;En;En;En;En;En;;;;;;;;;x
GOD_OMOL;Omol;Omol;Omol;Omol;Omol;;;;;;;;;x
GOD_OLYSYA;Olysya;Olysya;Olysya;Olysya;Olysya;;;;;;;;;x
GOD_RYNYSHA;Rynysha;Rynysha;Rynysha;Rynysha;Rynysha;;;;;;;;;x
GOD_VASA;Vasa;Vasa;Vasa;Vasa;Vasa;;;;;;;;;x
GOD_PELUDI-AIKA;Peludi-aika;Peludi-aika;Peludi-aika;Peludi-aika;Peludi-aika;;;;;;;;;x
GOD_PYVSYAN'SA;Pyvsyan'sa;Pyvsyan'sa;Pyvsyan'sa;Pyvsyan'sa;Pyvsyan'sa;;;;;;;;;x
GOD_VOIPEL';Voipel';Voipel';Voipel';Voipel';Voipel';;;;;;;;;x
GOD_VORSA;Vorsa;Vorsa;Vorsa;Vorsa;Vorsa;;;;;;;;;x
GOD_YOMA;Yoma;Yoma;Yoma;Yoma;Yoma;;;;;;;;;x
GOD_NGA;Nga;Nga;Nga;Nga;Nga;;;;;;;;;x
GOD_NUM;Num;Num;Num;Num;Num;;;;;;;;;x
GOD_MIR-SUSNE-HUM;Mir-susne-hum;Mir-susne-hum;Mir-susne-hum;Mir-susne-hum;Mir-susne-hum;;;;;;;;;x
GOD_KALTES-EKWA;Kaltes-ekwa;Kaltes-ekwa;Kaltes-ekwa;Kaltes-ekwa;Kaltes-ekwa;;;;;;;;;x
GOD_TODOTE;Todote;Todote;Todote;Todote;Todote;;;;;;;;;x
GOD_HOTEL-EKWA;Hotel-ekwa;Hotel-ekwa;Hotel-ekwa;Hotel-ekwa;Hotel-ekwa;;;;;;;;;x
GOD_ETPOSZOJKA;Etposzojka;Etposzojka;Etposzojka;Etposzojka;Etposzojka;;;;;;;;;x
GOD_NAJ-EKWA;Naj-ekwa;Naj-ekwa;Naj-ekwa;Naj-ekwa;Naj-ekwa;;;;;;;;;x
GOD_KULY-OTIR;Kuly-otir;Kuly-otir;Kuly-otir;Kuly-otir;Kuly-otir;;;;;;;;;x
GOD_JELPING-JA-OYKA;Jelping-ja-oyka;Jelping-ja-oyka;Jelping-ja-oyka;Jelping-ja-oyka;Jelping-ja-oyka;;;;;;;;;x
GOD_TAARA;Taara;Taara;Taara;Taara;Taara;;;;;;;;;x
GOD_UKU;Uku;Uku;Uku;Uku;Uku;;;;;;;;;x
GOD_TAEVATAAT;Taevataat;Taevataat;Taevataat;Taevataat;Taevataat;;;;;;;;;x
GOD_VANAISA;Vanaisa;Vanaisa;Vanaisa;Vanaisa;Vanaisa;;;;;;;;;x
GOD_THARAPITA;Tharapita;Tharapita;Tharapita;Tharapita;Tharapita;;;;;;;;;x
GOD_VETEEMA;Veteema;Veteema;Veteema;Veteema;Veteema;;;;;;;;;x
GOD_VEEHALDJAS;Veehaldjas;Veehaldjas;Veehaldjas;Veehaldjas;Veehaldjas;;;;;;;;;x
GOD_VANEMUINE;Vanemuine;Vanemuine;Vanemuine;Vanemuine;Vanemuine;;;;;;;;;x
GOD_TUULEISA;Tuuleisa;Tuuleisa;Tuuleisa;Tuuleisa;Tuuleisa;;;;;;;;;x
GOD_TUULE-EMA;Tuule-ema;Tuule-ema;Tuule-ema;Tuule-ema;Tuule-ema;;;;;;;;;x
GOD_TOORU;Tooru;Tooru;Tooru;Tooru;Tooru;;;;;;;;;x
GOD_TOONI;Tooni;Tooni;Tooni;Tooni;Tooni;;;;;;;;;x
GOD_SUUR_TOLL;Suur Toll;Suur Toll;Suur Toll;Suur Toll;Suur Toll;;;;;;;;;x
GOD_ROUGUTAJA;Rougutaja;Rougutaja;Rougutaja;Rougutaja;Rougutaja;;;;;;;;;x
GOD_PAIKE;Paike;Paike;Paike;Paike;Paike;;;;;;;;;x
GOD_PORGUNEITSI;Porguneitsi;Porguneitsi;Porguneitsi;Porguneitsi;Porguneitsi;;;;;;;;;x
GOD_PIKNE;Pikne;Pikne;Pikne;Pikne;Pikne;;;;;;;;;x
GOD_PIRET;Piret;Piret;Piret;Piret;Piret;;;;;;;;;x
GOD_PEREMEES;Peremees;Peremees;Peremees;Peremees;Peremees;;;;;;;;;x
GOD_PEKO;Peko;Peko;Peko;Peko;Peko;;;;;;;;;x
GOD_PAKANE;Pakane;Pakane;Pakane;Pakane;Pakane;;;;;;;;;x
GOD_MURUEIT;Murueit;Murueit;Murueit;Murueit;Murueit;;;;;;;;;x
GOD_METSIK;Metsik;Metsik;Metsik;Metsik;Metsik;;;;;;;;;x
GOD_METSAEMA;Metsaema;Metsaema;Metsaema;Metsaema;Metsaema;;;;;;;;;x
GOD_METSAVANA;Metsavana;Metsavana;Metsavana;Metsavana;Metsavana;;;;;;;;;x
GOD_MARRAS;Marras;Marras;Marras;Marras;Marras;;;;;;;;;x
GOD_MAAEMA;Maaema;Maaema;Maaema;Maaema;Maaema;;;;;;;;;x
GOD_KOU;Kou;Kou;Kou;Kou;Kou;;;;;;;;;x
GOD_KUU;Kuu;Kuu;Kuu;Kuu;Kuu;;;;;;;;;x
GOD_KOIT;Koit;Koit;Koit;Koit;Koit;;;;;;;;;x
GOD_KAITSJA;Kaitsja;Kaitsja;Kaitsja;Kaitsja;Kaitsja;;;;;;;;;x
GOD_JUMAL;Jumal;Jumal;Jumal;Jumal;Jumal;;;;;;;;;x
GOD_JARVEVANA;Jarvevana;Jarvevana;Jarvevana;Jarvevana;Jarvevana;;;;;;;;;x
GOD_jUTTA;jutta;jutta;jutta;jutta;jutta;;;;;;;;;x
GOD_ILO;Ilo;Ilo;Ilo;Ilo;Ilo;;;;;;;;;x
GOD_ILMARINE;Ilmarine;Ilmarine;Ilmarine;Ilmarine;Ilmarine;;;;;;;;;x
GOD_ILMANEITSI;Ilmaneitsi;Ilmaneitsi;Ilmaneitsi;Ilmaneitsi;Ilmaneitsi;;;;;;;;;x
GOD_HAMARIK;Hamarik;Hamarik;Hamarik;Hamarik;Hamarik;;;;;;;;;x
GOD_HOIDJA;Hoidja;Hoidja;Hoidja;Hoidja;Hoidja;;;;;;;;;x
GOD_HALL;Hall;Hall;Hall;Hall;Hall;;;;;;;;;x
GOD_EHAEMA;Ehaema;Ehaema;Ehaema;Ehaema;Ehaema;;;;;;;;;x
GOD_EBAJALG;Ebajalg;Ebajalg;Ebajalg;Ebajalg;Ebajalg;;;;;;;;;x
GOD_AIKE;Aike;Aike;Aike;Aike;Aike;;;;;;;;;x
GOD_AIATAR;Aiatar;Aiatar;Aiatar;Aiatar;Aiatar;;;;;;;;;x
GOD_TYUSHTYA;Tyushtya;Tyushtya;Tyushtya;Tyushtya;Tyushtya;;;;;;;;;x
GOD_ATAMSHKAI;Atamshkai;Atamshkai;Atamshkai;Atamshkai;Atamshkai;;;;;;;;;x
GOD_VIARDE_SKAI;Viarde Skai;Viarde Skai;Viarde Skai;Viarde Skai;Viarde Skai;;;;;;;;;x
GOD_MASTOR_AVA;Mastor Ava;Mastor Ava;Mastor Ava;Mastor Ava;Mastor Ava;;;;;;;;;x
GOD_MASTORATIA;Mastoratia;Mastoratia;Mastoratia;Mastoratia;Mastoratia;;;;;;;;;x
GOD_ANGE_PATIAI;Ange Patiai;Ange Patiai;Ange Patiai;Ange Patiai;Ange Patiai;;;;;;;;;x
GOD_CHIPAZ;Chipaz;Chipaz;Chipaz;Chipaz;Chipaz;;;;;;;;;x
GOD_NISHKEPAZ;Nishkepaz;Nishkepaz;Nishkepaz;Nishkepaz;Nishkepaz;;;;;;;;;x
GOD_MASTORON_KIRDI;Mastoron Kirdi;Mastoron Kirdi;Mastoron Kirdi;Mastoron Kirdi;Mastoron Kirdi;;;;;;;;;x
GOD_VARMANPAZ;Varmanpaz;Varmanpaz;Varmanpaz;Varmanpaz;Varmanpaz;;;;;;;;;x
GOD_NOROVAVA;Norovava;Norovava;Norovava;Norovava;Norovava;;;;;;;;;x
GOD_MASTORPAZ;Mastorpaz;Mastorpaz;Mastorpaz;Mastorpaz;Mastorpaz;;;;;;;;;x
GOD_PUR'GINEPAZ;Pur'ginepaz;Pur'ginepaz;Pur'ginepaz;Pur'ginepaz;Pur'ginepaz;;;;;;;;;x
GOD_NISKENDE_TEITERT;Niskende Teitert;Niskende Teitert;Niskende Teitert;Niskende Teitert;Niskende Teitert;;;;;;;;;x
GOD_AK_ANA;Ak Ana;Ak Ana;Ak Ana;Ak Ana;Ak Ana;;;;;;;;;x
GOD_KHALTESH-ANKI;Khaltesh-anki;Khaltesh-anki;Khaltesh-anki;Khaltesh-anki;Khaltesh-anki;;;;;;;;;x
GOD_NUM-TORUM;Num-torum;Num-torum;Num-torum;Num-torum;Num-torum;;;;;;;;;x
GOD_ZONGET;Zonget;Zonget;Zonget;Zonget;Zonget;;;;;;;;;x
GOD_KALTES_ANKW;Kaltes Ankw;Kaltes Ankw;Kaltes Ankw;Kaltes Ankw;Kaltes Ankw;;;;;;;;;x
GOD_HEINI-IKI;Heini-iki;Heini-iki;Heini-iki;Heini-iki;Heini-iki;;;;;;;;;x
GOD_KAN-IKI;Kan-iki;Kan-iki;Kan-iki;Kan-iki;Kan-iki;;;;;;;;;x
GOD_POSTAJANKT-IKI;Postajankt-iki;Postajankt-iki;Postajankt-iki;Postajankt-iki;Postajankt-iki;;;;;;;;;x
GOD_DIEVAS_SENELIS;Dievas Senelis;Dievas Senelis;Dievas Senelis;Dievas Senelis;Dievas Senelis;;;;;;;;;x
GOD_PRAAMZIUS;Praamzius;Praamzius;Praamzius;Praamzius;Praamzius;;;;;;;;;x
GOD_AUSRINE;Ausrine;Ausrine;Ausrine;Ausrine;Ausrine;;;;;;;;;x
GOD_DALIA;Dalia;Dalia;Dalia;Dalia;Dalia;;;;;;;;;x
GOD_MENUO;Menuo;Menuo;Menuo;Menuo;Menuo;;;;;;;;;x
GOD_SAULE;Saule;Saule;Saule;Saule;Saule;;;;;;;;;x
GOD_THE_ASVIENIAI;The Asvieniai;The Asvieniai;The Asvieniai;The Asvieniai;The Asvieniai;;;;;;;;;x
GOD_ZEMYNA;Zemyna;Zemyna;Zemyna;Zemyna;Zemyna;;;;;;;;;x
GOD_VAKARINE;Vakarine;Vakarine;Vakarine;Vakarine;Vakarine;;;;;;;;;x
GOD_AUSTARAS;Austaras;Austaras;Austaras;Austaras;Austaras;;;;;;;;;x
GOD_UPINIS;Upinis;Upinis;Upinis;Upinis;Upinis;;;;;;;;;x
GOD_EZERINIS;Ezerinis;Ezerinis;Ezerinis;Ezerinis;Ezerinis;;;;;;;;;x
GOD_VAKARINE;Vakarine;Vakarine;Vakarine;Vakarine;Vakarine;;;;;;;;;x
GOD_INDRAJA;Indraja;Indraja;Indraja;Indraja;Indraja;;;;;;;;;x
GOD_SELIJA;Selija;Selija;Selija;Selija;Selija;;;;;;;;;x
GOD_ZIEZDRE;Ziezdre;Ziezdre;Ziezdre;Ziezdre;Ziezdre;;;;;;;;;x
GOD_VAIVORA;Vaivora;Vaivora;Vaivora;Vaivora;Vaivora;;;;;;;;;x
GOD_VERPIANCIOJI;Verpiancioji;Verpiancioji;Verpiancioji;Verpiancioji;Verpiancioji;;;;;;;;;x
GOD_METANCIOJI;Metancioji;Metancioji;Metancioji;Metancioji;Metancioji;;;;;;;;;x
GOD_AUDEJA;Audeja;Audeja;Audeja;Audeja;Audeja;;;;;;;;;x
GOD_GADINTOJA;Gadintoja;Gadintoja;Gadintoja;Gadintoja;Gadintoja;;;;;;;;;x
GOD_SERGETOJA;Sergetoja;Sergetoja;Sergetoja;Sergetoja;Sergetoja;;;;;;;;;x
GOD_NUKIRPEJA;Nukirpeja;Nukirpeja;Nukirpeja;Nukirpeja;Nukirpeja;;;;;;;;;x
GOD_ISSKALBEJA;Isskalbeja;Isskalbeja;Isskalbeja;Isskalbeja;Isskalbeja;;;;;;;;;x
GOD_BANGPUTYS;Bangputys;Bangputys;Bangputys;Bangputys;Bangputys;;;;;;;;;x
GOD_JAVINE;Javine;Javine;Javine;Javine;Javine;;;;;;;;;x
GOD_JIEVARAS;Jievaras;Jievaras;Jievaras;Jievaras;Jievaras;;;;;;;;;x
GOD_KUPOLE;Kupole;Kupole;Kupole;Kupole;Kupole;;;;;;;;;x
GOD_GILTINE;Giltine;Giltine;Giltine;Giltine;Giltine;;;;;;;;;x
GOD_AITVARAS;Aitvaras;Aitvaras;Aitvaras;Aitvaras;Aitvaras;;;;;;;;;x
GOD_LELYA;Lelya;Lelya;Lelya;Lelya;Lelya;;;;;;;;;x
GOD_ROD;Rod;Rod;Rod;Rod;Rod;;;;;;;;;x
GOD_ZIVA;Ziva;Ziva;Ziva;Ziva;Ziva;;;;;;;;;x
GOD_THE_ZORYA;The Zorya;The Zorya;The Zorya;The Zorya;The Zorya;;;;;;;;;x
GOD_ZARIA;Zaria;Zaria;Zaria;Zaria;Zaria;;;;;;;;;x
GOD_SVETOVID;Svetovid;Svetovid;Svetovid;Svetovid;Svetovid;;;;;;;;;x
GOD_MORANA;Morana;Morana;Morana;Morana;Morana;;;;;;;;;x
GOD_LADA;Lada;Lada;Lada;Lada;Lada;;;;;;;;;x
GOD_DAZBOG;Dazbog;Dazbog;Dazbog;Dazbog;Dazbog;;;;;;;;;x
GOD_BELOBOG;Belobog;Belobog;Belobog;Belobog;Belobog;;;;;;;;;x
GOD_MOKOSH;Mokosh;Mokosh;Mokosh;Mokosh;Mokosh;;;;;;;;;x
GOD_ZYWIE;Zywie;Zywie;Zywie;Zywie;Zywie;;;;;;;;;x
GOD_ZEME;Zeme;Zeme;Zeme;Zeme;Zeme;;;;;;;;;x
GOD_MYESYATS;Myesyats;Myesyats;Myesyats;Myesyats;Myesyats;;;;;;;;;x
GOD_VESNA;Vesna;Vesna;Vesna;Vesna;Vesna;;;;;;;;;x
GOD_VARPULIS;Varpulis;Varpulis;Varpulis;Varpulis;Varpulis;;;;;;;;;x
GOD_TAWALS;Tawals;Tawals;Tawals;Tawals;Tawals;;;;;;;;;x
GOD_ZIRNITRA;Zirnitra;Zirnitra;Zirnitra;Zirnitra;Zirnitra;;;;;;;;;x
GOD_STRIBOG;Stribog;Stribog;Stribog;Stribog;Stribog;;;;;;;;;x
GOD_SIEBOG;Siebog;Siebog;Siebog;Siebog;Siebog;;;;;;;;;x
GOD_POREWIT;Porewit;Porewit;Porewit;Porewit;Porewit;;;;;;;;;x
GOD_PEREPLUT;Pereplut;Pereplut;Pereplut;Pereplut;Pereplut;;;;;;;;;x
GOD_PEKLENC;Peklenc;Peklenc;Peklenc;Peklenc;Peklenc;;;;;;;;;x
GOD_OZWIENA;Ozwiena;Ozwiena;Ozwiena;Ozwiena;Ozwiena;;;;;;;;;x
GOD_KOLIADA;Koliada;Koliada;Koliada;Koliada;Koliada;;;;;;;;;x
GOD_KUPALA;Kupala;Kupala;Kupala;Kupala;Kupala;;;;;;;;;x
GOD_KRESNIK;Kresnik;Kresnik;Kresnik;Kresnik;Kresnik;;;;;;;;;x
GOD_IPABOG;Ipabog;Ipabog;Ipabog;Ipabog;Ipabog;;;;;;;;;x
GOD_HORS;Hors;Hors;Hors;Hors;Hors;;;;;;;;;x
GOD_DZIEWONA;Dziewona;Dziewona;Dziewona;Dziewona;Dziewona;;;;;;;;;x
GOD_DODOLA;Dodola;Dodola;Dodola;Dodola;Dodola;;;;;;;;;x
GOD_CHERNOBOG;Chernobog;Chernobog;Chernobog;Chernobog;Chernobog;;;;;;;;;x
GOD_WUOTAN;Wuotan;Wuotan;Wuotan;Wuotan;Wuotan;;;;;;;;;x
GOD_DONAR;Donar;Donar;Donar;Donar;Donar;;;;;;;;;x
GOD_ZIU;Ziu;Ziu;Ziu;Ziu;Ziu;;;;;;;;;x
GOD_ERMEN;Ermen;Ermen;Ermen;Ermen;Ermen;;;;;;;;;x
GOD_WOLTER;Wolter;Wolter;Wolter;Wolter;Wolter;;;;;;;;;x
GOD_INGUIN;Inguin;Inguin;Inguin;Inguin;Inguin;;;;;;;;;x
GOD_NERTHUZ;Nerthuz;Nerthuz;Nerthuz;Nerthuz;Nerthuz;;;;;;;;;x
GOD_FRIJA;Frija;Frija;Frija;Frija;Frija;;;;;;;;;x
GOD_FROUWA;Frouwa;Frouwa;Frouwa;Frouwa;Frouwa;;;;;;;;;x
GOD_VOLLA;Volla;Volla;Volla;Volla;Volla;;;;;;;;;x
GOD_WURT;Wurt;Wurt;Wurt;Wurt;Wurt;;;;;;;;;x
GOD_SUNNA;Sunna;Sunna;Sunna;Sunna;Sunna;;;;;;;;;x
GOD_ERENTIL;Erentil;Erentil;Erentil;Erentil;Erentil;;;;;;;;;x
GOD_GAUT;Gaut;Gaut;Gaut;Gaut;Gaut;;;;;;;;;x
GOD_WIOLANT;Wiolant;Wiolant;Wiolant;Wiolant;Wiolant;;;;;;;;;x
GOD_AIGIL;Aigil;Aigil;Aigil;Aigil;Aigil;;;;;;;;;x
GOD_SINTHGUT;Sinthgut;Sinthgut;Sinthgut;Sinthgut;Sinthgut;;;;;;;;;x
GOD_ZEUS;Zeus;Zeus;Zeus;Zeus;Zeus;;;;;;;;;x
GOD_HADES;Hades;Hades;Hades;Hades;Hades;;;;;;;;;x
GOD_POSEIDON;Poseidon;Poseidon;Poseidon;Poseidon;Poseidon;;;;;;;;;x
GOD_CRONUS;Cronus;Cronus;Cronus;Cronus;Cronus;;;;;;;;;x
GOD_RHEA;Rhea;Rhea;Rhea;Rhea;Rhea;;;;;;;;;x
GOD_HERA;Hera;Hera;Hera;Hera;Hera;;;;;;;;;x
GOD_HESTIA;Hestia;Hestia;Hestia;Hestia;Hestia;;;;;;;;;x
GOD_DEMETER;Demeter;Demeter;Demeter;Demeter;Demeter;;;;;;;;;x
GOD_ATHENA;Athena;Athena;Athena;Athena;Athena;;;;;;;;;x
GOD_ARES;Ares;Ares;Ares;Ares;Ares;;;;;;;;;x
GOD_APOLLO;Apollo;Apollo;Apollo;Apollo;Apollo;;;;;;;;;x
GOD_ARTEMIS;Artemis;Artemis;Artemis;Artemis;Artemis;;;;;;;;;x
GOD_APHRODITE;Aphrodite;Aphrodite;Aphrodite;Aphrodite;Aphrodite;;;;;;;;;x
GOD_HEPHAESTUS;Hephaestus;Hephaestus;Hephaestus;Hephaestus;Hephaestus;;;;;;;;;x
GOD_DIONYSUS;Dionysus;Dionysus;Dionysus;Dionysus;Dionysus;;;;;;;;;x
GOD_HERMES;Hermes;Hermes;Hermes;Hermes;Hermes;;;;;;;;;x
GOD_HERACLES;Heracles;Heracles;Heracles;Heracles;Heracles;;;;;;;;;x
GOD_THE_DIOSCURI;The Dioscuri;The Dioscuri;The Dioscuri;The Dioscuri;The Dioscuri;;;;;;;;;x
GOD_ACHILLES;Achilles;Achilles;Achilles;Achilles;Achilles;;;;;;;;;x
GOD_ADONIS;Adonis;Adonis;Adonis;Adonis;Adonis;;;;;;;;;x
GOD_PLUTUS;Plutus;Plutus;Plutus;Plutus;Plutus;;;;;;;;;x
GOD_MAIA;Maia;Maia;Maia;Maia;Maia;;;;;;;;;x
GOD_LETO;Leto;Leto;Leto;Leto;Leto;;;;;;;;;x
GOD_EROS;Eros;Eros;Eros;Eros;Eros;;;;;;;;;x
GOD_NIKE;Nike;Nike;Nike;Nike;Nike;;;;;;;;;x
GOD_OCEANUS;Oceanus;Oceanus;Oceanus;Oceanus;Oceanus;;;;;;;;;x
GOD_PHOEBE;Phoebe;Phoebe;Phoebe;Phoebe;Phoebe;;;;;;;;;x
GOD_TETHYS;Tethys;Tethys;Tethys;Tethys;Tethys;;;;;;;;;x
GOD_ASTERIA;Asteria;Asteria;Asteria;Asteria;Asteria;;;;;;;;;x
GOD_COEUS;Coeus;Coeus;Coeus;Coeus;Coeus;;;;;;;;;x
GOD_PERSEPHONE;Persephone;Persephone;Persephone;Persephone;Persephone;;;;;;;;;x
GOD_ARIADNE;Ariadne;Ariadne;Ariadne;Ariadne;Ariadne;;;;;;;;;x
GOD_PAN;Pan;Pan;Pan;Pan;Pan;;;;;;;;;x
GOD_SILENUS;Silenus;Silenus;Silenus;Silenus;Silenus;;;;;;;;;x
GOD_URANUS;Uranus;Uranus;Uranus;Uranus;Uranus;;;;;;;;;x
GOD_GAIA;Gaia;Gaia;Gaia;Gaia;Gaia;;;;;;;;;x
GOD_AMPHITRITE;Amphitrite;Amphitrite;Amphitrite;Amphitrite;Amphitrite;;;;;;;;;x
GOD_HELIOS;Helios;Helios;Helios;Helios;Helios;;;;;;;;;x
GOD_AETHER;Aether;Aether;Aether;Aether;Aether;;;;;;;;;x
GOD_ANANKE;Ananke;Ananke;Ananke;Ananke;Ananke;;;;;;;;;x
GOD_CHAOS;Chaos;Chaos;Chaos;Chaos;Chaos;;;;;;;;;x
GOD_EREBOS;Erebos;Erebos;Erebos;Erebos;Erebos;;;;;;;;;x
GOD_HEMERA;Hemera;Hemera;Hemera;Hemera;Hemera;;;;;;;;;x
GOD_HYPNOS;Hypnos;Hypnos;Hypnos;Hypnos;Hypnos;;;;;;;;;x
GOD_THE_NESOI;The Nesoi;The Nesoi;The Nesoi;The Nesoi;The Nesoi;;;;;;;;;x
GOD_NYX;Nyx;Nyx;Nyx;Nyx;Nyx;;;;;;;;;x
GOD_THE_OUREA;The Ourea;The Ourea;The Ourea;The Ourea;The Ourea;;;;;;;;;x
GOD_PHANES;Phanes;Phanes;Phanes;Phanes;Phanes;;;;;;;;;x
GOD_PONTUS;Pontus;Pontus;Pontus;Pontus;Pontus;;;;;;;;;x
GOD_TARTARUS;Tartarus;Tartarus;Tartarus;Tartarus;Tartarus;;;;;;;;;x
GOD_THALASSA;Thalassa;Thalassa;Thalassa;Thalassa;Thalassa;;;;;;;;;x
GOD_THANATOS;Thanatos;Thanatos;Thanatos;Thanatos;Thanatos;;;;;;;;;x
GOD_HYPERION;Hyperion;Hyperion;Hyperion;Hyperion;Hyperion;;;;;;;;;x
GOD_EOS;Eos;Eos;Eos;Eos;Eos;;;;;;;;;x
GOD_SELENE;Selene;Selene;Selene;Selene;Selene;;;;;;;;;x
GOD_IAPETUS;Iapetus;Iapetus;Iapetus;Iapetus;Iapetus;;;;;;;;;x
GOD_ATLAS;Atlas;Atlas;Atlas;Atlas;Atlas;;;;;;;;;x
GOD_PROMETHEUS;Prometheus;Prometheus;Prometheus;Prometheus;Prometheus;;;;;;;;;x
GOD_EPIMETHEUS;Epimetheus;Epimetheus;Epimetheus;Epimetheus;Epimetheus;;;;;;;;;x
GOD_MENOETIUS;Menoetius;Menoetius;Menoetius;Menoetius;Menoetius;;;;;;;;;x
GOD_CRIUS;Crius;Crius;Crius;Crius;Crius;;;;;;;;;x
GOD_ASTRAEUS;Astraeus;Astraeus;Astraeus;Astraeus;Astraeus;;;;;;;;;x
GOD_PALLAS;Pallas;Pallas;Pallas;Pallas;Pallas;;;;;;;;;x
GOD_PERSES;Perses;Perses;Perses;Perses;Perses;;;;;;;;;x
GOD_CHRONOS;Chronos;Chronos;Chronos;Chronos;Chronos;;;;;;;;;x
GOD_MNEMOSYNE;Mnemosyne;Mnemosyne;Mnemosyne;Mnemosyne;Mnemosyne;;;;;;;;;x
GOD_THEIA;Theia;Theia;Theia;Theia;Theia;;;;;;;;;x
GOD_THEMIS;Themis;Themis;Themis;Themis;Themis;;;;;;;;;x
GOD_ASTERIA;Asteria;Asteria;Asteria;Asteria;Asteria;;;;;;;;;x
GOD_STYX;Styx;Styx;Styx;Styx;Styx;;;;;;;;;x
GOD_ASTRAEUS;Astraeus;Astraeus;Astraeus;Astraeus;Astraeus;;;;;;;;;x
GOD_AURA;Aura;Aura;Aura;Aura;Aura;;;;;;;;;x
GOD_DIONE;Dione;Dione;Dione;Dione;Dione;;;;;;;;;x
GOD_EURYBIA;Eurybia;Eurybia;Eurybia;Eurybia;Eurybia;;;;;;;;;x
GOD_EURYNOME;Eurynome;Eurynome;Eurynome;Eurynome;Eurynome;;;;;;;;;x
GOD_CLYMENE;Clymene;Clymene;Clymene;Clymene;Clymene;;;;;;;;;x
GOD_LELANTOS;Lelantos;Lelantos;Lelantos;Lelantos;Lelantos;;;;;;;;;x
GOD_MENOETIUS;Menoetius;Menoetius;Menoetius;Menoetius;Menoetius;;;;;;;;;x
GOD_METIS;Metis;Metis;Metis;Metis;Metis;;;;;;;;;x
GOD_OPHION;Ophion;Ophion;Ophion;Ophion;Ophion;;;;;;;;;x
GOD_ASCLEPIUS;Asclepius;Asclepius;Asclepius;Asclepius;Asclepius;;;;;;;;;x
GOD_EPIONE;Epione;Epione;Epione;Epione;Epione;;;;;;;;;x
GOD_THETIS;Thetis;Thetis;Thetis;Thetis;Thetis;;;;;;;;;x
GOD_ELECTRA;Electra;Electra;Electra;Electra;Electra;;;;;;;;;x
GOD_IRIS;Iris;Iris;Iris;Iris;Iris;;;;;;;;;x
GOD_HERSE;Herse;Herse;Herse;Herse;Herse;;;;;;;;;x
GOD_CHIONE;Chione;Chione;Chione;Chione;Chione;;;;;;;;;x
GOD_KYBELIS;Kybelis;Kybelis;Kybelis;Kybelis;Kybelis;;;;;;;;;x
GOD_TRITON;Triton;Triton;Triton;Triton;Triton;;;;;;;;;x
GOD_TRITEIA;Triteia;Triteia;Triteia;Triteia;Triteia;;;;;;;;;x
GOD_HYDROS;Hydros;Hydros;Hydros;Hydros;Hydros;;;;;;;;;x
GOD_AEGAEON;Aegaeon;Aegaeon;Aegaeon;Aegaeon;Aegaeon;;;;;;;;;x
GOD_GLAUCUS;Glaucus;Glaucus;Glaucus;Glaucus;Glaucus;;;;;;;;;x
GOD_NEREUS;Nereus;Nereus;Nereus;Nereus;Nereus;;;;;;;;;x
GOD_PALAEMON;Palaemon;Palaemon;Palaemon;Palaemon;Palaemon;;;;;;;;;x
GOD_LEUCOTHEA;Leucothea;Leucothea;Leucothea;Leucothea;Leucothea;;;;;;;;;x
GOD_THAUMAS;Thaumas;Thaumas;Thaumas;Thaumas;Thaumas;;;;;;;;;x
GOD_THOOSA;Thoosa;Thoosa;Thoosa;Thoosa;Thoosa;;;;;;;;;x
GOD_PROTEUS;Proteus;Proteus;Proteus;Proteus;Proteus;;;;;;;;;x
GOD_ANGELOS;Angelos;Angelos;Angelos;Angelos;Angelos;;;;;;;;;x
GOD_HECATE;Hecate;Hecate;Hecate;Hecate;Hecate;;;;;;;;;x
GOD_MACARIA;Macaria;Macaria;Macaria;Macaria;Macaria;;;;;;;;;x
GOD_MELINOE;Melinoe;Melinoe;Melinoe;Melinoe;Melinoe;;;;;;;;;x
GOD_THANATOS;Thanatos;Thanatos;Thanatos;Thanatos;Thanatos;;;;;;;;;x
GOD_ANGELIA;Angelia;Angelia;Angelia;Angelia;Angelia;;;;;;;;;x
GOD_DIKE;Dike;Dike;Dike;Dike;Dike;;;;;;;;;x
GOD_EIRENE;Eirene;Eirene;Eirene;Eirene;Eirene;;;;;;;;;x
GOD_NEMESIS;Nemesis;Nemesis;Nemesis;Nemesis;Nemesis;;;;;;;;;x
GOD_TECHNE;Techne;Techne;Techne;Techne;Techne;;;;;;;;;x
GOD_JUNO;Juno;Juno;Juno;Juno;Juno;;;;;;;;;x
GOD_QUIRINUS;Quirinus;Quirinus;Quirinus;Quirinus;Quirinus;;;;;;;;;x
GOD_NEPTUNE;Neptune;Neptune;Neptune;Neptune;Neptune;;;;;;;;;x
GOD_APOLLO;Apollo;Apollo;Apollo;Apollo;Apollo;;;;;;;;;x
GOD_DIANA;Diana;Diana;Diana;Diana;Diana;;;;;;;;;x
GOD_VULCAN;Vulcan;Vulcan;Vulcan;Vulcan;Vulcan;;;;;;;;;x
GOD_CERES;Ceres;Ceres;Ceres;Ceres;Ceres;;;;;;;;;x
GOD_LIBER;Liber;Liber;Liber;Liber;Liber;;;;;;;;;x
GOD_LIBERA;Libera;Libera;Libera;Libera;Libera;;;;;;;;;x
GOD_SATURN;Saturn;Saturn;Saturn;Saturn;Saturn;;;;;;;;;x
GOD_JANUS;Janus;Janus;Janus;Janus;Janus;;;;;;;;;x
GOD_THE_GENIUS;The Genius;The Genius;The Genius;The Genius;The Genius;;;;;;;;;x
GOD_SOL;Sol;Sol;Sol;Sol;Sol;;;;;;;;;x
GOD_ORCUS;Orcus;Orcus;Orcus;Orcus;Orcus;;;;;;;;;x
GOD_TELLUS;Tellus;Tellus;Tellus;Tellus;Tellus;;;;;;;;;x
GOD_LUNA;Luna;Luna;Luna;Luna;Luna;;;;;;;;;x
GOD_FORTUNA;Fortuna;Fortuna;Fortuna;Fortuna;Fortuna;;;;;;;;;x
GOD_CYBELE;Cybele;Cybele;Cybele;Cybele;Cybele;;;;;;;;;x
GOD_FERONIA;Feronia;Feronia;Feronia;Feronia;Feronia;;;;;;;;;x
GOD_THE_NOVENSIDES;The Novensides;The Novensides;The Novensides;The Novensides;The Novensides;;;;;;;;;x
GOD_PALES;Pales;Pales;Pales;Pales;Pales;;;;;;;;;x
GOD_SALUS;Salus;Salus;Salus;Salus;Salus;;;;;;;;;x
GOD_FLORA;Flora;Flora;Flora;Flora;Flora;;;;;;;;;x
GOD_FONS;Fons;Fons;Fons;Fons;Fons;;;;;;;;;x
GOD_FIDES;Fides;Fides;Fides;Fides;Fides;;;;;;;;;x
GOD_OPS;Ops;Ops;Ops;Ops;Ops;;;;;;;;;x
GOD_VEDIOVIS;Vediovis;Vediovis;Vediovis;Vediovis;Vediovis;;;;;;;;;x
GOD_SUMMANUS;Summanus;Summanus;Summanus;Summanus;Summanus;;;;;;;;;x
GOD_LARUNDA;Larunda;Larunda;Larunda;Larunda;Larunda;;;;;;;;;x
GOD_TERMINUS;Terminus;Terminus;Terminus;Terminus;Terminus;;;;;;;;;x
GOD_VORTUMNUS;Vortumnus;Vortumnus;Vortumnus;Vortumnus;Vortumnus;;;;;;;;;x
GOD_LARES;Lares;Lares;Lares;Lares;Lares;;;;;;;;;x
GOD_LUCINA;Lucina;Lucina;Lucina;Lucina;Lucina;;;;;;;;;x
GOD_THE_GEMINI;The Gemini;The Gemini;The Gemini;The Gemini;The Gemini;;;;;;;;;x
GOD_CUPID;Cupid;Cupid;Cupid;Cupid;Cupid;;;;;;;;;x
GOD_HERCULES;Hercules;Hercules;Hercules;Hercules;Hercules;;;;;;;;;x
GOD_DIS_PATER;Dis Pater;Dis Pater;Dis Pater;Dis Pater;Dis Pater;;;;;;;;;x
GOD_BONA_DEA;Bona Dea;Bona Dea;Bona Dea;Bona Dea;Bona Dea;;;;;;;;;x
GOD_FAUNUS;Faunus;Faunus;Faunus;Faunus;Faunus;;;;;;;;;x
GOD_PLUTO;Pluto;Pluto;Pluto;Pluto;Pluto;;;;;;;;;x
GOD_THE_PENATES;The Penates;The Penates;The Penates;The Penates;The Penates;;;;;;;;;x
GOD_PROSERPINA;Proserpina;Proserpina;Proserpina;Proserpina;Proserpina;;;;;;;;;x
GOD_SILVANUS;Silvanus;Silvanus;Silvanus;Silvanus;Silvanus;;;;;;;;;x
GOD_NERIO;Nerio;Nerio;Nerio;Nerio;Nerio;;;;;;;;;x
GOD_DON;Don;Don;Don;Don;Don;;;;;;;;;x
GOD_AERON;Aeron;Aeron;Aeron;Aeron;Aeron;;;;;;;;;x
GOD_MODRON;Modron;Modron;Modron;Modron;Modron;;;;;;;;;x
GOD_BELI_MAWR;Beli Mawr;Beli Mawr;Beli Mawr;Beli Mawr;Beli Mawr;;;;;;;;;x
GOD_AMAETHON;Amaethon;Amaethon;Amaethon;Amaethon;Amaethon;;;;;;;;;x
GOD_DYLAN;Dylan;Dylan;Dylan;Dylan;Dylan;;;;;;;;;x
GOD_BENDIGEIDFRAN;Bendigeidfran;Bendigeidfran;Bendigeidfran;Bendigeidfran;Bendigeidfran;;;;;;;;;x
GOD_BRANWEN;Branwen;Branwen;Branwen;Branwen;Branwen;;;;;;;;;x
GOD_AFALLACH;Afallach;Afallach;Afallach;Afallach;Afallach;;;;;;;;;x
GOD_ELEN;Elen;Elen;Elen;Elen;Elen;;;;;;;;;x
GOD_ARAWN;Arawn;Arawn;Arawn;Arawn;Arawn;;;;;;;;;x
GOD_CIGFA;Cigfa;Cigfa;Cigfa;Cigfa;Cigfa;;;;;;;;;x
GOD_ARIANRHOD;Arianrhod;Arianrhod;Arianrhod;Arianrhod;Arianrhod;;;;;;;;;x
GOD_MABON;Mabon;Mabon;Mabon;Mabon;Mabon;;;;;;;;;x
GOD_CERIDWEN;Ceridwen;Ceridwen;Ceridwen;Ceridwen;Ceridwen;;;;;;;;;x
GOD_BLODEUWEDD;Blodeuwedd;Blodeuwedd;Blodeuwedd;Blodeuwedd;Blodeuwedd;;;;;;;;;x
GOD_DWYFAN;Dwyfan;Dwyfan;Dwyfan;Dwyfan;Dwyfan;;;;;;;;;x
GOD_CULHWCH;Culhwch;Culhwch;Culhwch;Culhwch;Culhwch;;;;;;;;;x
GOD_OLWEN;Olwen;Olwen;Olwen;Olwen;Olwen;;;;;;;;;x
GOD_CREIDDYLAD;Creiddylad;Creiddylad;Creiddylad;Creiddylad;Creiddylad;;;;;;;;;x
GOD_CYHYRAETH;Cyhyraeth;Cyhyraeth;Cyhyraeth;Cyhyraeth;Cyhyraeth;;;;;;;;;x
GOD_PENARDDUN;Penarddun;Penarddun;Penarddun;Penarddun;Penarddun;;;;;;;;;x
GOD_RHIANNON;Rhiannon;Rhiannon;Rhiannon;Rhiannon;Rhiannon;;;;;;;;;x
GOD_EUROSWYDD;Euroswydd;Euroswydd;Euroswydd;Euroswydd;Euroswydd;;;;;;;;;x
GOD_GOFANNON;Gofannon;Gofannon;Gofannon;Gofannon;Gofannon;;;;;;;;;x
GOD_GWYDION;Gwydion;Gwydion;Gwydion;Gwydion;Gwydion;;;;;;;;;x
GOD_MORFRAN;Morfran;Morfran;Morfran;Morfran;Morfran;;;;;;;;;x
GOD_GWION_BACH;Gwion Bach;Gwion Bach;Gwion Bach;Gwion Bach;Gwion Bach;;;;;;;;;x
GOD_TEGID_FOEL;Tegid Foel;Tegid Foel;Tegid Foel;Tegid Foel;Tegid Foel;;;;;;;;;x
GOD_CREIRWY;Creirwy;Creirwy;Creirwy;Creirwy;Creirwy;;;;;;;;;x
GOD_LLYR;Llyr;Llyr;Llyr;Llyr;Llyr;;;;;;;;;x
GOD_YSBADDADEN;Ysbaddaden;Ysbaddaden;Ysbaddaden;Ysbaddaden;Ysbaddaden;;;;;;;;;x
GOD_PWYLL;Pwyll;Pwyll;Pwyll;Pwyll;Pwyll;;;;;;;;;x
GOD_PRYDERI;Pryderi;Pryderi;Pryderi;Pryderi;Pryderi;;;;;;;;;x
GOD_GWYDDNO_GARANHIR;Gwyddno Garanhir;Gwyddno Garanhir;Gwyddno Garanhir;Gwyddno Garanhir;Gwyddno Garanhir;;;;;;;;;x
GOD_GWYN;Gwyn;Gwyn;Gwyn;Gwyn;Gwyn;;;;;;;;;x
GOD_HAFGAN;Hafgan;Hafgan;Hafgan;Hafgan;Hafgan;;;;;;;;;x
GOD_LLEU_LLAW_GYFFES;Lleu Llaw Gyffes;Lleu Llaw Gyffes;Lleu Llaw Gyffes;Lleu Llaw Gyffes;Lleu Llaw Gyffes;;;;;;;;;x
GOD_LLUDD_LLAW_ERAINT;Lludd Llaw Eraint;Lludd Llaw Eraint;Lludd Llaw Eraint;Lludd Llaw Eraint;Lludd Llaw Eraint;;;;;;;;;x
GOD_MANAWYDAN;Manawydan;Manawydan;Manawydan;Manawydan;Manawydan;;;;;;;;;x
GOD_MATH;Math;Math;Math;Math;Math;;;;;;;;;x
GOD_MATHONWY;Mathonwy;Mathonwy;Mathonwy;Mathonwy;Mathonwy;;;;;;;;;x
GOD_NISIEN;Nisien;Nisien;Nisien;Nisien;Nisien;;;;;;;;;x
GOD_EFNYSIEN;Efnysien;Efnysien;Efnysien;Efnysien;Efnysien;;;;;;;;;x
GOD_MYRDDIN_WYLLT;Myrddin Wyllt;Myrddin Wyllt;Myrddin Wyllt;Myrddin Wyllt;Myrddin Wyllt;;;;;;;;;x
PROPHET_TALIESIN;Taliesin;Taliesin;Taliesin;Taliesin;Taliesin;;;;;;;;;x
GOD_DANU;Danu;Danu;Danu;Danu;Danu;;;;;;;;;x
GOD_LUGH;Lugh;Lugh;Lugh;Lugh;Lugh;;;;;;;;;x
GOD_BRIGIT;Brigit;Brigit;Brigit;Brigit;Brigit;;;;;;;;;x
GOD_OGMA;Ogma;Ogma;Ogma;Ogma;Ogma;;;;;;;;;x
GOD_TUIRENN;Tuirenn;Tuirenn;Tuirenn;Tuirenn;Tuirenn;;;;;;;;;x
GOD_THE_DAGDA;The Dagda;The Dagda;The Dagda;The Dagda;The Dagda;;;;;;;;;x
GOD_LIR;Lir;Lir;Lir;Lir;Lir;;;;;;;;;x
GOD_NUADA;Nuada;Nuada;Nuada;Nuada;Nuada;;;;;;;;;x
GOD_MANANNAN;Manannan;Manannan;Manannan;Manannan;Manannan;;;;;;;;;x
GOD_GOIBNIU;Goibniu;Goibniu;Goibniu;Goibniu;Goibniu;;;;;;;;;x
GOD_LEN;Len;Len;Len;Len;Len;;;;;;;;;x
GOD_CIAN;Cian;Cian;Cian;Cian;Cian;;;;;;;;;x
GOD_BALOR;Balor;Balor;Balor;Balor;Balor;;;;;;;;;x
GOD_AILILL;Ailill;Ailill;Ailill;Ailill;Ailill;;;;;;;;;x
GOD_OENGUS;Oengus;Oengus;Oengus;Oengus;Oengus;;;;;;;;;x
GOD_AI;Ai;Ai;Ai;Ai;Ai;;;;;;;;;x
GOD_BODB_DEARG;Bodb Dearg;Bodb Dearg;Bodb Dearg;Bodb Dearg;Bodb Dearg;;;;;;;;;x
GOD_BRES;Bres;Bres;Bres;Bres;Bres;;;;;;;;;x
GOD_BREA;Brea;Brea;Brea;Brea;Brea;;;;;;;;;x
GOD_ALASTIR;Alastir;Alastir;Alastir;Alastir;Alastir;;;;;;;;;x
GOD_AED;Aed;Aed;Aed;Aed;Aed;;;;;;;;;x
GOD_ABEAN;Abean;Abean;Abean;Abean;Abean;;;;;;;;;x
GOD_ABCAN;Abcan;Abcan;Abcan;Abcan;Abcan;;;;;;;;;x
GOD_ABARTA;Abarta;Abarta;Abarta;Abarta;Abarta;;;;;;;;;x
GOD_BRIAN;Brian;Brian;Brian;Brian;Brian;;;;;;;;;x
GOD_IUCHAR;Iuchar;Iuchar;Iuchar;Iuchar;Iuchar;;;;;;;;;x
GOD_IUCHARBA;Iucharba;Iucharba;Iucharba;Iucharba;Iucharba;;;;;;;;;x
GOD_CORB;Corb;Corb;Corb;Corb;Corb;;;;;;;;;x
GOD_CREDNE;Credne;Credne;Credne;Credne;Credne;;;;;;;;;x
GOD_BUARAINECH;Buarainech;Buarainech;Buarainech;Buarainech;Buarainech;;;;;;;;;x
GOD_CIOCAL;Ciocal;Ciocal;Ciocal;Ciocal;Ciocal;;;;;;;;;x
GOD_CONAND;Conand;Conand;Conand;Conand;Conand;;;;;;;;;x
GOD_BADB;Badb;Badb;Badb;Badb;Badb;;;;;;;;;x
GOD_BEC;Bec;Bec;Bec;Bec;Bec;;;;;;;;;x
GOD_AINE;Aine;Aine;Aine;Aine;Aine;;;;;;;;;x
GOD_AIMEND;Aimend;Aimend;Aimend;Aimend;Aimend;;;;;;;;;x
GOD_AIBELL;Aibell;Aibell;Aibell;Aibell;Aibell;;;;;;;;;x
GOD_AIRMED;Airmed;Airmed;Airmed;Airmed;Airmed;;;;;;;;;x
GOD_ANAND;Anand;Anand;Anand;Anand;Anand;;;;;;;;;x
GOD_BANBA;Banba;Banba;Banba;Banba;Banba;;;;;;;;;x
GOD_BEBINN;Bebinn;Bebinn;Bebinn;Bebinn;Bebinn;;;;;;;;;x
GOD_THE_MORRIGAN;The Morrigan;The Morrigan;The Morrigan;The Morrigan;The Morrigan;;;;;;;;;x
GOD_FAND;Fand;Fand;Fand;Fand;Fand;;;;;;;;;x
GOD_NIAM;Niam;Niam;Niam;Niam;Niam;;;;;;;;;x
GOD_FINNGUALA;Finnguala;Finnguala;Finnguala;Finnguala;Finnguala;;;;;;;;;x
GOD_FLIDAIS;Flidais;Flidais;Flidais;Flidais;Flidais;;;;;;;;;x
GOD_FODLA;Fodla;Fodla;Fodla;Fodla;Fodla;;;;;;;;;x
GOD_LI_BAN;Li Ban;Li Ban;Li Ban;Li Ban;Li Ban;;;;;;;;;x
GOD_MACHA;Macha;Macha;Macha;Macha;Macha;;;;;;;;;x
GOD_MEDB;Medb;Medb;Medb;Medb;Medb;;;;;;;;;x
GOD_MEDB_LETHDERG;Medb Lethderg;Medb Lethderg;Medb Lethderg;Medb Lethderg;Medb Lethderg;;;;;;;;;x
GOD_MONGFIND;Mongfind;Mongfind;Mongfind;Mongfind;Mongfind;;;;;;;;;x
GOD_MOR_MUMAN;Mor Muman;Mor Muman;Mor Muman;Mor Muman;Mor Muman;;;;;;;;;x
GOD_NEMAIN;Nemain;Nemain;Nemain;Nemain;Nemain;;;;;;;;;x
GOD_NIC_NAOMHIN;Nic Naomhin;Nic Naomhin;Nic Naomhin;Nic Naomhin;Nic Naomhin;;;;;;;;;x
GOD_PLOR_NA_MBAN;Plor Na Mban;Plor Na Mban;Plor Na Mban;Plor Na Mban;Plor Na Mban;;;;;;;;;x
GOD_SHEELA_NA_GIG;Sheela Na Gig;Sheela Na Gig;Sheela Na Gig;Sheela Na Gig;Sheela Na Gig;;;;;;;;;x
GOD_TAILTIU;Tailtiu;Tailtiu;Tailtiu;Tailtiu;Tailtiu;;;;;;;;;x
GOD_CAER;Caer;Caer;Caer;Caer;Caer;;;;;;;;;x
GOD_CAILLECH;Caillech;Caillech;Caillech;Caillech;Caillech;;;;;;;;;x
GOD_ETAIN;Etain;Etain;Etain;Etain;Etain;;;;;;;;;x
GOD_ETHNIU;Ethniu;Ethniu;Ethniu;Ethniu;Ethniu;;;;;;;;;x
GOD_ERNMAS;Ernmas;Ernmas;Ernmas;Ernmas;Ernmas;;;;;;;;;x
GOD_DANAND;Danand;Danand;Danand;Danand;Danand;;;;;;;;;x
GOD_CANOLA;Canola;Canola;Canola;Canola;Canola;;;;;;;;;x
GOD_ERIU;Eriu;Eriu;Eriu;Eriu;Eriu;;;;;;;;;x
GOD_CROB_DERG;Crob Derg;Crob Derg;Crob Derg;Crob Derg;Crob Derg;;;;;;;;;x
GOD_CLIDNA;Clidna;Clidna;Clidna;Clidna;Clidna;;;;;;;;;x
GOD_CETHLENN;Cethlenn;Cethlenn;Cethlenn;Cethlenn;Cethlenn;;;;;;;;;x
GOD_CESSAIR;Cessair;Cessair;Cessair;Cessair;Cessair;;;;;;;;;x
GOD_LUCHTA;Luchta;Luchta;Luchta;Luchta;Luchta;;;;;;;;;x
GOD_ELCMAR;Elcmar;Elcmar;Elcmar;Elcmar;Elcmar;;;;;;;;;x
GOD_ELATHA;Elatha;Elatha;Elatha;Elatha;Elatha;;;;;;;;;x
GOD_EGOBAIL;Egobail;Egobail;Egobail;Egobail;Egobail;;;;;;;;;x
GOD_ECNE;Ecne;Ecne;Ecne;Ecne;Ecne;;;;;;;;;x
GOD_DONN;Donn;Donn;Donn;Donn;Donn;;;;;;;;;x
GOD_DIAN_CECHT;Dian Cecht;Dian Cecht;Dian Cecht;Dian Cecht;Dian Cecht;;;;;;;;;x
GOD_BELBAETH;Belbaeth;Belbaeth;Belbaeth;Belbaeth;Belbaeth;;;;;;;;;x
GOD_DAIRE;Daire;Daire;Daire;Daire;Daire;;;;;;;;;x
GOD_CROM_DUBH;Crom Dubh;Crom Dubh;Crom Dubh;Crom Dubh;Crom Dubh;;;;;;;;;x
GOD_CROM_CRUACH;Crom Cruach;Crom Cruach;Crom Cruach;Crom Cruach;Crom Cruach;;;;;;;;;x
GOD_MUG_RUITH;Mug Ruith;Mug Ruith;Mug Ruith;Mug Ruith;Mug Ruith;;;;;;;;;x
GOD_NECHTAN;Nechtan;Nechtan;Nechtan;Nechtan;Nechtan;;;;;;;;;x
GOD_NEIT;Neit;Neit;Neit;Neit;Neit;;;;;;;;;x
GOD_TETHRA;Tethra;Tethra;Tethra;Tethra;Tethra;;;;;;;;;x
GOD_SEONAIDH;Seonaidh;Seonaidh;Seonaidh;Seonaidh;Seonaidh;;;;;;;;;x
GOD_MIDIR;Midir;Midir;Midir;Midir;Midir;;;;;;;;;x
GOD_MIACH;Miach;Miach;Miach;Miach;Miach;;;;;;;;;x
GOD_MAC_CUILL;Mac Cuill;Mac Cuill;Mac Cuill;Mac Cuill;Mac Cuill;;;;;;;;;x
GOD_MAC_CECHT;Mac Cecht;Mac Cecht;Mac Cecht;Mac Cecht;Mac Cecht;;;;;;;;;x
GOD_MAC_GREINE;Mac Greine;Mac Greine;Mac Greine;Mac Greine;Mac Greine;;;;;;;;;x
GOD_FIONN;Fionn;Fionn;Fionn;Fionn;Fionn;;;;;;;;;x
GOD_OISIN;Oisin;Oisin;Oisin;Oisin;Oisin;;;;;;;;;x
GOD_OSCAR;Oscar;Oscar;Oscar;Oscar;Oscar;;;;;;;;;x
GOD_CUMHALL;Cumhall;Cumhall;Cumhall;Cumhall;Cumhall;;;;;;;;;x
GOD_SADHBH;Sadhbh;Sadhbh;Sadhbh;Sadhbh;Sadhbh;;;;;;;;;x
GOD_FEAR_DOIRCHE;Fear Doirche;Fear Doirche;Fear Doirche;Fear Doirche;Fear Doirche;;;;;;;;;x
GOD_TADG;Tadg;Tadg;Tadg;Tadg;Tadg;;;;;;;;;x
GOD_MUIRNE;Muirne;Muirne;Muirne;Muirne;Muirne;;;;;;;;;x
GOD_TRENMOR;Trenmor;Trenmor;Trenmor;Trenmor;Trenmor;;;;;;;;;x
GOD_DIARMUID;Diarmuid;Diarmuid;Diarmuid;Diarmuid;Diarmuid;;;;;;;;;x
GOD_CU_CHULAINN;Cu Chulainn;Cu Chulainn;Cu Chulainn;Cu Chulainn;Cu Chulainn;;;;;;;;;x
GOD_AIFE;Aife;Aife;Aife;Aife;Aife;;;;;;;;;x
GOD_CONNLA;Connla;Connla;Connla;Connla;Connla;;;;;;;;;x
GOD_SCATHACH;Scathach;Scathach;Scathach;Scathach;Scathach;;;;;;;;;x
GOD_UATHACH;Uathach;Uathach;Uathach;Uathach;Uathach;;;;;;;;;x
GOD_CET;Cet;Cet;Cet;Cet;Cet;;;;;;;;;x
GOD_CUAR;Cuar;Cuar;Cuar;Cuar;Cuar;;;;;;;;;x
GOD_TALITIU;Talitiu;Talitiu;Talitiu;Talitiu;Talitiu;;;;;;;;;x
GOD_CICHOL_GRICENCHOS;Cichol Gricenchos;Cichol Gricenchos;Cichol Gricenchos;Cichol Gricenchos;Cichol Gricenchos;;;;;;;;;x
GOD_DELBAETH;Delbaeth;Delbaeth;Delbaeth;Delbaeth;Delbaeth;;;;;;;;;x
GOD_AOI_MAC_OLLAMAIN;Aoi Mac Ollamain;Aoi Mac Ollamain;Aoi Mac Ollamain;Aoi Mac Ollamain;Aoi Mac Ollamain;;;;;;;;;x
GOD_BOANN;Boann;Boann;Boann;Boann;Boann;;;;;;;;;x
GOD_CONN;Conn;Conn;Conn;Conn;Conn;;;;;;;;;x
GOD_FIACHRA;Fiachra;Fiachra;Fiachra;Fiachra;Fiachra;;;;;;;;;x
GOD_FIONNUALA;Fionnuala;Fionnuala;Fionnuala;Fionnuala;Fionnuala;;;;;;;;;x
GOD_AOIBH;Aoibh;Aoibh;Aoibh;Aoibh;Aoibh;;;;;;;;;x
GOD_CLIODHNA;Cliodhna;Cliodhna;Cliodhna;Cliodhna;Cliodhna;;;;;;;;;x
GOD_FERDIAD;Ferdiad;Ferdiad;Ferdiad;Ferdiad;Ferdiad;;;;;;;;;x
GOD_SRENG;Sreng;Sreng;Sreng;Sreng;Sreng;;;;;;;;;x
GOD_EOCHAID;Eochaid;Eochaid;Eochaid;Eochaid;Eochaid;;;;;;;;;x
GOD_SLAINE;Slaine;Slaine;Slaine;Slaine;Slaine;;;;;;;;;x
GOD_RINNAL;Rinnal;Rinnal;Rinnal;Rinnal;Rinnal;;;;;;;;;x
GOD_MARI;Mari;Mari;Mari;Mari;Mari;;;;;;;;;x
GOD_MURUMENDIKO_DAMA;Murumendiko Dama;Murumendiko Dama;Murumendiko Dama;Murumendiko Dama;Murumendiko Dama;;;;;;;;;x
GOD_SUGAAR;Sugaar;Sugaar;Sugaar;Sugaar;Sugaar;;;;;;;;;x
GOD_MAJU;Maju;Maju;Maju;Maju;Maju;;;;;;;;;x
GOD_ATARRABI;Atarrabi;Atarrabi;Atarrabi;Atarrabi;Atarrabi;;;;;;;;;x
GOD_ATXULAR;Atxular;Atxular;Atxular;Atxular;Atxular;;;;;;;;;x
GOD_MIKELATS;Mikelats;Mikelats;Mikelats;Mikelats;Mikelats;;;;;;;;;x
GOD_HODEI;Hodei;Hodei;Hodei;Hodei;Hodei;;;;;;;;;x
GOD_HERENSUGE;Herensuge;Herensuge;Herensuge;Herensuge;Herensuge;;;;;;;;;x
GOD_AMA_LUR;Ama Lur;Ama Lur;Ama Lur;Ama Lur;Ama Lur;;;;;;;;;x
GOD_ILLARGI;Illargi;Illargi;Illargi;Illargi;Illargi;;;;;;;;;x
GOD_ERGE;Erge;Erge;Erge;Erge;Erge;;;;;;;;;x
GOD_GAUEKO;Gaueko;Gaueko;Gaueko;Gaueko;Gaueko;;;;;;;;;x
GOD_ODEI;Odei;Odei;Odei;Odei;Odei;;;;;;;;;x
GOD_TARTALO;Tartalo;Tartalo;Tartalo;Tartalo;Tartalo;;;;;;;;;x
GOD_THE_MAIRUAK;The Mairuak;The Mairuak;The Mairuak;The Mairuak;The Mairuak;;;;;;;;;x
GOD_THE_SORGINAK;The Sorginak;The Sorginak;The Sorginak;The Sorginak;The Sorginak;;;;;;;;;x
GOD_THE_LAMIAK;The Lamiak;The Lamiak;The Lamiak;The Lamiak;The Lamiak;;;;;;;;;x
GOD_THE_IRATXOAK;The Iratxoak;The Iratxoak;The Iratxoak;The Iratxoak;The Iratxoak;;;;;;;;;x
GOD_THE_GALTZAGORRIAK;The Galtzagorriak;The Galtzagorriak;The Galtzagorriak;The Galtzagorriak;The Galtzagorriak;;;;;;;;;x
GOD_AATXE;Aatxe;Aatxe;Aatxe;Aatxe;Aatxe;;;;;;;;;x
GOD_BASAJAUN;Basajaun;Basajaun;Basajaun;Basajaun;Basajaun;;;;;;;;;x
GOD_BASANDERE;Basandere;Basandere;Basandere;Basandere;Basandere;;;;;;;;;x
GOD_URTZI;Urtzi;Urtzi;Urtzi;Urtzi;Urtzi;;;;;;;;;x
GOD_THE_JENTILAK;The Jentilak;The Jentilak;The Jentilak;The Jentilak;The Jentilak;;;;;;;;;x
GOD_ARAMAZD;Aramazd;Aramazd;Aramazd;Aramazd;Aramazd;;;;;;;;;x
GOD_ANAHIT;Anahit;Anahit;Anahit;Anahit;Anahit;;;;;;;;;x
GOD_VAHAGN;Vahagn;Vahagn;Vahagn;Vahagn;Vahagn;;;;;;;;;x
GOD_ASTGHIK;Astghik;Astghik;Astghik;Astghik;Astghik;;;;;;;;;x
GOD_NUNE;Nune;Nune;Nune;Nune;Nune;;;;;;;;;x
GOD_ARA;Ara;Ara;Ara;Ara;Ara;;;;;;;;;x
GOD_MIHR;Mihr;Mihr;Mihr;Mihr;Mihr;;;;;;;;;x
GOD_TIR;Tir;Tir;Tir;Tir;Tir;;;;;;;;;x
GOD_AMANOR;Amanor;Amanor;Amanor;Amanor;Amanor;;;;;;;;;x
GOD_TSOVINAR;Tsovinar;Tsovinar;Tsovinar;Tsovinar;Tsovinar;;;;;;;;;x
GOD_SPANDARAMET;Spandaramet;Spandaramet;Spandaramet;Spandaramet;Spandaramet;;;;;;;;;x
GOD_HAYK;Hayk;Hayk;Hayk;Hayk;Hayk;;;;;;;;;x
GOD_ARAY;Aray;Aray;Aray;Aray;Aray;;;;;;;;;x
GOD_BARSAMIN;Barsamin;Barsamin;Barsamin;Barsamin;Barsamin;;;;;;;;;x
GOD_BEL;Bel;Bel;Bel;Bel;Bel;;;;;;;;;x
GOD_AL;Al;Al;Al;Al;Al;;;;;;;;;x
GOD_THE_ARALEZ;The Aralez;The Aralez;The Aralez;The Aralez;The Aralez;;;;;;;;;x
GOD_KARAPET;Karapet;Karapet;Karapet;Karapet;Karapet;;;;;;;;;x
GOD_SARKIS;Sarkis;Sarkis;Sarkis;Sarkis;Sarkis;;;;;;;;;x
GOD_THE_DEVS;The Devs;The Devs;The Devs;The Devs;The Devs;;;;;;;;;x
GOD_ARMAZI;Armazi;Armazi;Armazi;Armazi;Armazi;;;;;;;;;x
GOD_DALI;Dali;Dali;Dali;Dali;Dali;;;;;;;;;x
GOD_ADGILIS_DEDA;Adgilis Deda;Adgilis Deda;Adgilis Deda;Adgilis Deda;Adgilis Deda;;;;;;;;;x
GOD_TAMAR;Tamar;Tamar;Tamar;Tamar;Tamar;;;;;;;;;x
GOD_LAMARA;Lamara;Lamara;Lamara;Lamara;Lamara;;;;;;;;;x
GOD_ZADENI;Zadeni;Zadeni;Zadeni;Zadeni;Zadeni;;;;;;;;;x
GOD_GATSI;Gatsi;Gatsi;Gatsi;Gatsi;Gatsi;;;;;;;;;x
GOD_GAIM;Gaim;Gaim;Gaim;Gaim;Gaim;;;;;;;;;x
GOD_DILIS_VARSKVLAVI;Dilis Varskvlavi;Dilis Varskvlavi;Dilis Varskvlavi;Dilis Varskvlavi;Dilis Varskvlavi;;;;;;;;;x
GOD_BAADURI;Baaduri;Baaduri;Baaduri;Baaduri;Baaduri;;;;;;;;;x
GOD_THE_DEVIS;The Devis;The Devis;The Devis;The Devis;The Devis;;;;;;;;;x
GOD_AMIRANI;Amirani;Amirani;Amirani;Amirani;Amirani;;;;;;;;;x
GOD_KOPALA;Kopala;Kopala;Kopala;Kopala;Kopala;;;;;;;;;x
GOD_IAKHSARI;Iakhsari;Iakhsari;Iakhsari;Iakhsari;Iakhsari;;;;;;;;;x
GOD_MAMUKA;Mamuka;Mamuka;Mamuka;Mamuka;Mamuka;;;;;;;;;x
GOD_MORIGE;Morige;Morige;Morige;Morige;Morige;;;;;;;;;x
GOD_PIRKUSHI;Pirkushi;Pirkushi;Pirkushi;Pirkushi;Pirkushi;;;;;;;;;x
GOD_TETRI_GIORGI;Tetri Giorgi;Tetri Giorgi;Tetri Giorgi;Tetri Giorgi;Tetri Giorgi;;;;;;;;;x
GOD_OCHOPINTRE;Ochopintre;Ochopintre;Ochopintre;Ochopintre;Ochopintre;;;;;;;;;x
GOD_MZEKALA;Mzekala;Mzekala;Mzekala;Mzekala;Mzekala;;;;;;;;;x
GOD_LEUCOTHENIA;Leucothenia;Leucothenia;Leucothenia;Leucothenia;Leucothenia;;;;;;;;;x
GOD_HUYCAU;Huycau;Huycau;Huycau;Huycau;Huycau;;;;;;;;;x
GOD_UASTYRDZHI;Uastyrdzhi;Uastyrdzhi;Uastyrdzhi;Uastyrdzhi;Uastyrdzhi;;;;;;;;;x
GOD_UACILLA;Uacilla;Uacilla;Uacilla;Uacilla;Uacilla;;;;;;;;;x
GOD_SAFA;Safa;Safa;Safa;Safa;Safa;;;;;;;;;x
GOD_DONBETTYR;Donbettyr;Donbettyr;Donbettyr;Donbettyr;Donbettyr;;;;;;;;;x
GOD_TUTYR;Tutyr;Tutyr;Tutyr;Tutyr;Tutyr;;;;;;;;;x
GOD_FAELVAERA;Faelvaera;Faelvaera;Faelvaera;Faelvaera;Faelvaera;;;;;;;;;x
GOD_AEFSATI;Aefsati;Aefsati;Aefsati;Aefsati;Aefsati;;;;;;;;;x
GOD_KURDALAEGON;Kurdalaegon;Kurdalaegon;Kurdalaegon;Kurdalaegon;Kurdalaegon;;;;;;;;;x
GOD_SATANA;Satana;Satana;Satana;Satana;Satana;;;;;;;;;x
GOD_SAUBARAG;Saubarag;Saubarag;Saubarag;Saubarag;Saubarag;;;;;;;;;x
GOD_SYRDON;Syrdon;Syrdon;Syrdon;Syrdon;Syrdon;;;;;;;;;x
GOD_HUYAENDON_AELDAR;Huyaendon Aeldar;Huyaendon Aeldar;Huyaendon Aeldar;Huyaendon Aeldar;Huyaendon Aeldar;;;;;;;;;x
GOD_BARASTYR;Barastyr;Barastyr;Barastyr;Barastyr;Barastyr;;;;;;;;;x
GOD_AMINON;Aminon;Aminon;Aminon;Aminon;Aminon;;;;;;;;;x
GOD_ALARDY;Alardy;Alardy;Alardy;Alardy;Alardy;;;;;;;;;x
GOD_DEELA;Deela;Deela;Deela;Deela;Deela;;;;;;;;;x
GOD_HELA;Hela;Hela;Hela;Hela;Hela;;;;;;;;;x
GOD_DEELA-MALKH;Deela-malkh;Deela-malkh;Deela-malkh;Deela-malkh;Deela-malkh;;;;;;;;;x
GOD_MEL-DEELA;Mel-deela;Mel-deela;Mel-deela;Mel-deela;Mel-deela;;;;;;;;;x
GOD_SEELA;Seela;Seela;Seela;Seela;Seela;;;;;;;;;x
GOD_SATA;Sata;Sata;Sata;Sata;Sata;;;;;;;;;x
GOD_MAETSILL;Maetsill;Maetsill;Maetsill;Maetsill;Maetsill;;;;;;;;;x
GOD_ISHTAR-DEELA;Ishtar-deela;Ishtar-deela;Ishtar-deela;Ishtar-deela;Ishtar-deela;;;;;;;;;x
GOD_MOLYZ-YERDI;Molyz-yerdi;Molyz-yerdi;Molyz-yerdi;Molyz-yerdi;Molyz-yerdi;;;;;;;;;x
GOD_ELTA;Elta;Elta;Elta;Elta;Elta;;;;;;;;;x
GOD_AMGALI-YERDI;Amgali-yerdi;Amgali-yerdi;Amgali-yerdi;Amgali-yerdi;Amgali-yerdi;;;;;;;;;x
GOD_TAAMASH-YERDI;Taamash-yerdi;Taamash-yerdi;Taamash-yerdi;Taamash-yerdi;Taamash-yerdi;;;;;;;;;x
GOD_TUSHOLI;Tusholi;Tusholi;Tusholi;Tusholi;Tusholi;;;;;;;;;x
GOD_DARTSA-NAANA;Dartsa-naana;Dartsa-naana;Dartsa-naana;Dartsa-naana;Dartsa-naana;;;;;;;;;x
GOD_MOKHA-NAANA;Mokha-naana;Mokha-naana;Mokha-naana;Mokha-naana;Mokha-naana;;;;;;;;;x
GOD_SEELASAT;Seelasat;Seelasat;Seelasat;Seelasat;Seelasat;;;;;;;;;x
GOD_MELER-YERDI;Meler-yerdi;Meler-yerdi;Meler-yerdi;Meler-yerdi;Meler-yerdi;;;;;;;;;x
GOD_GAL-YERDI;Gal-yerdi;Gal-yerdi;Gal-yerdi;Gal-yerdi;Gal-yerdi;;;;;;;;;x
GOD_AIRA;Aira;Aira;Aira;Aira;Aira;;;;;;;;;x
GOD_MOZH;Mozh;Mozh;Mozh;Mozh;Mozh;;;;;;;;;x
GOD_BOLAM-DEELA;Bolam-deela;Bolam-deela;Bolam-deela;Bolam-deela;Bolam-deela;;;;;;;;;x
GOD_MAETSKHALI;Maetskhali;Maetskhali;Maetskhali;Maetskhali;Maetskhali;;;;;;;;;x
GOD_MATTIR-DEELA;Mattir-deela;Mattir-deela;Mattir-deela;Mattir-deela;Mattir-deela;;;;;;;;;x
GOD_P'EERSKA;P'eerska;P'eerska;P'eerska;P'eerska;P'eerska;;;;;;;;;x
GOD_BAINI;Baini;Baini;Baini;Baini;Baini;;;;;;;;;x
GOD_UNU;Unu;Unu;Unu;Unu;Unu;;;;;;;;;x
GOD_HIGIZ;Higiz;Higiz;Higiz;Higiz;Higiz;;;;;;;;;x
GOD_FALKHAN;Falkhan;Falkhan;Falkhan;Falkhan;Falkhan;;;;;;;;;x
GOD_SUSAN;Susan;Susan;Susan;Susan;Susan;;;;;;;;;x
GOD_AGOI;Agoi;Agoi;Agoi;Agoi;Agoi;;;;;;;;;x
GOD_PKHARMAT;Pkharmat;Pkharmat;Pkharmat;Pkharmat;Pkharmat;;;;;;;;;x
GOD_THE_TARAM;The Taram;The Taram;The Taram;The Taram;The Taram;;;;;;;;;x
GOD_THE_HUNSAG;The Hunsag;The Hunsag;The Hunsag;The Hunsag;The Hunsag;;;;;;;;;x
GOD_THE_ALMAS;The Almas;The Almas;The Almas;The Almas;The Almas;;;;;;;;;x
GOD_THA;Tha;Tha;Tha;Tha;Tha;;;;;;;;;x
GOD_THASHXUE;Thashxue;Thashxue;Thashxue;Thashxue;Thashxue;;;;;;;;;x
GOD_ANTSVA;Antsva;Antsva;Antsva;Antsva;Antsva;;;;;;;;;x
GOD_AFY;Afy;Afy;Afy;Afy;Afy;;;;;;;;;x
GOD_AIARG;Aiarg;Aiarg;Aiarg;Aiarg;Aiarg;;;;;;;;;x
GOD_AZHVEIPSHAA;Azhveipshaa;Azhveipshaa;Azhveipshaa;Azhveipshaa;Azhveipshaa;;;;;;;;;x
GOD_ANANA_GUNDA;Anana Gunda;Anana Gunda;Anana Gunda;Anana Gunda;Anana Gunda;;;;;;;;;x
GOD_DZYZLAN-DZAHKUAZH;Dzyzlan-dzahkuazh;Dzyzlan-dzahkuazh;Dzyzlan-dzahkuazh;Dzyzlan-dzahkuazh;Dzyzlan-dzahkuazh;;;;;;;;;x
GOD_SHAHY;Shahy;Shahy;Shahy;Shahy;Shahy;;;;;;;;;x
GOD_AZHIRA;Azhira;Azhira;Azhira;Azhira;Azhira;;;;;;;;;x
GOD_AZHAKHARA;Azhakhara;Azhakhara;Azhakhara;Azhakhara;Azhakhara;;;;;;;;;x
GOD_PATARAZ;Pataraz;Pataraz;Pataraz;Pataraz;Pataraz;;;;;;;;;x
GOD_TLEPSH;Tlepsh;Tlepsh;Tlepsh;Tlepsh;Tlepsh;;;;;;;;;x
GOD_SETENEJ;Setenej;Setenej;Setenej;Setenej;Setenej;;;;;;;;;x
GOD_SAWSARAKA;Sawsaraka;Sawsaraka;Sawsaraka;Sawsaraka;Sawsaraka;;;;;;;;;x
GOD_PARAMESHWARA;Parameshwara;Parameshwara;Parameshwara;Parameshwara;Parameshwara;;;;;;;;;x
GOD_BHAGAVAN;Bhagavan;Bhagavan;Bhagavan;Bhagavan;Bhagavan;;;;;;;;;x
GOD_BRAHMA;Brahma;Brahma;Brahma;Brahma;Brahma;;;;;;;;;x
GOD_ADI_PARASHAKTI;Adi Parashakti;Adi Parashakti;Adi Parashakti;Adi Parashakti;Adi Parashakti;;;;;;;;;x
GOD_SARASWATI;Saraswati;Saraswati;Saraswati;Saraswati;Saraswati;;;;;;;;;x
GOD_LAKSHMI;Lakshmi;Lakshmi;Lakshmi;Lakshmi;Lakshmi;;;;;;;;;x
GOD_SHIVA;Shiva;Shiva;Shiva;Shiva;Shiva;;;;;;;;;x
GOD_VISHNU;Vishnu;Vishnu;Vishnu;Vishnu;Vishnu;;;;;;;;;x
GOD_PRAJAPATI;Prajapati;Prajapati;Prajapati;Prajapati;Prajapati;;;;;;;;;x
GOD_GAYATRI;Gayatri;Gayatri;Gayatri;Gayatri;Gayatri;;;;;;;;;x
GOD_SAVITRI;Savitri;Savitri;Savitri;Savitri;Savitri;;;;;;;;;x
GOD_DEVI;Devi;Devi;Devi;Devi;Devi;;;;;;;;;x
GOD_DURGA;Durga;Durga;Durga;Durga;Durga;;;;;;;;;x
GOD_ASHTA_LAKSHMI;Ashta Lakshmi;Ashta Lakshmi;Ashta Lakshmi;Ashta Lakshmi;Ashta Lakshmi;;;;;;;;;x
GOD_MAHADEVA;Mahadeva;Mahadeva;Mahadeva;Mahadeva;Mahadeva;;;;;;;;;x
GOD_ASHTAMURTI;Ashtamurti;Ashtamurti;Ashtamurti;Ashtamurti;Ashtamurti;;;;;;;;;x
GOD_KHANDOBA;Khandoba;Khandoba;Khandoba;Khandoba;Khandoba;;;;;;;;;x
GOD_INDRA;Indra;Indra;Indra;Indra;Indra;;;;;;;;;x
GOD_SOMA;Soma;Soma;Soma;Soma;Soma;;;;;;;;;x
GOD_AGNI;Agni;Agni;Agni;Agni;Agni;;;;;;;;;x
GOD_KRISHNA;Krishna;Krishna;Krishna;Krishna;Krishna;;;;;;;;;x
GOD_RUKMINI;Rukmini;Rukmini;Rukmini;Rukmini;Rukmini;;;;;;;;;x
GOD_MOHINI;Mohini;Mohini;Mohini;Mohini;Mohini;;;;;;;;;x
GOD_RAMA;Rama;Rama;Rama;Rama;Rama;;;;;;;;;x
GOD_PARASHURAMA;Parashurama;Parashurama;Parashurama;Parashurama;Parashurama;;;;;;;;;x
GOD_VAMANA;Vamana;Vamana;Vamana;Vamana;Vamana;;;;;;;;;x
GOD_NARASHIMA;Narashima;Narashima;Narashima;Narashima;Narashima;;;;;;;;;x
GOD_VARAHA;Varaha;Varaha;Varaha;Varaha;Varaha;;;;;;;;;x
GOD_KURMA;Kurma;Kurma;Kurma;Kurma;Kurma;;;;;;;;;x
GOD_MATSYA;Matsya;Matsya;Matsya;Matsya;Matsya;;;;;;;;;x
GOD_SHESHA;Shesha;Shesha;Shesha;Shesha;Shesha;;;;;;;;;x
GOD_ADITI;Aditi;Aditi;Aditi;Aditi;Aditi;;;;;;;;;x
GOD_HINDI_DANU;Hindi Danu;Hindi Danu;Hindi Danu;Hindi Danu;Hindi Danu;;;;;;;;;x
GOD_AAKASH;Aakash;Aakash;Aakash;Aakash;Aakash;;;;;;;;;x
GOD_VARUNA;Varuna;Varuna;Varuna;Varuna;Varuna;;;;;;;;;x
GOD_MITRA;Mitra;Mitra;Mitra;Mitra;Mitra;;;;;;;;;x
GOD_ARYAMAN;Aryaman;Aryaman;Aryaman;Aryaman;Aryaman;;;;;;;;;x
GOD_BHAGA;Bhaga;Bhaga;Bhaga;Bhaga;Bhaga;;;;;;;;;x
GOD_ANSA;Ansa;Ansa;Ansa;Ansa;Ansa;;;;;;;;;x
GOD_DHATRI;Dhatri;Dhatri;Dhatri;Dhatri;Dhatri;;;;;;;;;x
GOD_AMMAVARU;Ammavaru;Ammavaru;Ammavaru;Ammavaru;Ammavaru;;;;;;;;;x
GOD_ANALA;Anala;Anala;Anala;Anala;Anala;;;;;;;;;x
GOD_ANILAIS;Anilais;Anilais;Anilais;Anilais;Anilais;;;;;;;;;x
GOD_ANUMATI;Anumati;Anumati;Anumati;Anumati;Anumati;;;;;;;;;x
GOD_AP;Ap;Ap;Ap;Ap;Ap;;;;;;;;;x
GOD_APAM_NAPATIS;Apam Napatis;Apam Napatis;Apam Napatis;Apam Napatis;Apam Napatis;;;;;;;;;x
GOD_ARANYANI;Aranyani;Aranyani;Aranyani;Aranyani;Aranyani;;;;;;;;;x
GOD_ASHAPURA;Ashapura;Ashapura;Ashapura;Ashapura;Ashapura;;;;;;;;;x
GOD_ASVAYUJAU;Asvayujau;Asvayujau;Asvayujau;Asvayujau;Asvayujau;;;;;;;;;x
GOD_AYYAPPAN;Ayyappan;Ayyappan;Ayyappan;Ayyappan;Ayyappan;;;;;;;;;x
GOD_NARAYANA;Narayana;Narayana;Narayana;Narayana;Narayana;;;;;;;;;x
GOD_BAGALA;Bagala;Bagala;Bagala;Bagala;Bagala;;;;;;;;;x
GOD_CHANDRA;Chandra;Chandra;Chandra;Chandra;Chandra;;;;;;;;;x
GOD_CHAMUNDA;Chamunda;Chamunda;Chamunda;Chamunda;Chamunda;;;;;;;;;x
GOD_BALARAMA;Balarama;Balarama;Balarama;Balarama;Balarama;;;;;;;;;x
GOD_BHAIRAVA;Bhairava;Bhairava;Bhairava;Bhairava;Bhairava;;;;;;;;;x
GOD_BANKA-MUNDI;Bankamundi;Bankamundi;Bankamundi;Bankamundi;Bankamundi;;;;;;;;;x
GOD_BHADRA;Bhadra;Bhadra;Bhadra;Bhadra;Bhadra;;;;;;;;;x
GOD_KALI;Kali;Kali;Kali;Kali;Kali;;;;;;;;;x
GOD_SARASWATI;Saraswati;Saraswati;Saraswati;Saraswati;Saraswati;;;;;;;;;x
GOD_PARVATI;Parvati;Parvati;Parvati;Parvati;Parvati;;;;;;;;;x
GOD_BHAVANI;Bhavani;Bhavani;Bhavani;Bhavani;Bhavani;;;;;;;;;x
GOD_GANGADEVI;Gangadevi;Gangadevi;Gangadevi;Gangadevi;Gangadevi;;;;;;;;;x
GOD_BHISHMA;Bhishma;Bhishma;Bhishma;Bhishma;Bhishma;;;;;;;;;x
GOD_SITA;Sita;Sita;Sita;Sita;Sita;;;;;;;;;x
GOD_BHUMIDEVI;Bhumidevi;Bhumidevi;Bhumidevi;Bhumidevi;Bhumidevi;;;;;;;;;x
GOD_BHUTAMATA;Bhutamata;Bhutamata;Bhutamata;Bhutamata;Bhutamata;;;;;;;;;x
GOD_TARA;Tara;Tara;Tara;Tara;Tara;;;;;;;;;x
GOD_TRIPURA_SUNDARI;Tripura Sundari;Tripura Sundari;Tripura Sundari;Tripura Sundari;Tripura Sundari;;;;;;;;;x
GOD_BHUVANESHVARI;Bhuvaneshvari;Bhuvaneshvari;Bhuvaneshvari;Bhuvaneshvari;Bhuvaneshvari;;;;;;;;;x
GOD_BHAIRAVI;Bhairavi;Bhairavi;Bhairavi;Bhairavi;Bhairavi;;;;;;;;;x
GOD_CHHINNAMASTA;Chhinnamasta;Chhinnamasta;Chhinnamasta;Chhinnamasta;Chhinnamasta;;;;;;;;;x
GOD_DHUMAVATI;Dhumavati;Dhumavati;Dhumavati;Dhumavati;Dhumavati;;;;;;;;;x
GOD_MATANGI;Matangi;Matangi;Matangi;Matangi;Matangi;;;;;;;;;x
GOD_KAMALA;Kamala;Kamala;Kamala;Kamala;Kamala;;;;;;;;;x
GOD_SHAKTI;Shakti;Shakti;Shakti;Shakti;Shakti;;;;;;;;;x
GOD_BRAHMANI;Brahmani;Brahmani;Brahmani;Brahmani;Brahmani;;;;;;;;;x
GOD_NARASIMHI;Narasimhi;Narasimhi;Narasimhi;Narasimhi;Narasimhi;;;;;;;;;x
GOD_VARAHI;Varahi;Varahi;Varahi;Varahi;Varahi;;;;;;;;;x
GOD_AINDRI;Aindri;Aindri;Aindri;Aindri;Aindri;;;;;;;;;x
GOD_KAUMARI;Kaumari;Kaumari;Kaumari;Kaumari;Kaumari;;;;;;;;;x
GOD_MAHESHVARI;Maheshvari;Maheshvari;Maheshvari;Maheshvari;Maheshvari;;;;;;;;;x
GOD_VAISHNAVI;Vaishnavi;Vaishnavi;Vaishnavi;Vaishnavi;Vaishnavi;;;;;;;;;x
GOD_BRHASPATI;Brhaspati;Brhaspati;Brhaspati;Brhaspati;Brhaspati;;;;;;;;;x
GOD_BUDHA;Budha;Budha;Budha;Budha;Budha;;;;;;;;;x
GOD_BUDHI_PALLIEN;Budhi Pallien;Budhi Pallien;Budhi Pallien;Budhi Pallien;Budhi Pallien;;;;;;;;;x
GOD_CHITRAGUPTA;Chitragupta;Chitragupta;Chitragupta;Chitragupta;Chitragupta;;;;;;;;;x
GOD_DAKSHA;Daksha;Daksha;Daksha;Daksha;Daksha;;;;;;;;;x
GOD_YAMA;Yama;Yama;Yama;Yama;Yama;;;;;;;;;x
GOD_VAYU;Vayu;Vayu;Vayu;Vayu;Vayu;;;;;;;;;x
GOD_NIRRTI;Nirrti;Nirrti;Nirrti;Nirrti;Nirrti;;;;;;;;;x
GOD_ISANA;Isana;Isana;Isana;Isana;Isana;;;;;;;;;x
GOD_KUBERA;Kubera;Kubera;Kubera;Kubera;Kubera;;;;;;;;;x
GOD_SATI;Sati;Sati;Sati;Sati;Sati;;;;;;;;;x
GOD_DATTATREYA;Dattatreya;Dattatreya;Dattatreya;Dattatreya;Dattatreya;;;;;;;;;x
GOD_DHARA;Dhara;Dhara;Dhara;Dhara;Dhara;;;;;;;;;x
GOD_DITI;Diti;Diti;Diti;Diti;Diti;;;;;;;;;x
GOD_DRAUPADI;Draupadi;Draupadi;Draupadi;Draupadi;Draupadi;;;;;;;;;x
GOD_GANESHA;Ganesha;Ganesha;Ganesha;Ganesha;Ganesha;;;;;;;;;x
GOD_GARUDA;Garuda;Garuda;Garuda;Garuda;Garuda;;;;;;;;;x
GOD_HANUMAN;Hanuman;Hanuman;Hanuman;Hanuman;Hanuman;;;;;;;;;x
GOD_SHACHI;Shachi;Shachi;Shachi;Shachi;Shachi;;;;;;;;;x
GOD_INDRANI;Indrani;Indrani;Indrani;Indrani;Indrani;;;;;;;;;x
GOD_JAGADDHATRI;Jagaddhatri;Jagaddhatri;Jagaddhatri;Jagaddhatri;Jagaddhatri;;;;;;;;;x
GOD_JAGANNATH;Jagannath;Jagannath;Jagannath;Jagannath;Jagannath;;;;;;;;;x
GOD_JYOTIBA;Jyotiba;Jyotiba;Jyotiba;Jyotiba;Jyotiba;;;;;;;;;x
GOD_JUMADI;Jumadi;Jumadi;Jumadi;Jumadi;Jumadi;;;;;;;;;x
GOD_KAMADEVA;Kamadeva;Kamadeva;Kamadeva;Kamadeva;Kamadeva;;;;;;;;;x
GOD_KANAKA_DURGA;Kanaka Durga;Kanaka Durga;Kanaka Durga;Kanaka Durga;Kanaka Durga;;;;;;;;;x
GOD_MURUGAN;Murugan;Murugan;Murugan;Murugan;Murugan;;;;;;;;;x
GOD_KASHYAP;Kashyap;Kashyap;Kashyap;Kashyap;Kashyap;;;;;;;;;x
GOD_KATYAYINI;Katyayini;Katyayini;Katyayini;Katyayini;Katyayini;;;;;;;;;x
GOD_KAMAKSHI;Kamakshi;Kamakshi;Kamakshi;Kamakshi;Kamakshi;;;;;;;;;x
GOD_LAKSHMANA;Lakshmana;Lakshmana;Lakshmana;Lakshmana;Lakshmana;;;;;;;;;x
GOD_MARI;Mari;Mari;Mari;Mari;Mari;;;;;;;;;x
GOD_MINAKSHI;Minakshi;Minakshi;Minakshi;Minakshi;Minakshi;;;;;;;;;x
GOD_MANASA;Manasa;Manasa;Manasa;Manasa;Manasa;;;;;;;;;x
GOD_MATANGI;Matangi;Matangi;Matangi;Matangi;Matangi;;;;;;;;;x
GOD_MEENUSH;Meenush;Meenush;Meenush;Meenush;Meenush;;;;;;;;;x
GOD_MHASOBA;Mhasoba;Mhasoba;Mhasoba;Mhasoba;Mhasoba;;;;;;;;;x
GOD_MUTHYALAMMA;Muthyalamma;Muthyalamma;Muthyalamma;Muthyalamma;Muthyalamma;;;;;;;;;x
GOD_MUNIANDI;Muniandi;Muniandi;Muniandi;Muniandi;Muniandi;;;;;;;;;x
GOD_MUTHHAPPAN;Muthhappan;Muthhappan;Muthhappan;Muthhappan;Muthhappan;;;;;;;;;x
GOD_MAHALASA;Mahalasa;Mahalasa;Mahalasa;Mahalasa;Mahalasa;;;;;;;;;x
GOD_VASUKI;Vasuki;Vasuki;Vasuki;Vasuki;Vasuki;;;;;;;;;x
GOD_KALIYA;Kaliya;Kaliya;Kaliya;Kaliya;Kaliya;;;;;;;;;x
GOD_NANDI;Nandi;Nandi;Nandi;Nandi;Nandi;;;;;;;;;x
GOD_NATARAJA;Nataraja;Nataraja;Nataraja;Nataraja;Nataraja;;;;;;;;;x
GOD_NISHA;Nisha;Nisha;Nisha;Nisha;Nisha;;;;;;;;;x
GOD_PARASHIVA;Parashiva;Parashiva;Parashiva;Parashiva;Parashiva;;;;;;;;;x
GOD_PARJANYA;Parjanya;Parjanya;Parjanya;Parjanya;Parjanya;;;;;;;;;x
GOD_PASHUPATI;Pashupati;Pashupati;Pashupati;Pashupati;Pashupati;;;;;;;;;x
GOD_PERUMAL;Perumal;Perumal;Perumal;Perumal;Perumal;;;;;;;;;x
GOD_PRITHVI;Prithvi;Prithvi;Prithvi;Prithvi;Prithvi;;;;;;;;;x
GOD_PUSHAN;Pushan;Pushan;Pushan;Pushan;Pushan;;;;;;;;;x
GOD_PURUSHA;Purusha;Purusha;Purusha;Purusha;Purusha;;;;;;;;;x
GOD_RANGANATHA;Ranganatha;Ranganatha;Ranganatha;Ranganatha;Ranganatha;;;;;;;;;x
GOD_RATI;Rati;Rati;Rati;Rati;Rati;;;;;;;;;x
GOD_RATRI;Ratri;Ratri;Ratri;Ratri;Ratri;;;;;;;;;x
GOD_USHAS;Ushas;Ushas;Ushas;Ushas;Ushas;;;;;;;;;x
GOD_SURYA;Surya;Surya;Surya;Surya;Surya;;;;;;;;;x
GOD_RENUKA;Renuka;Renuka;Renuka;Renuka;Renuka;;;;;;;;;x
GOD_SARANYU;Saranyu;Saranyu;Saranyu;Saranyu;Saranyu;;;;;;;;;x
GOD_REVANTA;Revanta;Revanta;Revanta;Revanta;Revanta;;;;;;;;;x
GOD_RUDRA;Rudra;Rudra;Rudra;Rudra;Rudra;;;;;;;;;x
GOD_SAVITR;Savitr;Savitr;Savitr;Savitr;Savitr;;;;;;;;;x
GOD_SHANTADURGA;Shantadurga;Shantadurga;Shantadurga;Shantadurga;Shantadurga;;;;;;;;;x
GOD_SHITALA;Shitala;Shitala;Shitala;Shitala;Shitala;;;;;;;;;x
GOD_SVAHA;Svaha;Svaha;Svaha;Svaha;Svaha;;;;;;;;;x
GOD_TVASTAR;Tvastar;Tvastar;Tvastar;Tvastar;Tvastar;;;;;;;;;x
GOD_UMA;Uma;Uma;Uma;Uma;Uma;;;;;;;;;x
GOD_URVASHI;Urvashi;Urvashi;Urvashi;Urvashi;Urvashi;;;;;;;;;x
GOD_VIRABHADRA;Virabhadra;Virabhadra;Virabhadra;Virabhadra;Virabhadra;;;;;;;;;x
GOD_VISHVAKSENA;Vishvaksena;Vishvaksena;Vishvaksena;Vishvaksena;Vishvaksena;;;;;;;;;x
GOD_VITHOBA;Vithoba;Vithoba;Vithoba;Vithoba;Vithoba;;;;;;;;;x
GOD_VISHVAKARMAN;Vishvakarman;Vishvakarman;Vishvakarman;Vishvakarman;Vishvakarman;;;;;;;;;x
GOD_VALLI;Valli;Valli;Valli;Valli;Valli;;;;;;;;;x
GOD_YAMI;Yami;Yami;Yami;Yami;Yami;;;;;;;;;x
GOD_YAMUNA;Yamuna;Yamuna;Yamuna;Yamuna;Yamuna;;;;;;;;;x
GOD_THE_TIRTHANKARAS;The Tirthankaras;The Tirthankaras;The Tirthankaras;The Tirthankaras;The Tirthankaras;;;;;;;;;x
GOD_RISHABHA;Rishabha;Rishabha;Rishabha;Rishabha;Rishabha;;;;;;;;;x
GOD_MAHAVIRA;Mahavira;Mahavira;Mahavira;Mahavira;Mahavira;;;;;;;;;x
temple_emperor_hindu;Acharya;Acharya;Acharya;Acharya;Acharya;Acharya;Acharya;Acharya;Acharya;Acharya;Acharya;Acharya;Acharya;x
temple_emperor_female_hindu;Acharyini;Acharyini;Acharyini;Acharyini;Acharyini;Acharyini;Acharyini;Acharyini;Acharyini;Acharyini;Acharyini;Acharyini;Acharyini;x
temple_emperor_title_ruler_consort_hindu;Acharya;Acharya;Acharya;Acharya;Acharya;Acharya;Acharya;Acharya;Acharya;Acharya;Acharya;Acharya;Acharya;x
temple_emperor_title_ruler_consort_female_hindu;Acharyini;Acharyini;Acharyini;Acharyini;Acharyini;Acharyini;Acharyini;Acharyini;Acharyini;Acharyini;Acharyini;Acharyini;Acharyini;x
temple_emperor_title_queen_mother_female_hindu;Acharyamata;Acharyamata;Acharyamata;Acharyamata;Acharyamata;Acharyamata;Acharyamata;Acharyamata;Acharyamata;Acharyamata;Acharyamata;Acharyamata;Acharyamata;x
temple_empire_of_hindu;Sangha of;Sangha of;Sangha of;Sangha of;Sangha of;Sangha of;Sangha of;Sangha of;Sangha of;Sangha of;Sangha of;Sangha of;Sangha of;x
temple_empire_hindu;Sangha;Sangha;Sangha;Sangha;Sangha;Sangha;Sangha;Sangha;Sangha;Sangha;Sangha;Sangha;Sangha;x
temple_king_hindu;Sidhana;Sidhana;Sidhana;Sidhana;Sidhana;Sidhana;Sidhana;Sidhana;Sidhana;Sidhana;Sidhana;Sidhana;Sidhana;x
temple_king_female_hindu;Sidhanini;Sidhanini;Sidhanini;Sidhanini;Sidhanini;Sidhanini;Sidhanini;Sidhanini;Sidhanini;Sidhanini;Sidhanini;Sidhanini;Sidhanini;x
temple_title_ruler_consort_hindu;Sidhana;Sidhana;Sidhana;Sidhana;Sidhana;Sidhana;Sidhana;Sidhana;Sidhana;Sidhana;Sidhana;Sidhana;Sidhana;x
temple_title_ruler_consort_female_hindu;Sidhanini;Sidhanini;Sidhanini;Sidhanini;Sidhanini;Sidhanini;Sidhanini;Sidhanini;Sidhanini;Sidhanini;Sidhanini;Sidhanini;Sidhanini;x
temple_title_queen_mother_hindu;Sidhanamata;Sidhanamata;Sidhanamata;Sidhanamata;Sidhanamata;Sidhanamata;Sidhanamata;Sidhanamata;Sidhanamata;Sidhanamata;Sidhanamata;Sidhanamata;Sidhanamata;x
temple_kingdom_of_hindu;Matha of;Matha of;Matha of;Matha of;Matha of;Matha of;Matha of;Matha of;Matha of;Matha of;Matha of;Matha of;Matha of;x
temple_kingdom_hindu;Matha;Matha;Matha;Matha;Matha;Matha;Matha;Matha;Matha;Matha;Matha;Matha;Matha;x
temple_duke_hindu;Goswami;Goswami;Goswami;Goswami;Goswami;Goswami;Goswami;Goswami;Goswami;Goswami;Goswami;Goswami;Goswami;x
temple_duke_female_hindu;Goswamini;Goswamini;Goswamini;Goswamini;Goswamini;Goswamini;Goswamini;Goswamini;Goswamini;Goswamini;Goswamini;Goswamini;Goswamini;x
temple_duke_title_ruler_consort_hindu;Goswami;Goswami;Goswami;Goswami;Goswami;Goswami;Goswami;Goswami;Goswami;Goswami;Goswami;Goswami;Goswami;x
temple_duke_title_ruler_consort_female_hindu;Goswamini;Goswamini;Goswamini;Goswamini;Goswamini;Goswamini;Goswamini;Goswamini;Goswamini;Goswamini;Goswamini;Goswamini;Goswamini;x
temple_duchy_of_hindu;Mandala of;Mandala of;Mandala of;Mandala of;Mandala of;Mandala of;Mandala of;Mandala of;Mandala of;Mandala of;Mandala of;Mandala of;Mandala of;x
temple_duchy_hindu;Mandala;Mandala;Mandala;Mandala;Mandala;Mandala;Mandala;Mandala;Mandala;Mandala;Mandala;Mandala;Mandala;x
temple_count_hindu;Prabhu;Prabhu;Prabhu;Prabhu;Prabhu;Prabhu;Prabhu;Prabhu;Prabhu;Prabhu;Prabhu;Prabhu;Prabhu;x
temple_count_female_hindu;Mataji;Mataji;Mataji;Mataji;Mataji;Mataji;Mataji;Mataji;Mataji;Mataji;Mataji;Mataji;Mataji;x
temple_count_title_ruler_consort_hindu;Prabhu;Prabhu;Prabhu;Prabhu;Prabhu;Prabhu;Prabhu;Prabhu;Prabhu;Prabhu;Prabhu;Prabhu;Prabhu;x
temple_count_title_ruler_consort_female_hindu;Mataji;Mataji;Mataji;Mataji;Mataji;Mataji;Mataji;Mataji;Mataji;Mataji;Mataji;Mataji;Mataji;x
temple_county_of_hindu;Prabhutva of;Prabhutva of;Prabhutva of;Prabhutva of;Prabhutva of;Prabhutva of;Prabhutva of;Prabhutva of;Prabhutva of;Prabhutva of;Prabhutva of;Prabhutva of;Prabhutva of;x
temple_county_hindu;Prabhutva;Prabhutva;Prabhutva;Prabhutva;Prabhutva;Prabhutva;Prabhutva;Prabhutva;Prabhutva;Prabhutva;Prabhutva;Prabhutva;Prabhutva;x
temple_baron_hindu;Pujari;Pujari;Pujari;Pujari;Pujari;Pujari;Pujari;Pujari;Pujari;Pujari;Pujari;Pujari;Pujari;x
temple_baron_female_hindu;Pujarini;Pujarini;Pujarini;Pujarini;Pujarini;Pujarini;Pujarini;Pujarini;Pujarini;Pujarini;Pujarini;Pujarini;Pujarini;x
temple_baron_title_ruler_consort_hindu;Pujari;Pujari;Pujari;Pujari;Pujari;Pujari;Pujari;Pujari;Pujari;Pujari;Pujari;Pujari;Pujari;x
temple_baron_title_ruler_consort_female_hindu;Pujarini;Pujarini;Pujarini;Pujarini;Pujarini;Pujarini;Pujarini;Pujarini;Pujarini;Pujarini;Pujarini;Pujarini;Pujarini;x
temple_barony_of_hindu;Mandira of;Mandira of;Mandira of;Mandira of;Mandira of;Mandira of;Mandira of;Mandira of;Mandira of;Mandira of;Mandira of;Mandira of;Mandira of;x
temple_barony_hindu;Mandira;Mandira;Mandira;Mandira;Mandira;Mandira;Mandira;Mandira;Mandira;Mandira;Mandira;Mandira;Mandira;x
