PROV1581;Suruga;Suruga;Suruga;Suruga;Suruga;Suruga;Suruga;Suruga;Suruga;Suruga;Suruga;Suruga;Suruga;x
PROV1582;Owari;Owari;Owari;Owari;Owari;Owari;Owari;Owari;Owari;Owari;Owari;Owari;Owari;x
PROV1583;Mino;Mino;Mino;Mino;Mino;Mino;Mino;Mino;Mino;Mino;Mino;Mino;Mino;x
PROV1584;Etchu;Etchu;Etchu;Etchu;Etchu;Etchu;Etchu;Etchu;Etchu;Etchu;Etchu;Etchu;Etchu;x
PROV1585;Kaga;Kaga;Kaga;Kaga;Kaga;Kaga;Kaga;Kaga;Kaga;Kaga;Kaga;Kaga;Kaga;x
PROV1586;Echizen;Echizen;Echizen;Echizen;Echizen;Echizen;Echizen;Echizen;Echizen;Echizen;Echizen;Echizen;Echizen;x
PROV1587;Ise;Ise;Ise;Ise;Ise;Ise;Ise;Ise;Ise;Ise;Ise;Ise;Ise;x
PROV1588;Omi;Omi;Omi;Omi;Omi;Omi;Omi;Omi;Omi;Omi;Omi;Omi;Omi;x
PROV1589;Yamato;Yamato;Yamato;Yamato;Yamato;Yamato;Yamato;Yamato;Yamato;Yamato;Yamato;Yamato;Yamato;x
PROV1590;Yamashiro;Yamashiro;Yamashiro;Yamashiro;Yamashiro;Yamashiro;Yamashiro;Yamashiro;Yamashiro;Yamashiro;Yamashiro;Yamashiro;Yamashiro;x
PROV1591;Tango;Tango;Tango;Tango;Tango;Tango;Tango;Tango;Tango;Tango;Tango;Tango;Tango;x
PROV1592;Settsu;Settsu;Settsu;Settsu;Settsu;Settsu;Settsu;Settsu;Settsu;Settsu;Settsu;Settsu;Settsu;x
PROV1593;Kii;Kii;Kii;Kii;Kii;Kii;Kii;Kii;Kii;Kii;Kii;Kii;Kii;x
PROV1594;Tajima;Tajima;Tajima;Tajima;Tajima;Tajima;Tajima;Tajima;Tajima;Tajima;Tajima;Tajima;Tajima;x
PROV1595;Kuye;Kuye;Kuye;Kuye;Kuye;Kuye;Kuye;Kuye;Kuye;Kuye;Kuye;Kuye;Kuye;x
PROV1596;Karput;Karput;Karput;Karput;Karput;Karput;Karput;Karput;Karput;Karput;Karput;Karput;Karput;x
PROV1597;Oshima;Oshima;Oshima;Oshima;Oshima;Oshima;Oshima;Oshima;Oshima;Oshima;Oshima;Oshima;Oshima;x
PROV1598;Ishikari;Ishikari;Ishikari;Ishikari;Ishikari;Ishikari;Ishikari;Ishikari;Ishikari;Ishikari;Ishikari;Ishikari;Ishikari;x
PROV1599;Kusuri;Kusuri;Kusuri;Kusuri;Kusuri;Kusuri;Kusuri;Kusuri;Kusuri;Kusuri;Kusuri;Kusuri;Kusuri;x
PROV1600;Amami;Amami;Amami;Amami;Amami;Amami;Amami;Amami;Amami;Amami;Amami;Amami;Amami;x
PROV1601;Ryukyu;Ryukyu;Ryukyu;Ryukyu;Ryukyu;Ryukyu;Ryukyu;Ryukyu;Ryukyu;Ryukyu;Ryukyu;Ryukyu;Ryukyu;x
PROV1602;Sakishima;Sakishima;Sakishima;Sakishima;Sakishima;Sakishima;Sakishima;Sakishima;Sakishima;Sakishima;Sakishima;Sakishima;Sakishima;x
PROV1603;Yongwon;Yongwon;Yongwon;Yongwon;Yongwon;Yongwon;Yongwon;Yongwon;Yongwon;Yongwon;Yongwon;Yongwon;Yongwon;x
PROV1604;Anwon;Anwon;Anwon;Anwon;Anwon;Anwon;Anwon;Anwon;Anwon;Anwon;Anwon;Anwon;Anwon;x
PROV1605;Hurha;Hurha;Hurha;Hurha;Hurha;Hurha;Hurha;Hurha;Hurha;Hurha;Hurha;Hurha;Hurha;x
PROV1606;Bojo;Bojo;Bojo;Bojo;Bojo;Bojo;Bojo;Bojo;Bojo;Bojo;Bojo;Bojo;Bojo;x
PROV1607;Bukgye;Bukgye;Bukgye;Bukgye;Bukgye;Bukgye;Bukgye;Bukgye;Bukgye;Bukgye;Bukgye;Bukgye;Bukgye;x
PROV1608;Hae;Hae;Hae;Hae;Hae;Hae;Hae;Hae;Hae;Hae;Hae;Hae;Hae;x
PROV1609;Hwang;Hwang;Hwang;Hwang;Hwang;Hwang;Hwang;Hwang;Hwang;Hwang;Hwang;Hwang;Hwang;x
PROV1610;Gyeonggi;Gyeonggi;Gyeonggi;Gyeonggi;Gyeonggi;Gyeonggi;Gyeonggi;Gyeonggi;Gyeonggi;Gyeonggi;Gyeonggi;Gyeonggi;Gyeonggi;x
PROV1611;Gyo;Gyo;Gyo;Gyo;Gyo;Gyo;Gyo;Gyo;Gyo;Gyo;Gyo;Gyo;Gyo;x
PROV1612;Donggye;Donggye;Donggye;Donggye;Donggye;Donggye;Donggye;Donggye;Donggye;Donggye;Donggye;Donggye;Donggye;x
PROV1613;Gwang;Gwang;Gwang;Gwang;Gwang;Gwang;Gwang;Gwang;Gwang;Gwang;Gwang;Gwang;Gwang;x
PROV1614;Gong;Gong;Gong;Gong;Gong;Gong;Gong;Gong;Gong;Gong;Gong;Gong;Gong;x
PROV1615;Cheong;Cheong;Cheong;Cheong;Cheong;Cheong;Cheong;Cheong;Cheong;Cheong;Cheong;Cheong;Cheong;x
PROV1616;Won;Won;Won;Won;Won;Won;Won;Won;Won;Won;Won;Won;Won;x
PROV1617;Jeon;Jeon;Jeon;Jeon;Jeon;Jeon;Jeon;Jeon;Jeon;Jeon;Jeon;Jeon;Jeon;x
PROV1618;Na;Na;Na;Na;Na;Na;Na;Na;Na;Na;Na;Na;Na;x
PROV1619;Seung;Seung;Seung;Seung;Seung;Seung;Seung;Seung;Seung;Seung;Seung;Seung;Seung;x
PROV1620;Jeju;Jeju;Jeju;Jeju;Jeju;Jeju;Jeju;Jeju;Jeju;Jeju;Jeju;Jeju;Jeju;x
PROV1621;Sang;Sang;Sang;Sang;Sang;Sang;Sang;Sang;Sang;Sang;Sang;Sang;Sang;x
PROV1622;Gang;Gang;Gang;Gang;Gang;Gang;Gang;Gang;Gang;Gang;Gang;Gang;Gang;x
PROV1623;Yang ;Yang ;Yang ;Yang ;Yang ;Yang ;Yang ;Yang ;Yang ;Yang ;Yang ;Yang ;Yang ;x
PROV1624;Yongcheon;Yongcheon;Yongcheon;Yongcheon;Yongcheon;Yongcheon;Yongcheon;Yongcheon;Yongcheon;Yongcheon;Yongcheon;Yongcheon;Yongcheon;x
PROV1625;Hyeongdeok;Hyeongdeok;Hyeongdeok;Hyeongdeok;Hyeongdeok;Hyeongdeok;Hyeongdeok;Hyeongdeok;Hyeongdeok;Hyeongdeok;Hyeongdeok;Hyeongdeok;Hyeongdeok;x
PROV1626;Namhae;Namhae;Namhae;Namhae;Namhae;Namhae;Namhae;Namhae;Namhae;Namhae;Namhae;Namhae;Namhae;x
PROV1627;Amnok;Amnok;Amnok;Amnok;Amnok;Amnok;Amnok;Amnok;Amnok;Amnok;Amnok;Amnok;Amnok;x
PROV1628;Jangnyeong;Jangnyeong;Jangnyeong;Jangnyeong;Jangnyeong;Jangnyeong;Jangnyeong;Jangnyeong;Jangnyeong;Jangnyeong;Jangnyeong;Jangnyeong;Jangnyeong;x
PROV1629;Buyeo;Buyeo;Buyeo;Buyeo;Buyeo;Buyeo;Buyeo;Buyeo;Buyeo;Buyeo;Buyeo;Buyeo;Buyeo;x
PROV1630;Makhil;Makhil;Makhil;Makhil;Makhil;Makhil;Makhil;Makhil;Makhil;Makhil;Makhil;Makhil;Makhil;x
PROV1631;Jeongri;Jeongri;Jeongri;Jeongri;Jeongri;Jeongri;Jeongri;Jeongri;Jeongri;Jeongri;Jeongri;Jeongri;Jeongri;x
PROV1632;Anbyeon;Anbyeon;Anbyeon;Anbyeon;Anbyeon;Anbyeon;Anbyeon;Anbyeon;Anbyeon;Anbyeon;Anbyeon;Anbyeon;Anbyeon;x
PROV1633;Solbin;Solbin;Solbin;Solbin;Solbin;Solbin;Solbin;Solbin;Solbin;Solbin;Solbin;Solbin;Solbin;x
PROV1634;Dongpyeong;Dongpyeong;Dongpyeong;Dongpyeong;Dongpyeong;Dongpyeong;Dongpyeong;Dongpyeong;Dongpyeong;Dongpyeong;Dongpyeong;Dongpyeong;Dongpyeong;x
PROV1635;Cheoli;Cheoli;Cheoli;Cheoli;Cheoli;Cheoli;Cheoli;Cheoli;Cheoli;Cheoli;Cheoli;Cheoli;Cheoli;x
PROV1636;Hoewon;Hoewon;Hoewon;Hoewon;Hoewon;Hoewon;Hoewon;Hoewon;Hoewon;Hoewon;Hoewon;Hoewon;Hoewon;x
PROV1637;Yeongju;Yeongju;Yeongju;Yeongju;Yeongju;Yeongju;Yeongju;Yeongju;Yeongju;Yeongju;Yeongju;Yeongju;Yeongju;x
PROV1638;Dongju;Dongju;Dongju;Dongju;Dongju;Dongju;Dongju;Dongju;Dongju;Dongju;Dongju;Dongju;Dongju;x
PROV1639;Sokju;Sokju;Sokju;Sokju;Sokju;Sokju;Sokju;Sokju;Sokju;Sokju;Sokju;Sokju;Sokju;x
PROV1640;Tsushima;Tsushima;Tsushima;Tsushima;Tsushima;Tsushima;Tsushima;Tsushima;Tsushima;Tsushima;Tsushima;Tsushima;Tsushima;x
PROV1641;Ghuad-neng;Ghuad-neng;Ghuad-neng;Ghuad-neng;Ghuad-neng;Ghuad-neng;Ghuad-neng;Ghuad-neng;Ghuad-neng;Ghuad-neng;Ghuad-neng;Ghuad-neng;Ghuad-neng;x
PROV1642;Drieux;Drieux;Drieux;Drieux;Drieux;Drieux;Drieux;Drieux;Drieux;Drieux;Drieux;Drieux;Drieux;x
PROV1643;Leh;Leh;Leh;Leh;Leh;Leh;Leh;Leh;Leh;Leh;Leh;Leh;Leh;x
PROV1644;Skardu;Skardu;Skardu;Skardu;Skardu;Skardu;Skardu;Skardu;Skardu;Skardu;Skardu;Skardu;Skardu;x
PROV1645;Gilgit;Gilgit;Gilgit;Gilgit;Gilgit;Gilgit;Gilgit;Gilgit;Gilgit;Gilgit;Gilgit;Gilgit;Gilgit;x
PROV1646;Diskit;Diskit;Diskit;Diskit;Diskit;Diskit;Diskit;Diskit;Diskit;Diskit;Diskit;Diskit;Diskit;x
PROV1647;Kyunglung;Kyunglung;Kyunglung;Kyunglung;Kyunglung;Kyunglung;Kyunglung;Kyunglung;Kyunglung;Kyunglung;Kyunglung;Kyunglung;Kyunglung;x
PROV1648;Tsaparang;Tsaparang;Tsaparang;Tsaparang;Tsaparang;Tsaparang;Tsaparang;Tsaparang;Tsaparang;Tsaparang;Tsaparang;Tsaparang;Tsaparang;x
PROV1649;Jumla;Jumla;Jumla;Jumla;Jumla;Jumla;Jumla;Jumla;Jumla;Jumla;Jumla;Jumla;Jumla;x
PROV1650;Bumthang;Bumthang;Bumthang;Bumthang;Bumthang;Bumthang;Bumthang;Bumthang;Bumthang;Bumthang;Bumthang;Bumthang;Bumthang;x
PROV1651;Lhasa;Lhasa;Lhasa;Lhasa;Lhasa;Lhasa;Lhasa;Lhasa;Lhasa;Lhasa;Lhasa;Lhasa;Lhasa;x
PROV1652;Qamdo;Qamdo;Qamdo;Qamdo;Qamdo;Qamdo;Qamdo;Qamdo;Qamdo;Qamdo;Qamdo;Qamdo;Qamdo;x
PROV1653;Jyekundo;Jyekundo;Jyekundo;Jyekundo;Jyekundo;Jyekundo;Jyekundo;Jyekundo;Jyekundo;Jyekundo;Jyekundo;Jyekundo;Jyekundo;x
PROV1654;Rutog;Rutog;Rutog;Rutog;Rutog;Rutog;Rutog;Rutog;Rutog;Rutog;Rutog;Rutog;Rutog;x
PROV1655;Gar;Gar;Gar;Gar;Gar;Gar;Gar;Gar;Gar;Gar;Gar;Gar;Gar;x
PROV1656;Purang;Purang;Purang;Purang;Purang;Purang;Purang;Purang;Purang;Purang;Purang;Purang;Purang;x
PROV1657;Shigatse;Shigatse;Shigatse;Shigatse;Shigatse;Shigatse;Shigatse;Shigatse;Shigatse;Shigatse;Shigatse;Shigatse;Shigatse;x
PROV1658;Kathmandu;Kathmandu;Kathmandu;Kathmandu;Kathmandu;Kathmandu;Kathmandu;Kathmandu;Kathmandu;Kathmandu;Kathmandu;Kathmandu;Kathmandu;x
PROV1659;Chitral;Chitral;Chitral;Chitral;Chitral;Chitral;Chitral;Chitral;Chitral;Chitral;Chitral;Chitral;Chitral;x
PROV1660;Dullu;Dullu;Dullu;Dullu;Dullu;Dullu;Dullu;Dullu;Dullu;Dullu;Dullu;Dullu;Dullu;x
PROV1661;Fuqi;Fuqi;Fuqi;Fuqi;Fuqi;Fuqi;Fuqi;Fuqi;Fuqi;Fuqi;Fuqi;Fuqi;Fuqi;x
PROV1662;Paro;Paro;Paro;Paro;Paro;Paro;Paro;Paro;Paro;Paro;Paro;Paro;Paro;x
PROV1663;Gyantse;Gyantse;Gyantse;Gyantse;Gyantse;Gyantse;Gyantse;Gyantse;Gyantse;Gyantse;Gyantse;Gyantse;Gyantse;x
PROV1664;Sakya;Sakya;Sakya;Sakya;Sakya;Sakya;Sakya;Sakya;Sakya;Sakya;Sakya;Sakya;Sakya;x
PROV1665;Nagchu;Nagchu;Nagchu;Nagchu;Nagchu;Nagchu;Nagchu;Nagchu;Nagchu;Nagchu;Nagchu;Nagchu;Nagchu;x
PROV1666;Amdo;Amdo;Amdo;Amdo;Amdo;Amdo;Amdo;Amdo;Amdo;Amdo;Amdo;Amdo;Amdo;x
PROV1667;Nyima;Nyima;Nyima;Nyima;Nyima;Nyima;Nyima;Nyima;Nyima;Nyima;Nyima;Nyima;Nyima;x
PROV1668;Nyingchi;Nyingchi;Nyingchi;Nyingchi;Nyingchi;Nyingchi;Nyingchi;Nyingchi;Nyingchi;Nyingchi;Nyingchi;Nyingchi;Nyingchi;x
PROV1669;Coqen;Coqen;Coqen;Coqen;Coqen;Coqen;Coqen;Coqen;Coqen;Coqen;Coqen;Coqen;Coqen;x
PROV1670;Tashkurgan;Tashkurgan;Tashkurgan;Tashkurgan;Tashkurgan;Tashkurgan;Tashkurgan;Tashkurgan;Tashkurgan;Tashkurgan;Tashkurgan;Tashkurgan;Tashkurgan;x
PROV1671;Dartsedo;Dartsedo;Dartsedo;Dartsedo;Dartsedo;Dartsedo;Dartsedo;Dartsedo;Dartsedo;Dartsedo;Dartsedo;Dartsedo;Dartsedo;x
PROV1672;Maqen;Maqen;Maqen;Maqen;Maqen;Maqen;Maqen;Maqen;Maqen;Maqen;Maqen;Maqen;Maqen;x
PROV1673;Mustang;Mustang;Mustang;Mustang;Mustang;Mustang;Mustang;Mustang;Mustang;Mustang;Mustang;Mustang;Mustang;x
PROV1674;Socotra;Socotra;Socotra;Socotra;Socotra;Socotra;Socotra;Socotra;Socotra;Socotra;Socotra;Socotra;Socotra;x
PROV1675;Taktse;Taktse;Taktse;Taktse;Taktse;Taktse;Taktse;Taktse;Taktse;Taktse;Taktse;Taktse;Taktse;x
PROV1676;Gerze;Gerze;Gerze;Gerze;Gerze;Gerze;Gerze;Gerze;Gerze;Gerze;Gerze;Gerze;Gerze;x
PROV1677;Nagormo;Nagormo;Nagormo;Nagormo;Nagormo;Nagormo;Nagormo;Nagormo;Nagormo;Nagormo;Nagormo;Nagormo;Nagormo;x
PROV1678;Xining;Xining;Xining;Xining;Xining;Xining;Xining;Xining;Xining;Xining;Xining;Xining;Xining;x
PROV1679;Dege;Dege;Dege;Dege;Dege;Dege;Dege;Dege;Dege;Dege;Dege;Dege;Dege;x
PROV1680;Diexi;Diexi;Diexi;Diexi;Diexi;Diexi;Diexi;Diexi;Diexi;Diexi;Diexi;Diexi;Diexi;x
PROV1681;Dzoi;Dzoi;Dzoi;Dzoi;Dzoi;Dzoi;Dzoi;Dzoi;Dzoi;Dzoi;Dzoi;Dzoi;Dzoi;x
PROV1682;Ngawa;Ngawa;Ngawa;Ngawa;Ngawa;Ngawa;Ngawa;Ngawa;Ngawa;Ngawa;Ngawa;Ngawa;Ngawa;x
PROV1683;Denzong;Denzong;Denzong;Denzong;Denzong;Denzong;Denzong;Denzong;Denzong;Denzong;Denzong;Denzong;Denzong;x
PROV1684;Sungqu;Sungqu;Sungqu;Sungqu;Sungqu;Sungqu;Sungqu;Sungqu;Sungqu;Sungqu;Sungqu;Sungqu;Sungqu;x
PROV1685;Devalgarh;Devalgarh;Devalgarh;Devalgarh;Devalgarh;Devalgarh;Devalgarh;Devalgarh;Devalgarh;Devalgarh;Devalgarh;Devalgarh;Devalgarh;x
PROV1686;Badrinath;Badrinath;Badrinath;Badrinath;Badrinath;Badrinath;Badrinath;Badrinath;Badrinath;Badrinath;Badrinath;Badrinath;Badrinath;x
PROV1687;Champawat;Champawat;Champawat;Champawat;Champawat;Champawat;Champawat;Champawat;Champawat;Champawat;Champawat;Champawat;Champawat;x
PROV1688;Kartikkeyapura;Kartikkeyapura;Kartikkeyapura;Kartikkeyapura;Kartikkeyapura;Kartikkeyapura;Kartikkeyapura;Kartikkeyapura;Kartikkeyapura;Kartikkeyapura;Kartikkeyapura;Kartikkeyapura;Kartikkeyapura;x
PROV1689;Markam;Markam;Markam;Markam;Markam;Markam;Markam;Markam;Markam;Markam;Markam;Markam;Markam;x
PROV1690;Baima;Baima;Baima;Baima;Baima;Baima;Baima;Baima;Baima;Baima;Baima;Baima;Baima;x
PROV1691;Thandwe;Thandwe;Thandwe;Thandwe;Thandwe;Thandwe;Thandwe;Thandwe;Thandwe;Thandwe;Thandwe;Thandwe;Thandwe;x
PROV1692;Vaisali;Vaisali;Vaisali;Vaisali;Vaisali;Vaisali;Vaisali;Vaisali;Vaisali;Vaisali;Vaisali;Vaisali;Vaisali;x
PROV1693;Khampat;Khampat;Khampat;Khampat;Khampat;Khampat;Khampat;Khampat;Khampat;Khampat;Khampat;Khampat;Khampat;x
PROV1694;Pagan;Pagan;Pagan;Pagan;Pagan;Pagan;Pagan;Pagan;Pagan;Pagan;Pagan;Pagan;Pagan;x
PROV1695;Kyaukse;Kyaukse;Kyaukse;Kyaukse;Kyaukse;Kyaukse;Kyaukse;Kyaukse;Kyaukse;Kyaukse;Kyaukse;Kyaukse;Kyaukse;x
PROV1696;Pegu;Pegu;Pegu;Pegu;Pegu;Pegu;Pegu;Pegu;Pegu;Pegu;Pegu;Pegu;Pegu;x
PROV1697;Dagon;Dagon;Dagon;Dagon;Dagon;Dagon;Dagon;Dagon;Dagon;Dagon;Dagon;Dagon;Dagon;x
PROV1698;Martaban;Martaban;Martaban;Martaban;Martaban;Martaban;Martaban;Martaban;Martaban;Martaban;Martaban;Martaban;Martaban;x
PROV1699;Thaton;Thaton;Thaton;Thaton;Thaton;Thaton;Thaton;Thaton;Thaton;Thaton;Thaton;Thaton;Thaton;x
PROV1700;Hariphunchai;Hariphunchai;Hariphunchai;Hariphunchai;Hariphunchai;Hariphunchai;Hariphunchai;Hariphunchai;Hariphunchai;Hariphunchai;Hariphunchai;Hariphunchai;Hariphunchai;x
PROV1701;Lavodapura;Lavodapura;Lavodapura;Lavodapura;Lavodapura;Lavodapura;Lavodapura;Lavodapura;Lavodapura;Lavodapura;Lavodapura;Lavodapura;Lavodapura;x
PROV1702;U Thong;U Thong;U Thong;U Thong;U Thong;U Thong;U Thong;U Thong;U Thong;U Thong;U Thong;U Thong;U Thong;x
PROV1703;Ratchaburi;Ratchaburi;Ratchaburi;Ratchaburi;Ratchaburi;Ratchaburi;Ratchaburi;Ratchaburi;Ratchaburi;Ratchaburi;Ratchaburi;Ratchaburi;Ratchaburi;x
PROV1704;Phetchaburi;Phetchaburi;Phetchaburi;Phetchaburi;Phetchaburi;Phetchaburi;Phetchaburi;Phetchaburi;Phetchaburi;Phetchaburi;Phetchaburi;Phetchaburi;Phetchaburi;x
PROV1705;Nakhon Pathom;Nakhon Pathom;Nakhon Pathom;Nakhon Pathom;Nakhon Pathom;Nakhon Pathom;Nakhon Pathom;Nakhon Pathom;Nakhon Pathom;Nakhon Pathom;Nakhon Pathom;Nakhon Pathom;Nakhon Pathom;x
PROV1706;Chaiya;Chaiya;Chaiya;Chaiya;Chaiya;Chaiya;Chaiya;Chaiya;Chaiya;Chaiya;Chaiya;Chaiya;Chaiya;x
PROV1707;Nakhon Si Thammarat;Nakhon Si Thammarat;Nakhon Si Thammarat;Nakhon Si Thammarat;Nakhon Si Thammarat;Nakhon Si Thammarat;Nakhon Si Thammarat;Nakhon Si Thammarat;Nakhon Si Thammarat;Nakhon Si Thammarat;Nakhon Si Thammarat;Nakhon Si Thammarat;Nakhon Si Thammarat;x
PROV1708;Kedaram;Kedaram;Kedaram;Kedaram;Kedaram;Kedaram;Kedaram;Kedaram;Kedaram;Kedaram;Kedaram;Kedaram;Kedaram;x
PROV1709;Wiang-jun;Wiang-jun;Wiang-jun;Wiang-jun;Wiang-jun;Wiang-jun;Wiang-jun;Wiang-jun;Wiang-jun;Wiang-jun;Wiang-jun;Wiang-jun;Wiang-jun;x
PROV1710;Si Thep;Si Thep;Si Thep;Si Thep;Si Thep;Si Thep;Si Thep;Si Thep;Si Thep;Si Thep;Si Thep;Si Thep;Si Thep;x
PROV1711;Phimai;Phimai;Phimai;Phimai;Phimai;Phimai;Phimai;Phimai;Phimai;Phimai;Phimai;Phimai;Phimai;x
PROV1712;Angkor Wat;Angkor Wat;Angkor Wat;Angkor Wat;Angkor Wat;Angkor Wat;Angkor Wat;Angkor Wat;Angkor Wat;Angkor Wat;Angkor Wat;Angkor Wat;Angkor Wat;x
PROV1713;Banteay Srei;Banteay Srei;Banteay Srei;Banteay Srei;Banteay Srei;Banteay Srei;Banteay Srei;Banteay Srei;Banteay Srei;Banteay Srei;Banteay Srei;Banteay Srei;Banteay Srei;x
PROV1714;Hariharalaya;Hariharalaya;Hariharalaya;Hariharalaya;Hariharalaya;Hariharalaya;Hariharalaya;Hariharalaya;Hariharalaya;Hariharalaya;Hariharalaya;Hariharalaya;Hariharalaya;x
PROV1715;Preah Vihear;Preah Vihear;Preah Vihear;Preah Vihear;Preah Vihear;Preah Vihear;Preah Vihear;Preah Vihear;Preah Vihear;Preah Vihear;Preah Vihear;Preah Vihear;Preah Vihear;x
PROV1716;Champassak;Champassak;Champassak;Champassak;Champassak;Champassak;Champassak;Champassak;Champassak;Champassak;Champassak;Champassak;Champassak;x
PROV1717;Stung Treng;Stung Treng;Stung Treng;Stung Treng;Stung Treng;Stung Treng;Stung Treng;Stung Treng;Stung Treng;Stung Treng;Stung Treng;Stung Treng;Stung Treng;x
PROV1718;Sambor Prei Kuk;Sambor Prei Kuk;Sambor Prei Kuk;Sambor Prei Kuk;Sambor Prei Kuk;Sambor Prei Kuk;Sambor Prei Kuk;Sambor Prei Kuk;Sambor Prei Kuk;Sambor Prei Kuk;Sambor Prei Kuk;Sambor Prei Kuk;Sambor Prei Kuk;x
PROV1719;Wat Nokor;Wat Nokor;Wat Nokor;Wat Nokor;Wat Nokor;Wat Nokor;Wat Nokor;Wat Nokor;Wat Nokor;Wat Nokor;Wat Nokor;Wat Nokor;Wat Nokor;x
PROV1720;Angkor Borei;Angkor Borei;Angkor Borei;Angkor Borei;Angkor Borei;Angkor Borei;Angkor Borei;Angkor Borei;Angkor Borei;Angkor Borei;Angkor Borei;Angkor Borei;Angkor Borei;x
PROV1721;Oc Eo;Oc Eo;Oc Eo;Oc Eo;Oc Eo;Oc Eo;Oc Eo;Oc Eo;Oc Eo;Oc Eo;Oc Eo;Oc Eo;Oc Eo;x
PROV1722;Prey Nokor;Prey Nokor;Prey Nokor;Prey Nokor;Prey Nokor;Prey Nokor;Prey Nokor;Prey Nokor;Prey Nokor;Prey Nokor;Prey Nokor;Prey Nokor;Prey Nokor;x
PROV1723;Panduranga;Panduranga;Panduranga;Panduranga;Panduranga;Panduranga;Panduranga;Panduranga;Panduranga;Panduranga;Panduranga;Panduranga;Panduranga;x
PROV1724;Kauthara;Kauthara;Kauthara;Kauthara;Kauthara;Kauthara;Kauthara;Kauthara;Kauthara;Kauthara;Kauthara;Kauthara;Kauthara;x
PROV1725;Vijaya;Vijaya;Vijaya;Vijaya;Vijaya;Vijaya;Vijaya;Vijaya;Vijaya;Vijaya;Vijaya;Vijaya;Vijaya;x
PROV1726;Indrapura;Indrapura;Indrapura;Indrapura;Indrapura;Indrapura;Indrapura;Indrapura;Indrapura;Indrapura;Indrapura;Indrapura;Indrapura;x
PROV1727;Amaravati;Amaravati;Amaravati;Amaravati;Amaravati;Amaravati;Amaravati;Amaravati;Amaravati;Amaravati;Amaravati;Amaravati;Amaravati;x
PROV1728;Ha Tinh;Ha Tinh;Ha Tinh;Ha Tinh;Ha Tinh;Ha Tinh;Ha Tinh;Ha Tinh;Ha Tinh;Ha Tinh;Ha Tinh;Ha Tinh;Ha Tinh;x
PROV1729;Ke Van;Ke Van;Ke Van;Ke Van;Ke Van;Ke Van;Ke Van;Ke Van;Ke Van;Ke Van;Ke Van;Ke Van;Ke Van;x
PROV1730;Thanh Hoa;Thanh Hoa;Thanh Hoa;Thanh Hoa;Thanh Hoa;Thanh Hoa;Thanh Hoa;Thanh Hoa;Thanh Hoa;Thanh Hoa;Thanh Hoa;Thanh Hoa;Thanh Hoa;x
PROV1731;Hoanya;Hoanya;Hoanya;Hoanya;Hoanya;Hoanya;Hoanya;Hoanya;Hoanya;Hoanya;Hoanya;Hoanya;Hoanya;x
PROV1732;Thang Long;Thang Long;Thang Long;Thang Long;Thang Long;Thang Long;Thang Long;Thang Long;Thang Long;Thang Long;Thang Long;Thang Long;Thang Long;x
PROV1733;Xiangkhouang;Xiangkhouang;Xiangkhouang;Xiangkhouang;Xiangkhouang;Xiangkhouang;Xiangkhouang;Xiangkhouang;Xiangkhouang;Xiangkhouang;Xiangkhouang;Xiangkhouang;Xiangkhouang;x
PROV1734;Luang Prabang;Luang Prabang;Luang Prabang;Luang Prabang;Luang Prabang;Luang Prabang;Luang Prabang;Luang Prabang;Luang Prabang;Luang Prabang;Luang Prabang;Luang Prabang;Luang Prabang;x
PROV1735;Nan;Nan;Nan;Nan;Nan;Nan;Nan;Nan;Nan;Nan;Nan;Nan;Nan;x
PROV1736;Sukhothai;Sukhothai;Sukhothai;Sukhothai;Sukhothai;Sukhothai;Sukhothai;Sukhothai;Sukhothai;Sukhothai;Sukhothai;Sukhothai;Sukhothai;x
PROV1737;Phitsanulok;Phitsanulok;Phitsanulok;Phitsanulok;Phitsanulok;Phitsanulok;Phitsanulok;Phitsanulok;Phitsanulok;Phitsanulok;Phitsanulok;Phitsanulok;Phitsanulok;x
PROV1738;Nakhon Sawan;Nakhon Sawan;Nakhon Sawan;Nakhon Sawan;Nakhon Sawan;Nakhon Sawan;Nakhon Sawan;Nakhon Sawan;Nakhon Sawan;Nakhon Sawan;Nakhon Sawan;Nakhon Sawan;Nakhon Sawan;x
PROV1739;Ava;Ava;Ava;Ava;Ava;Ava;Ava;Ava;Ava;Ava;Ava;Ava;Ava;x
PROV1740;Lampang;Lampang;Lampang;Lampang;Lampang;Lampang;Lampang;Lampang;Lampang;Lampang;Lampang;Lampang;Lampang;x
PROV1741;Chiang Mai;Chiang Mai;Chiang Mai;Chiang Mai;Chiang Mai;Chiang Mai;Chiang Mai;Chiang Mai;Chiang Mai;Chiang Mai;Chiang Mai;Chiang Mai;Chiang Mai;x
PROV1742;Chiang Rai;Chiang Rai;Chiang Rai;Chiang Rai;Chiang Rai;Chiang Rai;Chiang Rai;Chiang Rai;Chiang Rai;Chiang Rai;Chiang Rai;Chiang Rai;Chiang Rai;x
PROV1743;Phayao;Phayao;Phayao;Phayao;Phayao;Phayao;Phayao;Phayao;Phayao;Phayao;Phayao;Phayao;Phayao;x
PROV1744;Mergui;Mergui;Mergui;Mergui;Mergui;Mergui;Mergui;Mergui;Mergui;Mergui;Mergui;Mergui;Mergui;x
PROV1745;Bassein;Bassein;Bassein;Bassein;Bassein;Bassein;Bassein;Bassein;Bassein;Bassein;Bassein;Bassein;Bassein;x
PROV1746;Prome;Prome;Prome;Prome;Prome;Prome;Prome;Prome;Prome;Prome;Prome;Prome;Prome;x
PROV1747;Minbu;Minbu;Minbu;Minbu;Minbu;Minbu;Minbu;Minbu;Minbu;Minbu;Minbu;Minbu;Minbu;x
PROV1748;Tagaung;Tagaung;Tagaung;Tagaung;Tagaung;Tagaung;Tagaung;Tagaung;Tagaung;Tagaung;Tagaung;Tagaung;Tagaung;x
PROV1749;Bhamo;Bhamo;Bhamo;Bhamo;Bhamo;Bhamo;Bhamo;Bhamo;Bhamo;Bhamo;Bhamo;Bhamo;Bhamo;x
PROV1750;Ngapudaw;Ngapudaw;Ngapudaw;Ngapudaw;Ngapudaw;Ngapudaw;Ngapudaw;Ngapudaw;Ngapudaw;Ngapudaw;Ngapudaw;Ngapudaw;Ngapudaw;x
PROV1751;Mogaung;Mogaung;Mogaung;Mogaung;Mogaung;Mogaung;Mogaung;Mogaung;Mogaung;Mogaung;Mogaung;Mogaung;Mogaung;x
PROV1752;Yawnghwe;Yawnghwe;Yawnghwe;Yawnghwe;Yawnghwe;Yawnghwe;Yawnghwe;Yawnghwe;Yawnghwe;Yawnghwe;Yawnghwe;Yawnghwe;Yawnghwe;x
PROV1753;Ann;Ann;Ann;Ann;Ann;Ann;Ann;Ann;Ann;Ann;Ann;Ann;Ann;x
PROV1754;Taungoo;Taungoo;Taungoo;Taungoo;Taungoo;Taungoo;Taungoo;Taungoo;Taungoo;Taungoo;Taungoo;Taungoo;Taungoo;x
PROV1755;Ngoenyang;Ngoenyang;Ngoenyang;Ngoenyang;Ngoenyang;Ngoenyang;Ngoenyang;Ngoenyang;Ngoenyang;Ngoenyang;Ngoenyang;Ngoenyang;Ngoenyang;x
PROV1756;Chaiyaphum;Chaiyaphum;Chaiyaphum;Chaiyaphum;Chaiyaphum;Chaiyaphum;Chaiyaphum;Chaiyaphum;Chaiyaphum;Chaiyaphum;Chaiyaphum;Chaiyaphum;Chaiyaphum;x
PROV1757;Muang Fa Daet;Muang Fa Daet;Muang Fa Daet;Muang Fa Daet;Muang Fa Daet;Muang Fa Daet;Muang Fa Daet;Muang Fa Daet;Muang Fa Daet;Muang Fa Daet;Muang Fa Daet;Muang Fa Daet;Muang Fa Daet;x
PROV1758;Phanat Nikhon;Phanat Nikhon;Phanat Nikhon;Phanat Nikhon;Phanat Nikhon;Phanat Nikhon;Phanat Nikhon;Phanat Nikhon;Phanat Nikhon;Phanat Nikhon;Phanat Nikhon;Phanat Nikhon;Phanat Nikhon;x
PROV1759;Dong Lakhon;Dong Lakhon;Dong Lakhon;Dong Lakhon;Dong Lakhon;Dong Lakhon;Dong Lakhon;Dong Lakhon;Dong Lakhon;Dong Lakhon;Dong Lakhon;Dong Lakhon;Dong Lakhon;x
PROV1760;Dong Si Maha Phot;Dong Si Maha Phot;Dong Si Maha Phot;Dong Si Maha Phot;Dong Si Maha Phot;Dong Si Maha Phot;Dong Si Maha Phot;Dong Si Maha Phot;Dong Si Maha Phot;Dong Si Maha Phot;Dong Si Maha Phot;Dong Si Maha Phot;Dong Si Maha Phot;x
PROV1761;Phutthaisong;Phutthaisong;Phutthaisong;Phutthaisong;Phutthaisong;Phutthaisong;Phutthaisong;Phutthaisong;Phutthaisong;Phutthaisong;Phutthaisong;Phutthaisong;Phutthaisong;x
PROV1762;Battambang;Battambang;Battambang;Battambang;Battambang;Battambang;Battambang;Battambang;Battambang;Battambang;Battambang;Battambang;Battambang;x
PROV1763;Preah Trapeang;Preah Trapeang;Preah Trapeang;Preah Trapeang;Preah Trapeang;Preah Trapeang;Preah Trapeang;Preah Trapeang;Preah Trapeang;Preah Trapeang;Preah Trapeang;Preah Trapeang;Preah Trapeang;x
PROV1764;Phan Thiet;Phan Thiet;Phan Thiet;Phan Thiet;Phan Thiet;Phan Thiet;Phan Thiet;Phan Thiet;Phan Thiet;Phan Thiet;Phan Thiet;Phan Thiet;Phan Thiet;x
PROV1765;Gia Nghia;Gia Nghia;Gia Nghia;Gia Nghia;Gia Nghia;Gia Nghia;Gia Nghia;Gia Nghia;Gia Nghia;Gia Nghia;Gia Nghia;Gia Nghia;Gia Nghia;x
PROV1766;Buon Ma Thuot;Buon Ma Thuot;Buon Ma Thuot;Buon Ma Thuot;Buon Ma Thuot;Buon Ma Thuot;Buon Ma Thuot;Buon Ma Thuot;Buon Ma Thuot;Buon Ma Thuot;Buon Ma Thuot;Buon Ma Thuot;Buon Ma Thuot;x
PROV1767;Tuy Hoa;Tuy Hoa;Tuy Hoa;Tuy Hoa;Tuy Hoa;Tuy Hoa;Tuy Hoa;Tuy Hoa;Tuy Hoa;Tuy Hoa;Tuy Hoa;Tuy Hoa;Tuy Hoa;x
PROV1768;Pleiku;Pleiku;Pleiku;Pleiku;Pleiku;Pleiku;Pleiku;Pleiku;Pleiku;Pleiku;Pleiku;Pleiku;Pleiku;x
PROV1769;Kon Tum;Kon Tum;Kon Tum;Kon Tum;Kon Tum;Kon Tum;Kon Tum;Kon Tum;Kon Tum;Kon Tum;Kon Tum;Kon Tum;Kon Tum;x
PROV1770;Dong Hoi;Dong Hoi;Dong Hoi;Dong Hoi;Dong Hoi;Dong Hoi;Dong Hoi;Dong Hoi;Dong Hoi;Dong Hoi;Dong Hoi;Dong Hoi;Dong Hoi;x
PROV1771;Son La;Son La;Son La;Son La;Son La;Son La;Son La;Son La;Son La;Son La;Son La;Son La;Son La;x
PROV1772;Dien Bien Phu;Dien Bien Phu;Dien Bien Phu;Dien Bien Phu;Dien Bien Phu;Dien Bien Phu;Dien Bien Phu;Dien Bien Phu;Dien Bien Phu;Dien Bien Phu;Dien Bien Phu;Dien Bien Phu;Dien Bien Phu;x
PROV1773;Lai Chau;Lai Chau;Lai Chau;Lai Chau;Lai Chau;Lai Chau;Lai Chau;Lai Chau;Lai Chau;Lai Chau;Lai Chau;Lai Chau;Lai Chau;x
PROV1774;Lao Cai;Lao Cai;Lao Cai;Lao Cai;Lao Cai;Lao Cai;Lao Cai;Lao Cai;Lao Cai;Lao Cai;Lao Cai;Lao Cai;Lao Cai;x
PROV1775;Yen Bai;Yen Bai;Yen Bai;Yen Bai;Yen Bai;Yen Bai;Yen Bai;Yen Bai;Yen Bai;Yen Bai;Yen Bai;Yen Bai;Yen Bai;x
PROV1776;Ha Giang;Ha Giang;Ha Giang;Ha Giang;Ha Giang;Ha Giang;Ha Giang;Ha Giang;Ha Giang;Ha Giang;Ha Giang;Ha Giang;Ha Giang;x
PROV1777;Taokas;Taokas;Taokas;Taokas;Taokas;Taokas;Taokas;Taokas;Taokas;Taokas;Taokas;Taokas;Taokas;x
PROV1778;Lang Son;Lang Son;Lang Son;Lang Son;Lang Son;Lang Son;Lang Son;Lang Son;Lang Son;Lang Son;Lang Son;Lang Son;Lang Son;x
PROV1779;Atayal;Atayal;Atayal;Atayal;Atayal;Atayal;Atayal;Atayal;Atayal;Atayal;Atayal;Atayal;Atayal;x
PROV1780;Haiphong;Haiphong;Haiphong;Haiphong;Haiphong;Haiphong;Haiphong;Haiphong;Haiphong;Haiphong;Haiphong;Haiphong;Haiphong;x
PROV1781;Thai Nguyen;Thai Nguyen;Thai Nguyen;Thai Nguyen;Thai Nguyen;Thai Nguyen;Thai Nguyen;Thai Nguyen;Thai Nguyen;Thai Nguyen;Thai Nguyen;Thai Nguyen;Thai Nguyen;x
PROV1782;Hoa Tinh;Hoa Tinh;Hoa Tinh;Hoa Tinh;Hoa Tinh;Hoa Tinh;Hoa Tinh;Hoa Tinh;Hoa Tinh;Hoa Tinh;Hoa Tinh;Hoa Tinh;Hoa Tinh;x
PROV1783;Savannakhet;Savannakhet;Savannakhet;Savannakhet;Savannakhet;Savannakhet;Savannakhet;Savannakhet;Savannakhet;Savannakhet;Savannakhet;Savannakhet;Savannakhet;x
PROV1784;Phongsali;Phongsali;Phongsali;Phongsali;Phongsali;Phongsali;Phongsali;Phongsali;Phongsali;Phongsali;Phongsali;Phongsali;Phongsali;x
PROV1785;Salavan;Salavan;Salavan;Salavan;Salavan;Salavan;Salavan;Salavan;Salavan;Salavan;Salavan;Salavan;Salavan;x
PROV1786;Thakhet;Thakhet;Thakhet;Thakhet;Thakhet;Thakhet;Thakhet;Thakhet;Thakhet;Thakhet;Thakhet;Thakhet;Thakhet;x
PROV1787;Tavoy;Tavoy;Tavoy;Tavoy;Tavoy;Tavoy;Tavoy;Tavoy;Tavoy;Tavoy;Tavoy;Tavoy;Tavoy;x
PROV1788;Ye;Ye;Ye;Ye;Ye;Ye;Ye;Ye;Ye;Ye;Ye;Ye;Ye;x
PROV1789;Keng Tung;Keng Tung;Keng Tung;Keng Tung;Keng Tung;Keng Tung;Keng Tung;Keng Tung;Keng Tung;Keng Tung;Keng Tung;Keng Tung;Keng Tung;x
PROV1790;Lashio;Lashio;Lashio;Lashio;Lashio;Lashio;Lashio;Lashio;Lashio;Lashio;Lashio;Lashio;Lashio;x
PROV1791;Hansawadi;Hansawadi;Hansawadi;Hansawadi;Hansawadi;Hansawadi;Hansawadi;Hansawadi;Hansawadi;Hansawadi;Hansawadi;Hansawadi;Hansawadi;x
PROV1792;Luang Namtha;Luang Namtha;Luang Namtha;Luang Namtha;Luang Namtha;Luang Namtha;Luang Namtha;Luang Namtha;Luang Namtha;Luang Namtha;Luang Namtha;Luang Namtha;Luang Namtha;x
PROV1793;Ban Houayxay;Ban Houayxay;Ban Houayxay;Ban Houayxay;Ban Houayxay;Ban Houayxay;Ban Houayxay;Ban Houayxay;Ban Houayxay;Ban Houayxay;Ban Houayxay;Ban Houayxay;Ban Houayxay;x
PROV1794;Takua Pa;Takua Pa;Takua Pa;Takua Pa;Takua Pa;Takua Pa;Takua Pa;Takua Pa;Takua Pa;Takua Pa;Takua Pa;Takua Pa;Takua Pa;x
PROV1795;Pattani;Pattani;Pattani;Pattani;Pattani;Pattani;Pattani;Pattani;Pattani;Pattani;Pattani;Pattani;Pattani;x
PROV1796;Pekan;Pekan;Pekan;Pekan;Pekan;Pekan;Pekan;Pekan;Pekan;Pekan;Pekan;Pekan;Pekan;x
PROV1797;Kutai;Kutai;Kutai;Kutai;Kutai;Kutai;Kutai;Kutai;Kutai;Kutai;Kutai;Kutai;Kutai;x
PROV1798;Barus;Barus;Barus;Barus;Barus;Barus;Barus;Barus;Barus;Barus;Barus;Barus;Barus;x
PROV1799;Panai;Panai;Panai;Panai;Panai;Panai;Panai;Panai;Panai;Panai;Panai;Panai;Panai;x
PROV1800;Lingga;Lingga;Lingga;Lingga;Lingga;Lingga;Lingga;Lingga;Lingga;Lingga;Lingga;Lingga;Lingga;x
PROV1801;Kota Kapur;Kota Kapur;Kota Kapur;Kota Kapur;Kota Kapur;Kota Kapur;Kota Kapur;Kota Kapur;Kota Kapur;Kota Kapur;Kota Kapur;Kota Kapur;Kota Kapur;x
PROV1802;Muaro Jambi;Muaro Jambi;Muaro Jambi;Muaro Jambi;Muaro Jambi;Muaro Jambi;Muaro Jambi;Muaro Jambi;Muaro Jambi;Muaro Jambi;Muaro Jambi;Muaro Jambi;Muaro Jambi;x
PROV1803;Karang Berahi;Karang Berahi;Karang Berahi;Karang Berahi;Karang Berahi;Karang Berahi;Karang Berahi;Karang Berahi;Karang Berahi;Karang Berahi;Karang Berahi;Karang Berahi;Karang Berahi;x
PROV1804;Palembang;Palembang;Palembang;Palembang;Palembang;Palembang;Palembang;Palembang;Palembang;Palembang;Palembang;Palembang;Palembang;x
PROV1805;Palas Pasemah;Palas Pasemah;Palas Pasemah;Palas Pasemah;Palas Pasemah;Palas Pasemah;Palas Pasemah;Palas Pasemah;Palas Pasemah;Palas Pasemah;Palas Pasemah;Palas Pasemah;Palas Pasemah;x
PROV1806;Tanah Abang;Tanah Abang;Tanah Abang;Tanah Abang;Tanah Abang;Tanah Abang;Tanah Abang;Tanah Abang;Tanah Abang;Tanah Abang;Tanah Abang;Tanah Abang;Tanah Abang;x
PROV1807;Banten Girang;Banten Girang;Banten Girang;Banten Girang;Banten Girang;Banten Girang;Banten Girang;Banten Girang;Banten Girang;Banten Girang;Banten Girang;Banten Girang;Banten Girang;x
PROV1808;Pulasari;Pulasari;Pulasari;Pulasari;Pulasari;Pulasari;Pulasari;Pulasari;Pulasari;Pulasari;Pulasari;Pulasari;Pulasari;x
PROV1809;Cibadak;Cibadak;Cibadak;Cibadak;Cibadak;Cibadak;Cibadak;Cibadak;Cibadak;Cibadak;Cibadak;Cibadak;Cibadak;x
PROV1810;Pakuan Pajajaran;Pakuan Pajajaran;Pakuan Pajajaran;Pakuan Pajajaran;Pakuan Pajajaran;Pakuan Pajajaran;Pakuan Pajajaran;Pakuan Pajajaran;Pakuan Pajajaran;Pakuan Pajajaran;Pakuan Pajajaran;Pakuan Pajajaran;Pakuan Pajajaran;x
PROV1811;Tugu;Tugu;Tugu;Tugu;Tugu;Tugu;Tugu;Tugu;Tugu;Tugu;Tugu;Tugu;Tugu;x
PROV1812;Cimanuk;Cimanuk;Cimanuk;Cimanuk;Cimanuk;Cimanuk;Cimanuk;Cimanuk;Cimanuk;Cimanuk;Cimanuk;Cimanuk;Cimanuk;x
PROV1813;Kawali;Kawali;Kawali;Kawali;Kawali;Kawali;Kawali;Kawali;Kawali;Kawali;Kawali;Kawali;Kawali;x
PROV1814;Pangandaran;Pangandaran;Pangandaran;Pangandaran;Pangandaran;Pangandaran;Pangandaran;Pangandaran;Pangandaran;Pangandaran;Pangandaran;Pangandaran;Pangandaran;x
PROV1815;Cangkuang;Cangkuang;Cangkuang;Cangkuang;Cangkuang;Cangkuang;Cangkuang;Cangkuang;Cangkuang;Cangkuang;Cangkuang;Cangkuang;Cangkuang;x
PROV1816;Bojong Menje;Bojong Menje;Bojong Menje;Bojong Menje;Bojong Menje;Bojong Menje;Bojong Menje;Bojong Menje;Bojong Menje;Bojong Menje;Bojong Menje;Bojong Menje;Bojong Menje;x
PROV1817;Dieng;Dieng;Dieng;Dieng;Dieng;Dieng;Dieng;Dieng;Dieng;Dieng;Dieng;Dieng;Dieng;x
PROV1818;Gianyar;Gianyar;Gianyar;Gianyar;Gianyar;Gianyar;Gianyar;Gianyar;Gianyar;Gianyar;Gianyar;Gianyar;Gianyar;x
PROV1819;Kahuripan;Kahuripan;Kahuripan;Kahuripan;Kahuripan;Kahuripan;Kahuripan;Kahuripan;Kahuripan;Kahuripan;Kahuripan;Kahuripan;Kahuripan;x
PROV1820;Daha;Daha;Daha;Daha;Daha;Daha;Daha;Daha;Daha;Daha;Daha;Daha;Daha;x
PROV1821;Barabudur;Barabudur;Barabudur;Barabudur;Barabudur;Barabudur;Barabudur;Barabudur;Barabudur;Barabudur;Barabudur;Barabudur;Barabudur;x
PROV1822;Lwaram;Lwaram;Lwaram;Lwaram;Lwaram;Lwaram;Lwaram;Lwaram;Lwaram;Lwaram;Lwaram;Lwaram;Lwaram;x
PROV1823;Prambanan;Prambanan;Prambanan;Prambanan;Prambanan;Prambanan;Prambanan;Prambanan;Prambanan;Prambanan;Prambanan;Prambanan;Prambanan;x
PROV1824;Palah;Palah;Palah;Palah;Palah;Palah;Palah;Palah;Palah;Palah;Palah;Palah;Palah;x
PROV1825;Tumapel;Tumapel;Tumapel;Tumapel;Tumapel;Tumapel;Tumapel;Tumapel;Tumapel;Tumapel;Tumapel;Tumapel;Tumapel;x
PROV1826;Wwatan;Wwatan;Wwatan;Wwatan;Wwatan;Wwatan;Wwatan;Wwatan;Wwatan;Wwatan;Wwatan;Wwatan;Wwatan;x
PROV1827;Bangkalan;Bangkalan;Bangkalan;Bangkalan;Bangkalan;Bangkalan;Bangkalan;Bangkalan;Bangkalan;Bangkalan;Bangkalan;Bangkalan;Bangkalan;x
PROV1828;Pasuruhan;Pasuruhan;Pasuruhan;Pasuruhan;Pasuruhan;Pasuruhan;Pasuruhan;Pasuruhan;Pasuruhan;Pasuruhan;Pasuruhan;Pasuruhan;Pasuruhan;x
PROV1829;Tanjungpura;Tanjungpura;Tanjungpura;Tanjungpura;Tanjungpura;Tanjungpura;Tanjungpura;Tanjungpura;Tanjungpura;Tanjungpura;Tanjungpura;Tanjungpura;Tanjungpura;x
PROV1830;Terengganu;Terengganu;Terengganu;Terengganu;Terengganu;Terengganu;Terengganu;Terengganu;Terengganu;Terengganu;Terengganu;Terengganu;Terengganu;x
PROV1831;Kelantan;Kelantan;Kelantan;Kelantan;Kelantan;Kelantan;Kelantan;Kelantan;Kelantan;Kelantan;Kelantan;Kelantan;Kelantan;x
PROV1832;Lamuri;Lamuri;Lamuri;Lamuri;Lamuri;Lamuri;Lamuri;Lamuri;Lamuri;Lamuri;Lamuri;Lamuri;Lamuri;x
PROV1833;Perlak;Perlak;Perlak;Perlak;Perlak;Perlak;Perlak;Perlak;Perlak;Perlak;Perlak;Perlak;Perlak;x
PROV1834;Ternate;Ternate;Ternate;Ternate;Ternate;Ternate;Ternate;Ternate;Ternate;Ternate;Ternate;Ternate;Ternate;x
PROV1835;Banjarmasin;Banjarmasin;Banjarmasin;Banjarmasin;Banjarmasin;Banjarmasin;Banjarmasin;Banjarmasin;Banjarmasin;Banjarmasin;Banjarmasin;Banjarmasin;Banjarmasin;x
PROV1836;Sukadana;Sukadana;Sukadana;Sukadana;Sukadana;Sukadana;Sukadana;Sukadana;Sukadana;Sukadana;Sukadana;Sukadana;Sukadana;x
PROV1837;Sambas;Sambas;Sambas;Sambas;Sambas;Sambas;Sambas;Sambas;Sambas;Sambas;Sambas;Sambas;Sambas;x
PROV1838;Ketapang;Ketapang;Ketapang;Ketapang;Ketapang;Ketapang;Ketapang;Ketapang;Ketapang;Ketapang;Ketapang;Ketapang;Ketapang;x
PROV1839;Tarakan;Tarakan;Tarakan;Tarakan;Tarakan;Tarakan;Tarakan;Tarakan;Tarakan;Tarakan;Tarakan;Tarakan;Tarakan;x
PROV1840;Bakulapura;Bakulapura;Bakulapura;Bakulapura;Bakulapura;Bakulapura;Bakulapura;Bakulapura;Bakulapura;Bakulapura;Bakulapura;Bakulapura;Bakulapura;x
PROV1841;Poli;Poli;Poli;Poli;Poli;Poli;Poli;Poli;Poli;Poli;Poli;Poli;Poli;x
PROV1842;Banggai;Banggai;Banggai;Banggai;Banggai;Banggai;Banggai;Banggai;Banggai;Banggai;Banggai;Banggai;Banggai;x
PROV1843;Jenggi;Jenggi;Jenggi;Jenggi;Jenggi;Jenggi;Jenggi;Jenggi;Jenggi;Jenggi;Jenggi;Jenggi;Jenggi;x
PROV1844;Tiwu;Tiwu;Tiwu;Tiwu;Tiwu;Tiwu;Tiwu;Tiwu;Tiwu;Tiwu;Tiwu;Tiwu;Tiwu;x
PROV1845;Huangmachu;Huangmachu;Huangmachu;Huangmachu;Huangmachu;Huangmachu;Huangmachu;Huangmachu;Huangmachu;Huangmachu;Huangmachu;Huangmachu;Huangmachu;x
PROV1846;Gurun;Gurun;Gurun;Gurun;Gurun;Gurun;Gurun;Gurun;Gurun;Gurun;Gurun;Gurun;Gurun;x
PROV1847;Bima;Bima;Bima;Bima;Bima;Bima;Bima;Bima;Bima;Bima;Bima;Bima;Bima;x
PROV1848;Makassar;Makassar;Makassar;Makassar;Makassar;Makassar;Makassar;Makassar;Makassar;Makassar;Makassar;Makassar;Makassar;x
PROV1849;Bangai;Bangai;Bangai;Bangai;Bangai;Bangai;Bangai;Bangai;Bangai;Bangai;Bangai;Bangai;Bangai;x
PROV1850;Hutan Kadali;Hutan Kadali;Hutan Kadali;Hutan Kadali;Hutan Kadali;Hutan Kadali;Hutan Kadali;Hutan Kadali;Hutan Kadali;Hutan Kadali;Hutan Kadali;Hutan Kadali;Hutan Kadali;x
PROV1851;Katingan;Katingan;Katingan;Katingan;Katingan;Katingan;Katingan;Katingan;Katingan;Katingan;Katingan;Katingan;Katingan;x
PROV1852;Temasek;Temasek;Temasek;Temasek;Temasek;Temasek;Temasek;Temasek;Temasek;Temasek;Temasek;Temasek;Temasek;x
PROV1853;Samudra;Samudra;Samudra;Samudra;Samudra;Samudra;Samudra;Samudra;Samudra;Samudra;Samudra;Samudra;Samudra;x
PROV1854;Tulangbawang;Tulangbawang;Tulangbawang;Tulangbawang;Tulangbawang;Tulangbawang;Tulangbawang;Tulangbawang;Tulangbawang;Tulangbawang;Tulangbawang;Tulangbawang;Tulangbawang;x
PROV1855;Bengkulu;Bengkulu;Bengkulu;Bengkulu;Bengkulu;Bengkulu;Bengkulu;Bengkulu;Bengkulu;Bengkulu;Bengkulu;Bengkulu;Bengkulu;x
PROV1856;Pagarruyung;Pagarruyung;Pagarruyung;Pagarruyung;Pagarruyung;Pagarruyung;Pagarruyung;Pagarruyung;Pagarruyung;Pagarruyung;Pagarruyung;Pagarruyung;Pagarruyung;x
PROV1857;Padang;Padang;Padang;Padang;Padang;Padang;Padang;Padang;Padang;Padang;Padang;Padang;Padang;x
PROV1858;Aru;Aru;Aru;Aru;Aru;Aru;Aru;Aru;Aru;Aru;Aru;Aru;Aru;x
PROV1859;Pariaman;Pariaman;Pariaman;Pariaman;Pariaman;Pariaman;Pariaman;Pariaman;Pariaman;Pariaman;Pariaman;Pariaman;Pariaman;x
PROV1860;Mukomuko;Mukomuko;Mukomuko;Mukomuko;Mukomuko;Mukomuko;Mukomuko;Mukomuko;Mukomuko;Mukomuko;Mukomuko;Mukomuko;Mukomuko;x
PROV1861;Sanggau;Sanggau;Sanggau;Sanggau;Sanggau;Sanggau;Sanggau;Sanggau;Sanggau;Sanggau;Sanggau;Sanggau;Sanggau;x
PROV1862;Jolo;Jolo;Jolo;Jolo;Jolo;Jolo;Jolo;Jolo;Jolo;Jolo;Jolo;Jolo;Jolo;x
PROV1863;Kinabatangan;Kinabatangan;Kinabatangan;Kinabatangan;Kinabatangan;Kinabatangan;Kinabatangan;Kinabatangan;Kinabatangan;Kinabatangan;Kinabatangan;Kinabatangan;Kinabatangan;x
PROV1864;Bintulu;Bintulu;Bintulu;Bintulu;Bintulu;Bintulu;Bintulu;Bintulu;Bintulu;Bintulu;Bintulu;Bintulu;Bintulu;x
PROV1865;Bontang;Bontang;Bontang;Bontang;Bontang;Bontang;Bontang;Bontang;Bontang;Bontang;Bontang;Bontang;Bontang;x
PROV1866;Taliwang;Taliwang;Taliwang;Taliwang;Taliwang;Taliwang;Taliwang;Taliwang;Taliwang;Taliwang;Taliwang;Taliwang;Taliwang;x
PROV1867;Baubau;Baubau;Baubau;Baubau;Baubau;Baubau;Baubau;Baubau;Baubau;Baubau;Baubau;Baubau;Baubau;x
PROV1868;Palopo;Palopo;Palopo;Palopo;Palopo;Palopo;Palopo;Palopo;Palopo;Palopo;Palopo;Palopo;Palopo;x
PROV1869;Ambon;Ambon;Ambon;Ambon;Ambon;Ambon;Ambon;Ambon;Ambon;Ambon;Ambon;Ambon;Ambon;x
PROV1870;Tidore;Tidore;Tidore;Tidore;Tidore;Tidore;Tidore;Tidore;Tidore;Tidore;Tidore;Tidore;Tidore;x
PROV1871;Labuha;Labuha;Labuha;Labuha;Labuha;Labuha;Labuha;Labuha;Labuha;Labuha;Labuha;Labuha;Labuha;x
PROV1872;Manado;Manado;Manado;Manado;Manado;Manado;Manado;Manado;Manado;Manado;Manado;Manado;Manado;x
PROV1873;Gorontalo;Gorontalo;Gorontalo;Gorontalo;Gorontalo;Gorontalo;Gorontalo;Gorontalo;Gorontalo;Gorontalo;Gorontalo;Gorontalo;Gorontalo;x
PROV1874;Palu;Palu;Palu;Palu;Palu;Palu;Palu;Palu;Palu;Palu;Palu;Palu;Palu;x
PROV1875;Luwuk;Luwuk;Luwuk;Luwuk;Luwuk;Luwuk;Luwuk;Luwuk;Luwuk;Luwuk;Luwuk;Luwuk;Luwuk;x
PROV1876;Kendari;Kendari;Kendari;Kendari;Kendari;Kendari;Kendari;Kendari;Kendari;Kendari;Kendari;Kendari;Kendari;x
PROV1877;Takang;Takang;Takang;Takang;Takang;Takang;Takang;Takang;Takang;Takang;Takang;Takang;Takang;x
PROV1878;Larantuka;Larantuka;Larantuka;Larantuka;Larantuka;Larantuka;Larantuka;Larantuka;Larantuka;Larantuka;Larantuka;Larantuka;Larantuka;x
PROV1879;Dobo;Dobo;Dobo;Dobo;Dobo;Dobo;Dobo;Dobo;Dobo;Dobo;Dobo;Dobo;Dobo;x
PROV1880;Klang;Klang;Klang;Klang;Klang;Klang;Klang;Klang;Klang;Klang;Klang;Klang;Klang;x
PROV1881;Melaka;Melaka;Melaka;Melaka;Melaka;Melaka;Melaka;Melaka;Melaka;Melaka;Melaka;Melaka;Melaka;x
PROV1882;Dungun;Dungun;Dungun;Dungun;Dungun;Dungun;Dungun;Dungun;Dungun;Dungun;Dungun;Dungun;Dungun;x
PROV1883;Butuan;Butuan;Butuan;Butuan;Butuan;Butuan;Butuan;Butuan;Butuan;Butuan;Butuan;Butuan;Butuan;x
PROV1884;Tondo;Tondo;Tondo;Tondo;Tondo;Tondo;Tondo;Tondo;Tondo;Tondo;Tondo;Tondo;Tondo;x
PROV1885;Maysapan;Maysapan;Maysapan;Maysapan;Maysapan;Maysapan;Maysapan;Maysapan;Maysapan;Maysapan;Maysapan;Maysapan;Maysapan;x
PROV1886;Aklan;Aklan;Aklan;Aklan;Aklan;Aklan;Aklan;Aklan;Aklan;Aklan;Aklan;Aklan;Aklan;x
PROV1887;Irongirong;Irongirong;Irongirong;Irongirong;Irongirong;Irongirong;Irongirong;Irongirong;Irongirong;Irongirong;Irongirong;Irongirong;Irongirong;x
PROV1888;Maidh;Maidh;Maidh;Maidh;Maidh;Maidh;Maidh;Maidh;Maidh;Maidh;Maidh;Maidh;Maidh;x
PROV1889;Marawi;Marawi;Marawi;Marawi;Marawi;Marawi;Marawi;Marawi;Marawi;Marawi;Marawi;Marawi;Marawi;x
PROV1890;Ylokos;Ylokos;Ylokos;Ylokos;Ylokos;Ylokos;Ylokos;Ylokos;Ylokos;Ylokos;Ylokos;Ylokos;Ylokos;x
PROV1891;Camalaniugan;Camalaniugan;Camalaniugan;Camalaniugan;Camalaniugan;Camalaniugan;Camalaniugan;Camalaniugan;Camalaniugan;Camalaniugan;Camalaniugan;Camalaniugan;Camalaniugan;x
PROV1892;Tagoloan;Tagoloan;Tagoloan;Tagoloan;Tagoloan;Tagoloan;Tagoloan;Tagoloan;Tagoloan;Tagoloan;Tagoloan;Tagoloan;Tagoloan;x
PROV1893;Kankabatok;Kankabatok;Kankabatok;Kankabatok;Kankabatok;Kankabatok;Kankabatok;Kankabatok;Kankabatok;Kankabatok;Kankabatok;Kankabatok;Kankabatok;x
PROV1894;Palawan;Palawan;Palawan;Palawan;Palawan;Palawan;Palawan;Palawan;Palawan;Palawan;Palawan;Palawan;Palawan;x
PROV1895;Andaman;Andaman;Andaman;Andaman;Andaman;Andaman;Andaman;Andaman;Andaman;Andaman;Andaman;Andaman;Andaman;x
PROV1896;Ketagalan;Ketagalan;Ketagalan;Ketagalan;Ketagalan;Ketagalan;Ketagalan;Ketagalan;Ketagalan;Ketagalan;Ketagalan;Ketagalan;Ketagalan;x
PROV1897;Siraya;Siraya;Siraya;Siraya;Siraya;Siraya;Siraya;Siraya;Siraya;Siraya;Siraya;Siraya;Siraya;x
PROV1898;Puyuma;Puyuma;Puyuma;Puyuma;Puyuma;Puyuma;Puyuma;Puyuma;Puyuma;Puyuma;Puyuma;Puyuma;Puyuma;x
PROV1899;Jailolo;Jailolo;Jailolo;Jailolo;Jailolo;Jailolo;Jailolo;Jailolo;Jailolo;Jailolo;Jailolo;Jailolo;Jailolo;x
PROV1900;Weda;Weda;Weda;Weda;Weda;Weda;Weda;Weda;Weda;Weda;Weda;Weda;Weda;x
PROV1901;Saumlaki;Saumlaki;Saumlaki;Saumlaki;Saumlaki;Saumlaki;Saumlaki;Saumlaki;Saumlaki;Saumlaki;Saumlaki;Saumlaki;Saumlaki;x
PROV1902;Kalabahi;Kalabahi;Kalabahi;Kalabahi;Kalabahi;Kalabahi;Kalabahi;Kalabahi;Kalabahi;Kalabahi;Kalabahi;Kalabahi;Kalabahi;x
PROV1903;Dumai;Dumai;Dumai;Dumai;Dumai;Dumai;Dumai;Dumai;Dumai;Dumai;Dumai;Dumai;Dumai;x
PROV1904;Bukit Raya;Bukit Raya;Bukit Raya;Bukit Raya;Bukit Raya;Bukit Raya;Bukit Raya;Bukit Raya;Bukit Raya;Bukit Raya;Bukit Raya;Bukit Raya;Bukit Raya;x
PROV1905;Sibolga;Sibolga;Sibolga;Sibolga;Sibolga;Sibolga;Sibolga;Sibolga;Sibolga;Sibolga;Sibolga;Sibolga;Sibolga;x
PROV1906;Kuntodarussalam;Kuntodarussalam;Kuntodarussalam;Kuntodarussalam;Kuntodarussalam;Kuntodarussalam;Kuntodarussalam;Kuntodarussalam;Kuntodarussalam;Kuntodarussalam;Kuntodarussalam;Kuntodarussalam;Kuntodarussalam;x
PROV1907;Hibala;Hibala;Hibala;Hibala;Hibala;Hibala;Hibala;Hibala;Hibala;Hibala;Hibala;Hibala;Hibala;x
PROV1908;Cengal;Cengal;Cengal;Cengal;Cengal;Cengal;Cengal;Cengal;Cengal;Cengal;Cengal;Cengal;Cengal;x
PROV1909;Gaung;Gaung;Gaung;Gaung;Gaung;Gaung;Gaung;Gaung;Gaung;Gaung;Gaung;Gaung;Gaung;x
PROV1910;Sungai Rumbai;Sungai Rumbai;Sungai Rumbai;Sungai Rumbai;Sungai Rumbai;Sungai Rumbai;Sungai Rumbai;Sungai Rumbai;Sungai Rumbai;Sungai Rumbai;Sungai Rumbai;Sungai Rumbai;Sungai Rumbai;x
PROV1911;Lemong;Lemong;Lemong;Lemong;Lemong;Lemong;Lemong;Lemong;Lemong;Lemong;Lemong;Lemong;Lemong;x
PROV1912;Manggeng;Manggeng;Manggeng;Manggeng;Manggeng;Manggeng;Manggeng;Manggeng;Manggeng;Manggeng;Manggeng;Manggeng;Manggeng;x
PROV1913;Morotai;Morotai;Morotai;Morotai;Morotai;Morotai;Morotai;Morotai;Morotai;Morotai;Morotai;Morotai;Morotai;x
PROV1914;Cinarca;Cinarca;Cinarca;Cinarca;Cinarca;Cinarca;Cinarca;Cinarca;Cinarca;Cinarca;Cinarca;Cinarca;Cinarca;x
PROV1915;Gallura;Gallura;Gallura;Gallura;Gallura;Gallura;Gallura;Gallura;Gallura;Gallura;Gallura;Gallura;Gallura;x
PROV1916;Torres;Torres;Torres;Torres;Torres;Torres;Torres;Torres;Torres;Torres;Torres;Torres;Torres;x
PROV1917;Kujalleq;Kujalleq;Kujalleq;Kujalleq;Kujalleq;Kujalleq;Kujalleq;Kujalleq;Kujalleq;Kujalleq;Kujalleq;Kujalleq;Kujalleq;x
PROV1918;Sermersooq;Sermersooq;Sermersooq;Sermersooq;Sermersooq;Sermersooq;Sermersooq;Sermersooq;Sermersooq;Sermersooq;Sermersooq;Sermersooq;Sermersooq;x
PROV1919;Kavaratti;Kavaratti;Kavaratti;Kavaratti;Kavaratti;Kavaratti;Kavaratti;Kavaratti;Kavaratti;Kavaratti;Kavaratti;Kavaratti;Kavaratti;x
PROV1920;Jimma;Jimma;Jimma;Jimma;Jimma;Jimma;Jimma;Jimma;Jimma;Jimma;Jimma;Jimma;Jimma;x
PROV1921;Kaffa;Kaffa;Kaffa;Kaffa;Kaffa;Kaffa;Kaffa;Kaffa;Kaffa;Kaffa;Kaffa;Kaffa;Kaffa;x
PROV1922;Fetegar;Fetegar;Fetegar;Fetegar;Fetegar;Fetegar;Fetegar;Fetegar;Fetegar;Fetegar;Fetegar;Fetegar;Fetegar;x
PROV1923;Bale;Bale;Bale;Bale;Bale;Bale;Bale;Bale;Bale;Bale;Bale;Bale;Bale;x
PROV1924;Hadiya;Hadiya;Hadiya;Hadiya;Hadiya;Hadiya;Hadiya;Hadiya;Hadiya;Hadiya;Hadiya;Hadiya;Hadiya;x
PROV1925;Gode;Gode;Gode;Gode;Gode;Gode;Gode;Gode;Gode;Gode;Gode;Gode;Gode;x
PROV1926;Hobyo;Hobyo;Hobyo;Hobyo;Hobyo;Hobyo;Hobyo;Hobyo;Hobyo;Hobyo;Hobyo;Hobyo;Hobyo;x
PROV1927;Mogadishu;Mogadishu;Mogadishu;Mogadishu;Mogadishu;Mogadishu;Mogadishu;Mogadishu;Mogadishu;Mogadishu;Mogadishu;Mogadishu;Mogadishu;x
PROV1928;Barawa;Barawa;Barawa;Barawa;Barawa;Barawa;Barawa;Barawa;Barawa;Barawa;Barawa;Barawa;Barawa;x
PROV1929;Kismaayo;Kismaayo;Kismaayo;Kismaayo;Kismaayo;Kismaayo;Kismaayo;Kismaayo;Kismaayo;Kismaayo;Kismaayo;Kismaayo;Kismaayo;x
PROV1930;Pate;Pate;Pate;Pate;Pate;Pate;Pate;Pate;Pate;Pate;Pate;Pate;Pate;x
PROV1931;Malindi;Malindi;Malindi;Malindi;Malindi;Malindi;Malindi;Malindi;Malindi;Malindi;Malindi;Malindi;Malindi;x
PROV1932;Mombasa;Mombasa;Mombasa;Mombasa;Mombasa;Mombasa;Mombasa;Mombasa;Mombasa;Mombasa;Mombasa;Mombasa;Mombasa;x
PROV1933;Pemba;Pemba;Pemba;Pemba;Pemba;Pemba;Pemba;Pemba;Pemba;Pemba;Pemba;Pemba;Pemba;x
PROV1934;Unguja;Unguja;Unguja;Unguja;Unguja;Unguja;Unguja;Unguja;Unguja;Unguja;Unguja;Unguja;Unguja;x
PROV1935;Pangani;Pangani;Pangani;Pangani;Pangani;Pangani;Pangani;Pangani;Pangani;Pangani;Pangani;Pangani;Pangani;x
PROV1936;Mafia;Mafia;Mafia;Mafia;Mafia;Mafia;Mafia;Mafia;Mafia;Mafia;Mafia;Mafia;Mafia;x
PROV1937;Rufiji;Rufiji;Rufiji;Rufiji;Rufiji;Rufiji;Rufiji;Rufiji;Rufiji;Rufiji;Rufiji;Rufiji;Rufiji;x
PROV1938;Kilwa;Kilwa;Kilwa;Kilwa;Kilwa;Kilwa;Kilwa;Kilwa;Kilwa;Kilwa;Kilwa;Kilwa;Kilwa;x
PROV1939;Kerimba;Kerimba;Kerimba;Kerimba;Kerimba;Kerimba;Kerimba;Kerimba;Kerimba;Kerimba;Kerimba;Kerimba;Kerimba;x
PROV1940;Mozambique;Mozambique;Mozambique;Mozambique;Mozambique;Mozambique;Mozambique;Mozambique;Mozambique;Mozambique;Mozambique;Mozambique;Mozambique;x
PROV1941;Ngazija;Ngazija;Ngazija;Ngazija;Ngazija;Ngazija;Ngazija;Ngazija;Ngazija;Ngazija;Ngazija;Ngazija;Ngazija;x
PROV1942;Mwali;Mwali;Mwali;Mwali;Mwali;Mwali;Mwali;Mwali;Mwali;Mwali;Mwali;Mwali;Mwali;x
PROV1943;Nzwani;Nzwani;Nzwani;Nzwani;Nzwani;Nzwani;Nzwani;Nzwani;Nzwani;Nzwani;Nzwani;Nzwani;Nzwani;x
PROV1944;Maore;Maore;Maore;Maore;Maore;Maore;Maore;Maore;Maore;Maore;Maore;Maore;Maore;x
PROV1945;Angoche;Angoche;Angoche;Angoche;Angoche;Angoche;Angoche;Angoche;Angoche;Angoche;Angoche;Angoche;Angoche;x
PROV1946;Quelimane;Quelimane;Quelimane;Quelimane;Quelimane;Quelimane;Quelimane;Quelimane;Quelimane;Quelimane;Quelimane;Quelimane;Quelimane;x
PROV1947;Sofala;Sofala;Sofala;Sofala;Sofala;Sofala;Sofala;Sofala;Sofala;Sofala;Sofala;Sofala;Sofala;x
PROV1948;Tete;Tete;Tete;Tete;Tete;Tete;Tete;Tete;Tete;Tete;Tete;Tete;Tete;x
PROV1949;Inhambane;Inhambane;Inhambane;Inhambane;Inhambane;Inhambane;Inhambane;Inhambane;Inhambane;Inhambane;Inhambane;Inhambane;Inhambane;x
PROV1950;Gisaka;Gisaka;Gisaka;Gisaka;Gisaka;Gisaka;Gisaka;Gisaka;Gisaka;Gisaka;Gisaka;Gisaka;Gisaka;x
PROV1951;Mwanza;Mwanza;Mwanza;Mwanza;Mwanza;Mwanza;Mwanza;Mwanza;Mwanza;Mwanza;Mwanza;Mwanza;Mwanza;x
PROV1952;Masindi;Masindi;Masindi;Masindi;Masindi;Masindi;Masindi;Masindi;Masindi;Masindi;Masindi;Masindi;Masindi;x
PROV1953;Mubende;Mubende;Mubende;Mubende;Mubende;Mubende;Mubende;Mubende;Mubende;Mubende;Mubende;Mubende;Mubende;x
PROV1954;Buganda;Buganda;Buganda;Buganda;Buganda;Buganda;Buganda;Buganda;Buganda;Buganda;Buganda;Buganda;Buganda;x
PROV1955;Nakuru;Nakuru;Nakuru;Nakuru;Nakuru;Nakuru;Nakuru;Nakuru;Nakuru;Nakuru;Nakuru;Nakuru;Nakuru;x
PROV1956;Ukerewe;Ukerewe;Ukerewe;Ukerewe;Ukerewe;Ukerewe;Ukerewe;Ukerewe;Ukerewe;Ukerewe;Ukerewe;Ukerewe;Ukerewe;x
PROV1957;Manyikeni;Manyikeni;Manyikeni;Manyikeni;Manyikeni;Manyikeni;Manyikeni;Manyikeni;Manyikeni;Manyikeni;Manyikeni;Manyikeni;Manyikeni;x
PROV1958;Zimbabwe;Zimbabwe;Zimbabwe;Zimbabwe;Zimbabwe;Zimbabwe;Zimbabwe;Zimbabwe;Zimbabwe;Zimbabwe;Zimbabwe;Zimbabwe;Zimbabwe;x
PROV1959;Bumbusi;Bumbusi;Bumbusi;Bumbusi;Bumbusi;Bumbusi;Bumbusi;Bumbusi;Bumbusi;Bumbusi;Bumbusi;Bumbusi;Bumbusi;x
PROV1960;Mapungupwe;Mapungupwe;Mapungupwe;Mapungupwe;Mapungupwe;Mapungupwe;Mapungupwe;Mapungupwe;Mapungupwe;Mapungupwe;Mapungupwe;Mapungupwe;Mapungupwe;x
PROV1961;Ujiji;Ujiji;Ujiji;Ujiji;Ujiji;Ujiji;Ujiji;Ujiji;Ujiji;Ujiji;Ujiji;Ujiji;Ujiji;x
PROV1962;Mankhamba;Mankhamba;Mankhamba;Mankhamba;Mankhamba;Mankhamba;Mankhamba;Mankhamba;Mankhamba;Mankhamba;Mankhamba;Mankhamba;Mankhamba;x
PROV1963;Zvongombe;Zvongombe;Zvongombe;Zvongombe;Zvongombe;Zvongombe;Zvongombe;Zvongombe;Zvongombe;Zvongombe;Zvongombe;Zvongombe;Zvongombe;x
PROV1964;Chidzurgwe;Chidzurgwe;Chidzurgwe;Chidzurgwe;Chidzurgwe;Chidzurgwe;Chidzurgwe;Chidzurgwe;Chidzurgwe;Chidzurgwe;Chidzurgwe;Chidzurgwe;Chidzurgwe;x
PROV1965;Milanzi;Milanzi;Milanzi;Milanzi;Milanzi;Milanzi;Milanzi;Milanzi;Milanzi;Milanzi;Milanzi;Milanzi;Milanzi;x
PROV1966;Singida;Singida;Singida;Singida;Singida;Singida;Singida;Singida;Singida;Singida;Singida;Singida;Singida;x
PROV1967;Nkhata;Nkhata;Nkhata;Nkhata;Nkhata;Nkhata;Nkhata;Nkhata;Nkhata;Nkhata;Nkhata;Nkhata;Nkhata;x
PROV1968;Legunda;Legunda;Legunda;Legunda;Legunda;Legunda;Legunda;Legunda;Legunda;Legunda;Legunda;Legunda;Legunda;x
PROV1969;Onon;Onon;Onon;Onon;Onon;Onon;Onon;Onon;Onon;Onon;Onon;Onon;Onon;x
PROV1970;Kerlen;Kerlen;Kerlen;Kerlen;Kerlen;Kerlen;Kerlen;Kerlen;Kerlen;Kerlen;Kerlen;Kerlen;Kerlen;x
PROV1971;Khan Khentii;Khan Khentii;Khan Khentii;Khan Khentii;Khan Khentii;Khan Khentii;Khan Khentii;Khan Khentii;Khan Khentii;Khan Khentii;Khan Khentii;Khan Khentii;Khan Khentii;x
PROV1972;Tuul;Tuul;Tuul;Tuul;Tuul;Tuul;Tuul;Tuul;Tuul;Tuul;Tuul;Tuul;Tuul;x
PROV1973;Selenge;Selenge;Selenge;Selenge;Selenge;Selenge;Selenge;Selenge;Selenge;Selenge;Selenge;Selenge;Selenge;x
PROV1974;Karakorum;Karakorum;Karakorum;Karakorum;Karakorum;Karakorum;Karakorum;Karakorum;Karakorum;Karakorum;Karakorum;Karakorum;Karakorum;x
PROV1975;Dalai Eej;Dalai Eej;Dalai Eej;Dalai Eej;Dalai Eej;Dalai Eej;Dalai Eej;Dalai Eej;Dalai Eej;Dalai Eej;Dalai Eej;Dalai Eej;Dalai Eej;x
PROV1976;Arkhangai;Arkhangai;Arkhangai;Arkhangai;Arkhangai;Arkhangai;Arkhangai;Arkhangai;Arkhangai;Arkhangai;Arkhangai;Arkhangai;Arkhangai;x
PROV1977;Uvurkhangai;Uvurkhangai;Uvurkhangai;Uvurkhangai;Uvurkhangai;Uvurkhangai;Uvurkhangai;Uvurkhangai;Uvurkhangai;Uvurkhangai;Uvurkhangai;Uvurkhangai;Uvurkhangai;x
PROV1978;Telmen;Telmen;Telmen;Telmen;Telmen;Telmen;Telmen;Telmen;Telmen;Telmen;Telmen;Telmen;Telmen;x
PROV1979;Uliastai;Uliastai;Uliastai;Uliastai;Uliastai;Uliastai;Uliastai;Uliastai;Uliastai;Uliastai;Uliastai;Uliastai;Uliastai;x
PROV1980;Ubs;Ubs;Ubs;Ubs;Ubs;Ubs;Ubs;Ubs;Ubs;Ubs;Ubs;Ubs;Ubs;x
PROV1981;Hyargas;Hyargas;Hyargas;Hyargas;Hyargas;Hyargas;Hyargas;Hyargas;Hyargas;Hyargas;Hyargas;Hyargas;Hyargas;x
PROV1982;Zavhan;Zavhan;Zavhan;Zavhan;Zavhan;Zavhan;Zavhan;Zavhan;Zavhan;Zavhan;Zavhan;Zavhan;Zavhan;x
PROV1983;Eej Khairhan;Eej Khairhan;Eej Khairhan;Eej Khairhan;Eej Khairhan;Eej Khairhan;Eej Khairhan;Eej Khairhan;Eej Khairhan;Eej Khairhan;Eej Khairhan;Eej Khairhan;Eej Khairhan;x
PROV1984;Umnugobi;Umnugobi;Umnugobi;Umnugobi;Umnugobi;Umnugobi;Umnugobi;Umnugobi;Umnugobi;Umnugobi;Umnugobi;Umnugobi;Umnugobi;x
PROV1985;Dornogobi;Dornogobi;Dornogobi;Dornogobi;Dornogobi;Dornogobi;Dornogobi;Dornogobi;Dornogobi;Dornogobi;Dornogobi;Dornogobi;Dornogobi;x
PROV1986;Khara Narin Ula;Khara Narin Ula;Khara Narin Ula;Khara Narin Ula;Khara Narin Ula;Khara Narin Ula;Khara Narin Ula;Khara Narin Ula;Khara Narin Ula;Khara Narin Ula;Khara Narin Ula;Khara Narin Ula;Khara Narin Ula;x
PROV1987;Saihan Tal;Saihan Tal;Saihan Tal;Saihan Tal;Saihan Tal;Saihan Tal;Saihan Tal;Saihan Tal;Saihan Tal;Saihan Tal;Saihan Tal;Saihan Tal;Saihan Tal;x
PROV1988;Tsagaan;Tsagaan;Tsagaan;Tsagaan;Tsagaan;Tsagaan;Tsagaan;Tsagaan;Tsagaan;Tsagaan;Tsagaan;Tsagaan;Tsagaan;x
PROV1989;Hovd;Hovd;Hovd;Hovd;Hovd;Hovd;Hovd;Hovd;Hovd;Hovd;Hovd;Hovd;Hovd;x
PROV1990;Ulgii;Ulgii;Ulgii;Ulgii;Ulgii;Ulgii;Ulgii;Ulgii;Ulgii;Ulgii;Ulgii;Ulgii;Ulgii;x
PROV1991;Urungu;Urungu;Urungu;Urungu;Urungu;Urungu;Urungu;Urungu;Urungu;Urungu;Urungu;Urungu;Urungu;x
PROV1992;Erchis;Erchis;Erchis;Erchis;Erchis;Erchis;Erchis;Erchis;Erchis;Erchis;Erchis;Erchis;Erchis;x
PROV1993;Zaysan;Zaysan;Zaysan;Zaysan;Zaysan;Zaysan;Zaysan;Zaysan;Zaysan;Zaysan;Zaysan;Zaysan;Zaysan;x
PROV1994;Katun;Katun;Katun;Katun;Katun;Katun;Katun;Katun;Katun;Katun;Katun;Katun;Katun;x
PROV1995;Biya;Biya;Biya;Biya;Biya;Biya;Biya;Biya;Biya;Biya;Biya;Biya;Biya;x
PROV1996;Bargu;Bargu;Bargu;Bargu;Bargu;Bargu;Bargu;Bargu;Bargu;Bargu;Bargu;Bargu;Bargu;x
PROV1997;Chukhe;Chukhe;Chukhe;Chukhe;Chukhe;Chukhe;Chukhe;Chukhe;Chukhe;Chukhe;Chukhe;Chukhe;Chukhe;x
PROV1998;Tayichiud;Tayichiud;Tayichiud;Tayichiud;Tayichiud;Tayichiud;Tayichiud;Tayichiud;Tayichiud;Tayichiud;Tayichiud;Tayichiud;Tayichiud;x
PROV1999;Ergun;Ergun;Ergun;Ergun;Ergun;Ergun;Ergun;Ergun;Ergun;Ergun;Ergun;Ergun;Ergun;x
PROV2000;Hulun Buir;Hulun Buir;Hulun Buir;Hulun Buir;Hulun Buir;Hulun Buir;Hulun Buir;Hulun Buir;Hulun Buir;Hulun Buir;Hulun Buir;Hulun Buir;Hulun Buir;x
PROV2001;Irtysh;Irtysh;Irtysh;Irtysh;Irtysh;Irtysh;Irtysh;Irtysh;Irtysh;Irtysh;Irtysh;Irtysh;Irtysh;x
PROV2002;Tuva;Tuva;Tuva;Tuva;Tuva;Tuva;Tuva;Tuva;Tuva;Tuva;Tuva;Tuva;Tuva;x
PROV2003;Yenisei;Yenisei;Yenisei;Yenisei;Yenisei;Yenisei;Yenisei;Yenisei;Yenisei;Yenisei;Yenisei;Yenisei;Yenisei;x
PROV2004;Chulym;Chulym;Chulym;Chulym;Chulym;Chulym;Chulym;Chulym;Chulym;Chulym;Chulym;Chulym;Chulym;x
PROV2005;Kan;Kan;Kan;Kan;Kan;Kan;Kan;Kan;Kan;Kan;Kan;Kan;Kan;x
PROV2006;Elyu Ene;Elyu Ene;Elyu Ene;Elyu Ene;Elyu Ene;Elyu Ene;Elyu Ene;Elyu Ene;Elyu Ene;Elyu Ene;Elyu Ene;Elyu Ene;Elyu Ene;x
PROV2007;Erkhuu;Erkhuu;Erkhuu;Erkhuu;Erkhuu;Erkhuu;Erkhuu;Erkhuu;Erkhuu;Erkhuu;Erkhuu;Erkhuu;Erkhuu;x
PROV2008;Angara;Angara;Angara;Angara;Angara;Angara;Angara;Angara;Angara;Angara;Angara;Angara;Angara;x
PROV2009;Dab-lit;Dab-lit;Dab-lit;Dab-lit;Dab-lit;Dab-lit;Dab-lit;Dab-lit;Dab-lit;Dab-lit;Dab-lit;Dab-lit;Dab-lit;x
PROV2010;Lungh-tungh;Lungh-tungh;Lungh-tungh;Lungh-tungh;Lungh-tungh;Lungh-tungh;Lungh-tungh;Lungh-tungh;Lungh-tungh;Lungh-tungh;Lungh-tungh;Lungh-tungh;Lungh-tungh;x
PROV2011; 'yoi-chriox; 'yoi-chriox; 'yoi-chriox; 'yoi-chriox; 'yoi-chriox; 'yoi-chriox; 'yoi-chriox; 'yoi-chriox; 'yoi-chriox; 'yoi-chriox; 'yoi-chriox; 'yoi-chriox; 'yoi-chriox;x
PROV2012;Kianh-chjang;Kianh-chjang;Kianh-chjang;Kianh-chjang;Kianh-chjang;Kianh-chjang;Kianh-chjang;Kianh-chjang;Kianh-chjang;Kianh-chjang;Kianh-chjang;Kianh-chjang;Kianh-chjang;x
PROV2013;Ghuad-chjyen;Ghuad-chjyen;Ghuad-chjyen;Ghuad-chjyen;Ghuad-chjyen;Ghuad-chjyen;Ghuad-chjyen;Ghuad-chjyen;Ghuad-chjyen;Ghuad-chjyen;Ghuad-chjyen;Ghuad-chjyen;Ghuad-chjyen;x
PROV2014;Liu-thuungh;Liu-thuungh;Liu-thuungh;Liu-thuungh;Liu-thuungh;Liu-thuungh;Liu-thuungh;Liu-thuungh;Liu-thuungh;Liu-thuungh;Liu-thuungh;Liu-thuungh;Liu-thuungh;x
PROV2015;Zjenx-giox;Zjenx-giox;Zjenx-giox;Zjenx-giox;Zjenx-giox;Zjenx-giox;Zjenx-giox;Zjenx-giox;Zjenx-giox;Zjenx-giox;Zjenx-giox;Zjenx-giox;Zjenx-giox;x
PROV2016;Tung-chjyen;Tung-chjyen;Tung-chjyen;Tung-chjyen;Tung-chjyen;Tung-chjyen;Tung-chjyen;Tung-chjyen;Tung-chjyen;Tung-chjyen;Tung-chjyen;Tung-chjyen;Tung-chjyen;x
PROV2017;Zjenx-chjenx;Zjenx-chjenx;Zjenx-chjenx;Zjenx-chjenx;Zjenx-chjenx;Zjenx-chjenx;Zjenx-chjenx;Zjenx-chjenx;Zjenx-chjenx;Zjenx-chjenx;Zjenx-chjenx;Zjenx-chjenx;Zjenx-chjenx;x
PROV2018;Zjek-zjeng;Zjek-zjeng;Zjek-zjeng;Zjek-zjeng;Zjek-zjeng;Zjek-zjeng;Zjek-zjeng;Zjek-zjeng;Zjek-zjeng;Zjek-zjeng;Zjek-zjeng;Zjek-zjeng;Zjek-zjeng;x
PROV2019;Cuad-neng;Cuad-neng;Cuad-neng;Cuad-neng;Cuad-neng;Cuad-neng;Cuad-neng;Cuad-neng;Cuad-neng;Cuad-neng;Cuad-neng;Cuad-neng;Cuad-neng;x
PROV2020;Siuh-sren;Siuh-sren;Siuh-sren;Siuh-sren;Siuh-sren;Siuh-sren;Siuh-sren;Siuh-sren;Siuh-sren;Siuh-sren;Siuh-sren;Siuh-sren;Siuh-sren;x
PROV2021;Yengx-chjang;Yengx-chjang;Yengx-chjang;Yengx-chjang;Yengx-chjang;Yengx-chjang;Yengx-chjang;Yengx-chjang;Yengx-chjang;Yengx-chjang;Yengx-chjang;Yengx-chjang;Yengx-chjang;x
PROV2022;Dong-driung;Dong-driung;Dong-driung;Dong-driung;Dong-driung;Dong-driung;Dong-driung;Dong-driung;Dong-driung;Dong-driung;Dong-driung;Dong-driung;Dong-driung;x
PROV2023;Ling;Ling;Ling;Ling;Ling;Ling;Ling;Ling;Ling;Ling;Ling;Ling;Ling;x
PROV2024;Wei;Wei;Wei;Wei;Wei;Wei;Wei;Wei;Wei;Wei;Wei;Wei;Wei;x
PROV2025;Xia;Xia;Xia;Xia;Xia;Xia;Xia;Xia;Xia;Xia;Xia;Xia;Xia;x
PROV2026;Yan;Yan;Yan;Yan;Yan;Yan;Yan;Yan;Yan;Yan;Yan;Yan;Yan;x
PROV2027;You;You;You;You;You;You;You;You;You;You;You;You;You;x
PROV2028;Yin;Yin;Yin;Yin;Yin;Yin;Yin;Yin;Yin;Yin;Yin;Yin;Yin;x
PROV2029;Liang;Liang;Liang;Liang;Liang;Liang;Liang;Liang;Liang;Liang;Liang;Liang;Liang;x
PROV2030;Gan;Gan;Gan;Gan;Gan;Gan;Gan;Gan;Gan;Gan;Gan;Gan;Gan;x
PROV2031;Eji Nai;Eji Nai;Eji Nai;Eji Nai;Eji Nai;Eji Nai;Eji Nai;Eji Nai;Eji Nai;Eji Nai;Eji Nai;Eji Nai;Eji Nai;x
PROV2032;Brak-mra;Brak-mra;Brak-mra;Brak-mra;Brak-mra;Brak-mra;Brak-mra;Brak-mra;Brak-mra;Brak-mra;Brak-mra;Brak-mra;Brak-mra;x
PROV2033;Hok-sren;Hok-sren;Hok-sren;Hok-sren;Hok-sren;Hok-sren;Hok-sren;Hok-sren;Hok-sren;Hok-sren;Hok-sren;Hok-sren;Hok-sren;x
PROV2034;Iux-siang;Iux-siang;Iux-siang;Iux-siang;Iux-siang;Iux-siang;Iux-siang;Iux-siang;Iux-siang;Iux-siang;Iux-siang;Iux-siang;Iux-siang;x
PROV2035;You;You;You;You;You;You;You;You;You;You;You;You;You;x
PROV2036;Ping;Ping;Ping;Ping;Ping;Ping;Ping;Ping;Ping;Ping;Ping;Ping;Ping;x
PROV2037;Ji;Ji;Ji;Ji;Ji;Ji;Ji;Ji;Ji;Ji;Ji;Ji;Ji;x
PROV2038;Dan;Dan;Dan;Dan;Dan;Dan;Dan;Dan;Dan;Dan;Dan;Dan;Dan;x
PROV2039;Gui;Gui;Gui;Gui;Gui;Gui;Gui;Gui;Gui;Gui;Gui;Gui;Gui;x
PROV2040;Yi;Yi;Yi;Yi;Yi;Yi;Yi;Yi;Yi;Yi;Yi;Yi;Yi;x
PROV2041;Yun;Yun;Yun;Yun;Yun;Yun;Yun;Yun;Yun;Yun;Yun;Yun;Yun;x
PROV2042;Shuo;Shuo;Shuo;Shuo;Shuo;Shuo;Shuo;Shuo;Shuo;Shuo;Shuo;Shuo;Shuo;x
PROV2043;Ying;Ying;Ying;Ying;Ying;Ying;Ying;Ying;Ying;Ying;Ying;Ying;Ying;x
PROV2044;Wei;Wei;Wei;Wei;Wei;Wei;Wei;Wei;Wei;Wei;Wei;Wei;Wei;x
PROV2045;Dading;Dading;Dading;Dading;Dading;Dading;Dading;Dading;Dading;Dading;Dading;Dading;Dading;x
PROV2046;Ba;Ba;Ba;Ba;Ba;Ba;Ba;Ba;Ba;Ba;Ba;Ba;Ba;x
PROV2047;Jin;Jin;Jin;Jin;Jin;Jin;Jin;Jin;Jin;Jin;Jin;Jin;Jin;x
PROV2048;Zong;Zong;Zong;Zong;Zong;Zong;Zong;Zong;Zong;Zong;Zong;Zong;Zong;x
PROV2049;Xian;Xian;Xian;Xian;Xian;Xian;Xian;Xian;Xian;Xian;Xian;Xian;Xian;x
PROV2050;Yi;Yi;Yi;Yi;Yi;Yi;Yi;Yi;Yi;Yi;Yi;Yi;Yi;x
PROV2051;Liaoyang;Liaoyang;Liaoyang;Liaoyang;Liaoyang;Liaoyang;Liaoyang;Liaoyang;Liaoyang;Liaoyang;Liaoyang;Liaoyang;Liaoyang;x
PROV2052;Shen;Shen;Shen;Shen;Shen;Shen;Shen;Shen;Shen;Shen;Shen;Shen;Shen;x
PROV2053;Xian;Xian;Xian;Xian;Xian;Xian;Xian;Xian;Xian;Xian;Xian;Xian;Xian;x
PROV2054;Fu;Fu;Fu;Fu;Fu;Fu;Fu;Fu;Fu;Fu;Fu;Fu;Fu;x
PROV2055;Manju;Manju;Manju;Manju;Manju;Manju;Manju;Manju;Manju;Manju;Manju;Manju;Manju;x
PROV2056;Phiung;Phiung;Phiung;Phiung;Phiung;Phiung;Phiung;Phiung;Phiung;Phiung;Phiung;Phiung;Phiung;x
PROV2057;Sjingh;Sjingh;Sjingh;Sjingh;Sjingh;Sjingh;Sjingh;Sjingh;Sjingh;Sjingh;Sjingh;Sjingh;Sjingh;x
PROV2058;Ghuan;Ghuan;Ghuan;Ghuan;Ghuan;Ghuan;Ghuan;Ghuan;Ghuan;Ghuan;Ghuan;Ghuan;Ghuan;x
PROV2059;Then-tok;Then-tok;Then-tok;Then-tok;Then-tok;Then-tok;Then-tok;Then-tok;Then-tok;Then-tok;Then-tok;Then-tok;Then-tok;x
PROV2060;Lim-ghuang;Lim-ghuang;Lim-ghuang;Lim-ghuang;Lim-ghuang;Lim-ghuang;Lim-ghuang;Lim-ghuang;Lim-ghuang;Lim-ghuang;Lim-ghuang;Lim-ghuang;Lim-ghuang;x
PROV2061;Kashgar;Kashgar;Kashgar;Kashgar;Kashgar;Kashgar;Kashgar;Kashgar;Kashgar;Kashgar;Kashgar;Kashgar;Kashgar;x
PROV2062;Karghalik;Karghalik;Karghalik;Karghalik;Karghalik;Karghalik;Karghalik;Karghalik;Karghalik;Karghalik;Karghalik;Karghalik;Karghalik;x
PROV2063;Hotan;Hotan;Hotan;Hotan;Hotan;Hotan;Hotan;Hotan;Hotan;Hotan;Hotan;Hotan;Hotan;x
PROV2064;Kucha;Kucha;Kucha;Kucha;Kucha;Kucha;Kucha;Kucha;Kucha;Kucha;Kucha;Kucha;Kucha;x
PROV2065;Karasahr;Karasahr;Karasahr;Karasahr;Karasahr;Karasahr;Karasahr;Karasahr;Karasahr;Karasahr;Karasahr;Karasahr;Karasahr;x
PROV2066;Turpan;Turpan;Turpan;Turpan;Turpan;Turpan;Turpan;Turpan;Turpan;Turpan;Turpan;Turpan;Turpan;x
PROV2067;Urumqi;Urumqi;Urumqi;Urumqi;Urumqi;Urumqi;Urumqi;Urumqi;Urumqi;Urumqi;Urumqi;Urumqi;Urumqi;x
PROV2068;Charklik;Charklik;Charklik;Charklik;Charklik;Charklik;Charklik;Charklik;Charklik;Charklik;Charklik;Charklik;Charklik;x
PROV2069;Miran;Miran;Miran;Miran;Miran;Miran;Miran;Miran;Miran;Miran;Miran;Miran;Miran;x
PROV2070;Loulan;Loulan;Loulan;Loulan;Loulan;Loulan;Loulan;Loulan;Loulan;Loulan;Loulan;Loulan;Loulan;x
PROV2071;Tumxuk;Tumxuk;Tumxuk;Tumxuk;Tumxuk;Tumxuk;Tumxuk;Tumxuk;Tumxuk;Tumxuk;Tumxuk;Tumxuk;Tumxuk;x
PROV2072;Yarkand;Yarkand;Yarkand;Yarkand;Yarkand;Yarkand;Yarkand;Yarkand;Yarkand;Yarkand;Yarkand;Yarkand;Yarkand;x
PROV2073;Keriya;Keriya;Keriya;Keriya;Keriya;Keriya;Keriya;Keriya;Keriya;Keriya;Keriya;Keriya;Keriya;x
PROV2074;Niya;Niya;Niya;Niya;Niya;Niya;Niya;Niya;Niya;Niya;Niya;Niya;Niya;x
PROV2075;Qarqan;Qarqan;Qarqan;Qarqan;Qarqan;Qarqan;Qarqan;Qarqan;Qarqan;Qarqan;Qarqan;Qarqan;Qarqan;x
PROV2076;Balasagun;Balasagun;Balasagun;Balasagun;Balasagun;Balasagun;Balasagun;Balasagun;Balasagun;Balasagun;Balasagun;Balasagun;Balasagun;x
PROV2077;Talas;Talas;Talas;Talas;Talas;Talas;Talas;Talas;Talas;Talas;Talas;Talas;Talas;x
PROV2078;Sra;Sra;Sra;Sra;Sra;Sra;Sra;Sra;Sra;Sra;Sra;Sra;Sra;x
PROV2079;Su;Su;Su;Su;Su;Su;Su;Su;Su;Su;Su;Su;Su;x
PROV2080;Uzgen;Uzgen;Uzgen;Uzgen;Uzgen;Uzgen;Uzgen;Uzgen;Uzgen;Uzgen;Uzgen;Uzgen;Uzgen;x
PROV2081;Almalik;Almalik;Almalik;Almalik;Almalik;Almalik;Almalik;Almalik;Almalik;Almalik;Almalik;Almalik;Almalik;x
PROV2082;Kuldja;Kuldja;Kuldja;Kuldja;Kuldja;Kuldja;Kuldja;Kuldja;Kuldja;Kuldja;Kuldja;Kuldja;Kuldja;x
PROV2083;Kumul;Kumul;Kumul;Kumul;Kumul;Kumul;Kumul;Kumul;Kumul;Kumul;Kumul;Kumul;Kumul;x
PROV2084;Barkul;Barkul;Barkul;Barkul;Barkul;Barkul;Barkul;Barkul;Barkul;Barkul;Barkul;Barkul;Barkul;x
PROV2085;Kokand;Kokand;Kokand;Kokand;Kokand;Kokand;Kokand;Kokand;Kokand;Kokand;Kokand;Kokand;Kokand;x
PROV2086;Chuguchak;Chuguchak;Chuguchak;Chuguchak;Chuguchak;Chuguchak;Chuguchak;Chuguchak;Chuguchak;Chuguchak;Chuguchak;Chuguchak;Chuguchak;x
PROV2087;Aksu;Aksu;Aksu;Aksu;Aksu;Aksu;Aksu;Aksu;Aksu;Aksu;Aksu;Aksu;Aksu;x
PROV2088;Panjakent;Panjakent;Panjakent;Panjakent;Panjakent;Panjakent;Panjakent;Panjakent;Panjakent;Panjakent;Panjakent;Panjakent;Panjakent;x
PROV2089;Otrar;Otrar;Otrar;Otrar;Otrar;Otrar;Otrar;Otrar;Otrar;Otrar;Otrar;Otrar;Otrar;x
PROV2090;Kesh;Kesh;Kesh;Kesh;Kesh;Kesh;Kesh;Kesh;Kesh;Kesh;Kesh;Kesh;Kesh;x
PROV2091;Krua;Krua;Krua;Krua;Krua;Krua;Krua;Krua;Krua;Krua;Krua;Krua;Krua;x
PROV2092;Barskhan;Barskhan;Barskhan;Barskhan;Barskhan;Barskhan;Barskhan;Barskhan;Barskhan;Barskhan;Barskhan;Barskhan;Barskhan;x
PROV2093;Talkhiz;Talkhiz;Talkhiz;Talkhiz;Talkhiz;Talkhiz;Talkhiz;Talkhiz;Talkhiz;Talkhiz;Talkhiz;Talkhiz;Talkhiz;x
PROV2094;Almatu;Almatu;Almatu;Almatu;Almatu;Almatu;Almatu;Almatu;Almatu;Almatu;Almatu;Almatu;Almatu;x
PROV2095;Osh;Osh;Osh;Osh;Osh;Osh;Osh;Osh;Osh;Osh;Osh;Osh;Osh;x
PROV2096;Andijan;Andijan;Andijan;Andijan;Andijan;Andijan;Andijan;Andijan;Andijan;Andijan;Andijan;Andijan;Andijan;x
PROV2097;Kara Khoja;Kara Khoja;Kara Khoja;Kara Khoja;Kara Khoja;Kara Khoja;Kara Khoja;Kara Khoja;Kara Khoja;Kara Khoja;Kara Khoja;Kara Khoja;Kara Khoja;x
PROV2098;Chinchi Talas;Chinchi Talas;Chinchi Talas;Chinchi Talas;Chinchi Talas;Chinchi Talas;Chinchi Talas;Chinchi Talas;Chinchi Talas;Chinchi Talas;Chinchi Talas;Chinchi Talas;Chinchi Talas;x
PROV2099;Karamergen;Karamergen;Karamergen;Karamergen;Karamergen;Karamergen;Karamergen;Karamergen;Karamergen;Karamergen;Karamergen;Karamergen;Karamergen;x
PROV2100;Navikat;Navikat;Navikat;Navikat;Navikat;Navikat;Navikat;Navikat;Navikat;Navikat;Navikat;Navikat;Navikat;x
PROV2101;Saudakent;Saudakent;Saudakent;Saudakent;Saudakent;Saudakent;Saudakent;Saudakent;Saudakent;Saudakent;Saudakent;Saudakent;Saudakent;x
PROV2102;Kumkent;Kumkent;Kumkent;Kumkent;Kumkent;Kumkent;Kumkent;Kumkent;Kumkent;Kumkent;Kumkent;Kumkent;Kumkent;x
PROV2103;Ispindjab;Ispindjab;Ispindjab;Ispindjab;Ispindjab;Ispindjab;Ispindjab;Ispindjab;Ispindjab;Ispindjab;Ispindjab;Ispindjab;Ispindjab;x
PROV2104;Shavgar;Shavgar;Shavgar;Shavgar;Shavgar;Shavgar;Shavgar;Shavgar;Shavgar;Shavgar;Shavgar;Shavgar;Shavgar;x
PROV2105;Sutkent;Sutkent;Sutkent;Sutkent;Sutkent;Sutkent;Sutkent;Sutkent;Sutkent;Sutkent;Sutkent;Sutkent;Sutkent;x
PROV2106;Gijduvan;Gijduvan;Gijduvan;Gijduvan;Gijduvan;Gijduvan;Gijduvan;Gijduvan;Gijduvan;Gijduvan;Gijduvan;Gijduvan;Gijduvan;x
PROV2107;Syghnak;Syghnak;Syghnak;Syghnak;Syghnak;Syghnak;Syghnak;Syghnak;Syghnak;Syghnak;Syghnak;Syghnak;Syghnak;x
PROV2108;Orda Bazar;Orda Bazar;Orda Bazar;Orda Bazar;Orda Bazar;Orda Bazar;Orda Bazar;Orda Bazar;Orda Bazar;Orda Bazar;Orda Bazar;Orda Bazar;Orda Bazar;x
PROV2109;Chirik Rabat;Chirik Rabat;Chirik Rabat;Chirik Rabat;Chirik Rabat;Chirik Rabat;Chirik Rabat;Chirik Rabat;Chirik Rabat;Chirik Rabat;Chirik Rabat;Chirik Rabat;Chirik Rabat;x
PROV2110;Urgench;Urgench;Urgench;Urgench;Urgench;Urgench;Urgench;Urgench;Urgench;Urgench;Urgench;Urgench;Urgench;x
PROV2111;Imakia;Imakia;Imakia;Imakia;Imakia;Imakia;Imakia;Imakia;Imakia;Imakia;Imakia;Imakia;Imakia;x
PROV2112;Qi;Qi;Qi;Qi;Qi;Qi;Qi;Qi;Qi;Qi;Qi;Qi;Qi;x
PROV2113;Zi;Zi;Zi;Zi;Zi;Zi;Zi;Zi;Zi;Zi;Zi;Zi;Zi;x
PROV2114;Qing;Qing;Qing;Qing;Qing;Qing;Qing;Qing;Qing;Qing;Qing;Qing;Qing;x
PROV2115;Deng;Deng;Deng;Deng;Deng;Deng;Deng;Deng;Deng;Deng;Deng;Deng;Deng;x
PROV2116;Lai;Lai;Lai;Lai;Lai;Lai;Lai;Lai;Lai;Lai;Lai;Lai;Lai;x
PROV2117;Mi;Mi;Mi;Mi;Mi;Mi;Mi;Mi;Mi;Mi;Mi;Mi;Mi;x
PROV2118;Yun;Yun;Yun;Yun;Yun;Yun;Yun;Yun;Yun;Yun;Yun;Yun;Yun;x
PROV2119;Yan;Yan;Yan;Yan;Yan;Yan;Yan;Yan;Yan;Yan;Yan;Yan;Yan;x
PROV2120;Yi;Yi;Yi;Yi;Yi;Yi;Yi;Yi;Yi;Yi;Yi;Yi;Yi;x
PROV2121;Ji;Ji;Ji;Ji;Ji;Ji;Ji;Ji;Ji;Ji;Ji;Ji;Ji;x
PROV2122;Xu;Xu;Xu;Xu;Xu;Xu;Xu;Xu;Xu;Xu;Xu;Xu;Xu;x
PROV2123;Song;Song;Song;Song;Song;Song;Song;Song;Song;Song;Song;Song;Song;x
PROV2124;Hai;Hai;Hai;Hai;Hai;Hai;Hai;Hai;Hai;Hai;Hai;Hai;Hai;x
PROV2125;Bo;Bo;Bo;Bo;Bo;Bo;Bo;Bo;Bo;Bo;Bo;Bo;Bo;x
PROV2126;Su;Su;Su;Su;Su;Su;Su;Su;Su;Su;Su;Su;Su;x
PROV2127;Chu;Chu;Chu;Chu;Chu;Chu;Chu;Chu;Chu;Chu;Chu;Chu;Chu;x
PROV2128;Tai;Tai;Tai;Tai;Tai;Tai;Tai;Tai;Tai;Tai;Tai;Tai;Tai;x
PROV2129;Yang;Yang;Yang;Yang;Yang;Yang;Yang;Yang;Yang;Yang;Yang;Yang;Yang;x
PROV2130;Shou;Shou;Shou;Shou;Shou;Shou;Shou;Shou;Shou;Shou;Shou;Shou;Shou;x
PROV2131;Guang;Guang;Guang;Guang;Guang;Guang;Guang;Guang;Guang;Guang;Guang;Guang;Guang;x
PROV2132;Huang;Huang;Huang;Huang;Huang;Huang;Huang;Huang;Huang;Huang;Huang;Huang;Huang;x
PROV2133;Shu;Shu;Shu;Shu;Shu;Shu;Shu;Shu;Shu;Shu;Shu;Shu;Shu;x
PROV2134;He;He;He;He;He;He;He;He;He;He;He;He;He;x
PROV2135;Gu;Gu;Gu;Gu;Gu;Gu;Gu;Gu;Gu;Gu;Gu;Gu;Gu;x
PROV2136;Bian;Bian;Bian;Bian;Bian;Bian;Bian;Bian;Bian;Bian;Bian;Bian;Bian;x
PROV2137;Si;Si;Si;Si;Si;Si;Si;Si;Si;Si;Si;Si;Si;x
PROV2138;Zheng;Zheng;Zheng;Zheng;Zheng;Zheng;Zheng;Zheng;Zheng;Zheng;Zheng;Zheng;Zheng;x
PROV2139;Ru;Ru;Ru;Ru;Ru;Ru;Ru;Ru;Ru;Ru;Ru;Ru;Ru;x
PROV2140;Xu;Xu;Xu;Xu;Xu;Xu;Xu;Xu;Xu;Xu;Xu;Xu;Xu;x
PROV2141;Chen;Chen;Chen;Chen;Chen;Chen;Chen;Chen;Chen;Chen;Chen;Chen;Chen;x
PROV2142;Ying;Ying;Ying;Ying;Ying;Ying;Ying;Ying;Ying;Ying;Ying;Ying;Ying;x
PROV2143;Cai;Cai;Cai;Cai;Cai;Cai;Cai;Cai;Cai;Cai;Cai;Cai;Cai;x
PROV2144;Sheng;Sheng;Sheng;Sheng;Sheng;Sheng;Sheng;Sheng;Sheng;Sheng;Sheng;Sheng;Sheng;x
PROV2145;Taiping;Taiping;Taiping;Taiping;Taiping;Taiping;Taiping;Taiping;Taiping;Taiping;Taiping;Taiping;Taiping;x
PROV2146;Chang;Chang;Chang;Chang;Chang;Chang;Chang;Chang;Chang;Chang;Chang;Chang;Chang;x
PROV2147;Su;Su;Su;Su;Su;Su;Su;Su;Su;Su;Su;Su;Su;x
PROV2148;Xiu;Xiu;Xiu;Xiu;Xiu;Xiu;Xiu;Xiu;Xiu;Xiu;Xiu;Xiu;Xiu;x
PROV2149;Hu;Hu;Hu;Hu;Hu;Hu;Hu;Hu;Hu;Hu;Hu;Hu;Hu;x
PROV2150;Hang;Hang;Hang;Hang;Hang;Hang;Hang;Hang;Hang;Hang;Hang;Hang;Hang;x
PROV2151;Mu;Mu;Mu;Mu;Mu;Mu;Mu;Mu;Mu;Mu;Mu;Mu;Mu;x
PROV2152;Yue;Yue;Yue;Yue;Yue;Yue;Yue;Yue;Yue;Yue;Yue;Yue;Yue;x
PROV2153;Tai;Tai;Tai;Tai;Tai;Tai;Tai;Tai;Tai;Tai;Tai;Tai;Tai;x
PROV2154;Wen;Wen;Wen;Wen;Wen;Wen;Wen;Wen;Wen;Wen;Wen;Wen;Wen;x
PROV2155;Chu;Chu;Chu;Chu;Chu;Chu;Chu;Chu;Chu;Chu;Chu;Chu;Chu;x
PROV2156;Qu;Qu;Qu;Qu;Qu;Qu;Qu;Qu;Qu;Qu;Qu;Qu;Qu;x
PROV2157;Xuan;Xuan;Xuan;Xuan;Xuan;Xuan;Xuan;Xuan;Xuan;Xuan;Xuan;Xuan;Xuan;x
PROV2158;Chi;Chi;Chi;Chi;Chi;Chi;Chi;Chi;Chi;Chi;Chi;Chi;Chi;x
PROV2159;She;She;She;She;She;She;She;She;She;She;She;She;She;x
PROV2160;Jiang;Jiang;Jiang;Jiang;Jiang;Jiang;Jiang;Jiang;Jiang;Jiang;Jiang;Jiang;Jiang;x
PROV2161;Rao;Rao;Rao;Rao;Rao;Rao;Rao;Rao;Rao;Rao;Rao;Rao;Rao;x
PROV2162;Xin;Xin;Xin;Xin;Xin;Xin;Xin;Xin;Xin;Xin;Xin;Xin;Xin;x
PROV2163;Xingguo;Xingguo;Xingguo;Xingguo;Xingguo;Xingguo;Xingguo;Xingguo;Xingguo;Xingguo;Xingguo;Xingguo;Xingguo;x
PROV2164;Hong;Hong;Hong;Hong;Hong;Hong;Hong;Hong;Hong;Hong;Hong;Hong;Hong;x
PROV2165;Fu;Fu;Fu;Fu;Fu;Fu;Fu;Fu;Fu;Fu;Fu;Fu;Fu;x
PROV2166;Ji;Ji;Ji;Ji;Ji;Ji;Ji;Ji;Ji;Ji;Ji;Ji;Ji;x
PROV2167;Qian;Qian;Qian;Qian;Qian;Qian;Qian;Qian;Qian;Qian;Qian;Qian;Qian;x
PROV2168;Fu;Fu;Fu;Fu;Fu;Fu;Fu;Fu;Fu;Fu;Fu;Fu;Fu;x
PROV2169;Jian;Jian;Jian;Jian;Jian;Jian;Jian;Jian;Jian;Jian;Jian;Jian;Jian;x
PROV2170;Nanjian;Nanjian;Nanjian;Nanjian;Nanjian;Nanjian;Nanjian;Nanjian;Nanjian;Nanjian;Nanjian;Nanjian;Nanjian;x
PROV2171;Ting;Ting;Ting;Ting;Ting;Ting;Ting;Ting;Ting;Ting;Ting;Ting;Ting;x
PROV2172;Quan;Quan;Quan;Quan;Quan;Quan;Quan;Quan;Quan;Quan;Quan;Quan;Quan;x
PROV2173;Zhang;Zhang;Zhang;Zhang;Zhang;Zhang;Zhang;Zhang;Zhang;Zhang;Zhang;Zhang;Zhang;x
PROV2174;Guang;Guang;Guang;Guang;Guang;Guang;Guang;Guang;Guang;Guang;Guang;Guang;Guang;x
PROV2175;Shao;Shao;Shao;Shao;Shao;Shao;Shao;Shao;Shao;Shao;Shao;Shao;Shao;x
PROV2176;Lian;Lian;Lian;Lian;Lian;Lian;Lian;Lian;Lian;Lian;Lian;Lian;Lian;x
PROV2177;Hui;Hui;Hui;Hui;Hui;Hui;Hui;Hui;Hui;Hui;Hui;Hui;Hui;x
PROV2178;Chao;Chao;Chao;Chao;Chao;Chao;Chao;Chao;Chao;Chao;Chao;Chao;Chao;x
PROV2179;Xun;Xun;Xun;Xun;Xun;Xun;Xun;Xun;Xun;Xun;Xun;Xun;Xun;x
PROV2180;Kang;Kang;Kang;Kang;Kang;Kang;Kang;Kang;Kang;Kang;Kang;Kang;Kang;x
PROV2181;Nanen;Nanen;Nanen;Nanen;Nanen;Nanen;Nanen;Nanen;Nanen;Nanen;Nanen;Nanen;Nanen;x
PROV2182;Lei;Lei;Lei;Lei;Lei;Lei;Lei;Lei;Lei;Lei;Lei;Lei;Lei;x
PROV2183;Qiong;Qiong;Qiong;Qiong;Qiong;Qiong;Qiong;Qiong;Qiong;Qiong;Qiong;Qiong;Qiong;x
PROV2184;Qin;Qin;Qin;Qin;Qin;Qin;Qin;Qin;Qin;Qin;Qin;Qin;Qin;x
PROV2185;Wu;Wu;Wu;Wu;Wu;Wu;Wu;Wu;Wu;Wu;Wu;Wu;Wu;x
PROV2186;Rong;Rong;Rong;Rong;Rong;Rong;Rong;Rong;Rong;Rong;Rong;Rong;Rong;x
PROV2187;Xiang;Xiang;Xiang;Xiang;Xiang;Xiang;Xiang;Xiang;Xiang;Xiang;Xiang;Xiang;Xiang;x
PROV2188;Yong;Yong;Yong;Yong;Yong;Yong;Yong;Yong;Yong;Yong;Yong;Yong;Yong;x
PROV2189;Gui;Gui;Gui;Gui;Gui;Gui;Gui;Gui;Gui;Gui;Gui;Gui;Gui;x
PROV2190;Rong;Rong;Rong;Rong;Rong;Rong;Rong;Rong;Rong;Rong;Rong;Rong;Rong;x
PROV2191;Yi;Yi;Yi;Yi;Yi;Yi;Yi;Yi;Yi;Yi;Yi;Yi;Yi;x
PROV2192;Tan;Tan;Tan;Tan;Tan;Tan;Tan;Tan;Tan;Tan;Tan;Tan;Tan;x
PROV2193;Shao;Shao;Shao;Shao;Shao;Shao;Shao;Shao;Shao;Shao;Shao;Shao;Shao;x
PROV2194;Heng;Heng;Heng;Heng;Heng;Heng;Heng;Heng;Heng;Heng;Heng;Heng;Heng;x
PROV2195;Chen;Chen;Chen;Chen;Chen;Chen;Chen;Chen;Chen;Chen;Chen;Chen;Chen;x
PROV2196;Quan;Quan;Quan;Quan;Quan;Quan;Quan;Quan;Quan;Quan;Quan;Quan;Quan;x
PROV2197;Wugang;Wugang;Wugang;Wugang;Wugang;Wugang;Wugang;Wugang;Wugang;Wugang;Wugang;Wugang;Wugang;x
PROV2198;Jing;Jing;Jing;Jing;Jing;Jing;Jing;Jing;Jing;Jing;Jing;Jing;Jing;x
PROV2199;An;An;An;An;An;An;An;An;An;An;An;An;An;x
PROV2200;E;E;E;E;E;E;E;E;E;E;E;E;E;x
PROV2201;Yue;Yue;Yue;Yue;Yue;Yue;Yue;Yue;Yue;Yue;Yue;Yue;Yue;x
PROV2202;Xia;Xia;Xia;Xia;Xia;Xia;Xia;Xia;Xia;Xia;Xia;Xia;Xia;x
PROV2203;Li;Li;Li;Li;Li;Li;Li;Li;Li;Li;Li;Li;Li;x
PROV2204;Ding;Ding;Ding;Ding;Ding;Ding;Ding;Ding;Ding;Ding;Ding;Ding;Ding;x
PROV2205;Chen;Chen;Chen;Chen;Chen;Chen;Chen;Chen;Chen;Chen;Chen;Chen;Chen;x
PROV2206;Yuan;Yuan;Yuan;Yuan;Yuan;Yuan;Yuan;Yuan;Yuan;Yuan;Yuan;Yuan;Yuan;x
PROV2207;Xiang;Xiang;Xiang;Xiang;Xiang;Xiang;Xiang;Xiang;Xiang;Xiang;Xiang;Xiang;Xiang;x
PROV2208;Ying;Ying;Ying;Ying;Ying;Ying;Ying;Ying;Ying;Ying;Ying;Ying;Ying;x
PROV2209;Tang;Tang;Tang;Tang;Tang;Tang;Tang;Tang;Tang;Tang;Tang;Tang;Tang;x
PROV2210;Deng;Deng;Deng;Deng;Deng;Deng;Deng;Deng;Deng;Deng;Deng;Deng;Deng;x
PROV2211;Jin;Jin;Jin;Jin;Jin;Jin;Jin;Jin;Jin;Jin;Jin;Jin;Jin;x
PROV2212;Kui;Kui;Kui;Kui;Kui;Kui;Kui;Kui;Kui;Kui;Kui;Kui;Kui;x
PROV2213;Da;Da;Da;Da;Da;Da;Da;Da;Da;Da;Da;Da;Da;x
PROV2214;Zhong;Zhong;Zhong;Zhong;Zhong;Zhong;Zhong;Zhong;Zhong;Zhong;Zhong;Zhong;Zhong;x
PROV2215;Gong;Gong;Gong;Gong;Gong;Gong;Gong;Gong;Gong;Gong;Gong;Gong;Gong;x
PROV2216;Zhen;Zhen;Zhen;Zhen;Zhen;Zhen;Zhen;Zhen;Zhen;Zhen;Zhen;Zhen;Zhen;x
PROV2217;Qian;Qian;Qian;Qian;Qian;Qian;Qian;Qian;Qian;Qian;Qian;Qian;Qian;x
PROV2218;Liang;Liang;Liang;Liang;Liang;Liang;Liang;Liang;Liang;Liang;Liang;Liang;Liang;x
PROV2219;Li;Li;Li;Li;Li;Li;Li;Li;Li;Li;Li;Li;Li;x
PROV2220;Ba;Ba;Ba;Ba;Ba;Ba;Ba;Ba;Ba;Ba;Ba;Ba;Ba;x
PROV2221;Lang;Lang;Lang;Lang;Lang;Lang;Lang;Lang;Lang;Lang;Lang;Lang;Lang;x
PROV2222;Jian;Jian;Jian;Jian;Jian;Jian;Jian;Jian;Jian;Jian;Jian;Jian;Jian;x
PROV2223;Qu;Qu;Qu;Qu;Qu;Qu;Qu;Qu;Qu;Qu;Qu;Qu;Qu;x
PROV2224;Zi;Zi;Zi;Zi;Zi;Zi;Zi;Zi;Zi;Zi;Zi;Zi;Zi;x
PROV2225;Ge;Ge;Ge;Ge;Ge;Ge;Ge;Ge;Ge;Ge;Ge;Ge;Ge;x
PROV2226;Pu;Pu;Pu;Pu;Pu;Pu;Pu;Pu;Pu;Pu;Pu;Pu;Pu;x
PROV2227;Zi;Zi;Zi;Zi;Zi;Zi;Zi;Zi;Zi;Zi;Zi;Zi;Zi;x
PROV2228;Rong;Rong;Rong;Rong;Rong;Rong;Rong;Rong;Rong;Rong;Rong;Rong;Rong;x
PROV2229;Lu;Lu;Lu;Lu;Lu;Lu;Lu;Lu;Lu;Lu;Lu;Lu;Lu;x
PROV2230;Xu;Xu;Xu;Xu;Xu;Xu;Xu;Xu;Xu;Xu;Xu;Xu;Xu;x
PROV2231;Mian;Mian;Mian;Mian;Mian;Mian;Mian;Mian;Mian;Mian;Mian;Mian;Mian;x
PROV2232;Mao;Mao;Mao;Mao;Mao;Mao;Mao;Mao;Mao;Mao;Mao;Mao;Mao;x
PROV2233;Han;Han;Han;Han;Han;Han;Han;Han;Han;Han;Han;Han;Han;x
PROV2234;Jian;Jian;Jian;Jian;Jian;Jian;Jian;Jian;Jian;Jian;Jian;Jian;Jian;x
PROV2235;Yi;Yi;Yi;Yi;Yi;Yi;Yi;Yi;Yi;Yi;Yi;Yi;Yi;x
PROV2236;Shu;Shu;Shu;Shu;Shu;Shu;Shu;Shu;Shu;Shu;Shu;Shu;Shu;x
PROV2237;Jia;Jia;Jia;Jia;Jia;Jia;Jia;Jia;Jia;Jia;Jia;Jia;Jia;x
PROV2238;Ya;Ya;Ya;Ya;Ya;Ya;Ya;Ya;Ya;Ya;Ya;Ya;Ya;x
PROV2239;Yong;Yong;Yong;Yong;Yong;Yong;Yong;Yong;Yong;Yong;Yong;Yong;Yong;x
PROV2240;Shang;Shang;Shang;Shang;Shang;Shang;Shang;Shang;Shang;Shang;Shang;Shang;Shang;x
PROV2241;Shan;Shan;Shan;Shan;Shan;Shan;Shan;Shan;Shan;Shan;Shan;Shan;Shan;x
PROV2242;Pu;Pu;Pu;Pu;Pu;Pu;Pu;Pu;Pu;Pu;Pu;Pu;Pu;x
PROV2243;Hua;Hua;Hua;Hua;Hua;Hua;Hua;Hua;Hua;Hua;Hua;Hua;Hua;x
PROV2244;Yao;Yao;Yao;Yao;Yao;Yao;Yao;Yao;Yao;Yao;Yao;Yao;Yao;x
PROV2245;Yan;Yan;Yan;Yan;Yan;Yan;Yan;Yan;Yan;Yan;Yan;Yan;Yan;x
PROV2246;Sui;Sui;Sui;Sui;Sui;Sui;Sui;Sui;Sui;Sui;Sui;Sui;Sui;x
PROV2247;Fu;Fu;Fu;Fu;Fu;Fu;Fu;Fu;Fu;Fu;Fu;Fu;Fu;x
PROV2248;Fang;Fang;Fang;Fang;Fang;Fang;Fang;Fang;Fang;Fang;Fang;Fang;Fang;x
PROV2249;Qing;Qing;Qing;Qing;Qing;Qing;Qing;Qing;Qing;Qing;Qing;Qing;Qing;x
PROV2250;Huan;Huan;Huan;Huan;Huan;Huan;Huan;Huan;Huan;Huan;Huan;Huan;Huan;x
PROV2251;Ning;Ning;Ning;Ning;Ning;Ning;Ning;Ning;Ning;Ning;Ning;Ning;Ning;x
PROV2252;Qi;Qi;Qi;Qi;Qi;Qi;Qi;Qi;Qi;Qi;Qi;Qi;Qi;x
PROV2253;Qin;Qin;Qin;Qin;Qin;Qin;Qin;Qin;Qin;Qin;Qin;Qin;Qin;x
PROV2254;Wei;Wei;Wei;Wei;Wei;Wei;Wei;Wei;Wei;Wei;Wei;Wei;Wei;x
PROV2255;Yuan;Yuan;Yuan;Yuan;Yuan;Yuan;Yuan;Yuan;Yuan;Yuan;Yuan;Yuan;Yuan;x
PROV2256;Lan;Lan;Lan;Lan;Lan;Lan;Lan;Lan;Lan;Lan;Lan;Lan;Lan;x
PROV2257;He;He;He;He;He;He;He;He;He;He;He;He;He;x
PROV2258;Huang;Huang;Huang;Huang;Huang;Huang;Huang;Huang;Huang;Huang;Huang;Huang;Huang;x
PROV2259;Shan;Shan;Shan;Shan;Shan;Shan;Shan;Shan;Shan;Shan;Shan;Shan;Shan;x
PROV2260;Feng;Feng;Feng;Feng;Feng;Feng;Feng;Feng;Feng;Feng;Feng;Feng;Feng;x
PROV2261;Jie;Jie;Jie;Jie;Jie;Jie;Jie;Jie;Jie;Jie;Jie;Jie;Jie;x
PROV2262;Min;Min;Min;Min;Min;Min;Min;Min;Min;Min;Min;Min;Min;x
PROV2263;Tao;Tao;Tao;Tao;Tao;Tao;Tao;Tao;Tao;Tao;Tao;Tao;Tao;x
PROV2264;Bing;Bing;Bing;Bing;Bing;Bing;Bing;Bing;Bing;Bing;Bing;Bing;Bing;x
PROV2265;Dai;Dai;Dai;Dai;Dai;Dai;Dai;Dai;Dai;Dai;Dai;Dai;Dai;x
PROV2266;Liao;Liao;Liao;Liao;Liao;Liao;Liao;Liao;Liao;Liao;Liao;Liao;Liao;x
PROV2267;Fen;Fen;Fen;Fen;Fen;Fen;Fen;Fen;Fen;Fen;Fen;Fen;Fen;x
PROV2268;Lu;Lu;Lu;Lu;Lu;Lu;Lu;Lu;Lu;Lu;Lu;Lu;Lu;x
PROV2269;Ze;Ze;Ze;Ze;Ze;Ze;Ze;Ze;Ze;Ze;Ze;Ze;Ze;x
PROV2270;Jiang;Jiang;Jiang;Jiang;Jiang;Jiang;Jiang;Jiang;Jiang;Jiang;Jiang;Jiang;Jiang;x
PROV2271;Jin;Jin;Jin;Jin;Jin;Jin;Jin;Jin;Jin;Jin;Jin;Jin;Jin;x
PROV2272;Xi;Xi;Xi;Xi;Xi;Xi;Xi;Xi;Xi;Xi;Xi;Xi;Xi;x
PROV2273;Dan;Dan;Dan;Dan;Dan;Dan;Dan;Dan;Dan;Dan;Dan;Dan;Dan;x
PROV2274;Lan;Lan;Lan;Lan;Lan;Lan;Lan;Lan;Lan;Lan;Lan;Lan;Lan;x
PROV2275;Lin;Lin;Lin;Lin;Lin;Lin;Lin;Lin;Lin;Lin;Lin;Lin;Lin;x
PROV2276;Fu;Fu;Fu;Fu;Fu;Fu;Fu;Fu;Fu;Fu;Fu;Fu;Fu;x
PROV2277;Wei;Wei;Wei;Wei;Wei;Wei;Wei;Wei;Wei;Wei;Wei;Wei;Wei;x
PROV2278;Huai;Huai;Huai;Huai;Huai;Huai;Huai;Huai;Huai;Huai;Huai;Huai;Huai;x
PROV2279;Wei;Wei;Wei;Wei;Wei;Wei;Wei;Wei;Wei;Wei;Wei;Wei;Wei;x
PROV2280;Chan;Chan;Chan;Chan;Chan;Chan;Chan;Chan;Chan;Chan;Chan;Chan;Chan;x
PROV2281;De;De;De;De;De;De;De;De;De;De;De;De;De;x
PROV2282;Di;Di;Di;Di;Di;Di;Di;Di;Di;Di;Di;Di;Di;x
PROV2283;Ying;Ying;Ying;Ying;Ying;Ying;Ying;Ying;Ying;Ying;Ying;Ying;Ying;x
PROV2284;Ji;Ji;Ji;Ji;Ji;Ji;Ji;Ji;Ji;Ji;Ji;Ji;Ji;x
PROV2285;Ba;Ba;Ba;Ba;Ba;Ba;Ba;Ba;Ba;Ba;Ba;Ba;Ba;x
PROV2286;Qing;Qing;Qing;Qing;Qing;Qing;Qing;Qing;Qing;Qing;Qing;Qing;Qing;x
PROV2287;Zhen;Zhen;Zhen;Zhen;Zhen;Zhen;Zhen;Zhen;Zhen;Zhen;Zhen;Zhen;Zhen;x
PROV2288;Zhao;Zhao;Zhao;Zhao;Zhao;Zhao;Zhao;Zhao;Zhao;Zhao;Zhao;Zhao;Zhao;x
PROV2289;Ming;Ming;Ming;Ming;Ming;Ming;Ming;Ming;Ming;Ming;Ming;Ming;Ming;x
PROV2290;Xiang;Xiang;Xiang;Xiang;Xiang;Xiang;Xiang;Xiang;Xiang;Xiang;Xiang;Xiang;Xiang;x
PROV2291;Ding;Ding;Ding;Ding;Ding;Ding;Ding;Ding;Ding;Ding;Ding;Ding;Ding;x
PROV2292;Bao;Bao;Bao;Bao;Bao;Bao;Bao;Bao;Bao;Bao;Bao;Bao;Bao;x
PROV2293;Shen;Shen;Shen;Shen;Shen;Shen;Shen;Shen;Shen;Shen;Shen;Shen;Shen;x
PROV2294;Bunun;Bunun;Bunun;Bunun;Bunun;Bunun;Bunun;Bunun;Bunun;Bunun;Bunun;Bunun;Bunun;x
PROV2295;Paiwan;Paiwan;Paiwan;Paiwan;Paiwan;Paiwan;Paiwan;Paiwan;Paiwan;Paiwan;Paiwan;Paiwan;Paiwan;x
PROV2296;Imphal;Imphal;Imphal;Imphal;Imphal;Imphal;Imphal;Imphal;Imphal;Imphal;Imphal;Imphal;Imphal;x
PROV2297;Srinagara;Srinagara;Srinagara;Srinagara;Srinagara;Srinagara;Srinagara;Srinagara;Srinagara;Srinagara;Srinagara;Srinagara;Srinagara;x
PROV2298;Jambupura;Jambupura;Jambupura;Jambupura;Jambupura;Jambupura;Jambupura;Jambupura;Jambupura;Jambupura;Jambupura;Jambupura;Jambupura;x
PROV2299;Pokhara;Pokhara;Pokhara;Pokhara;Pokhara;Pokhara;Pokhara;Pokhara;Pokhara;Pokhara;Pokhara;Pokhara;Pokhara;x
PROV2300;Bhaktapur;Bhaktapur;Bhaktapur;Bhaktapur;Bhaktapur;Bhaktapur;Bhaktapur;Bhaktapur;Bhaktapur;Bhaktapur;Bhaktapur;Bhaktapur;Bhaktapur;x
PROV2301;Seto Inland Sea;Seto Inland Sea;Seto Inland Sea;Seto Inland Sea;Seto Inland Sea;Seto Inland Sea;Seto Inland Sea;Seto Inland Sea;Seto Inland Sea;Seto Inland Sea;Seto Inland Sea;Seto Inland Sea;Seto Inland Sea;x
PROV2302;Izu Offshore;Izu Offshore;Izu Offshore;Izu Offshore;Izu Offshore;Izu Offshore;Izu Offshore;Izu Offshore;Izu Offshore;Izu Offshore;Izu Offshore;Izu Offshore;Izu Offshore;x
PROV2303;Sanriku Offshore;Sanriku Offshore;Sanriku Offshore;Sanriku Offshore;Sanriku Offshore;Sanriku Offshore;Sanriku Offshore;Sanriku Offshore;Sanriku Offshore;Sanriku Offshore;Sanriku Offshore;Sanriku Offshore;Sanriku Offshore;x
PROV2304;Kuril Sea;Kuril Sea;Kuril Sea;Kuril Sea;Kuril Sea;Kuril Sea;Kuril Sea;Kuril Sea;Kuril Sea;Kuril Sea;Kuril Sea;Kuril Sea;Kuril Sea;x
PROV2305;Oktothsk Sea;Oktothsk Sea;Oktothsk Sea;Oktothsk Sea;Oktothsk Sea;Oktothsk Sea;Oktothsk Sea;Oktothsk Sea;Oktothsk Sea;Oktothsk Sea;Oktothsk Sea;Oktothsk Sea;Oktothsk Sea;x
PROV2306;Tatar Straits;Tatar Straits;Tatar Straits;Tatar Straits;Tatar Straits;Tatar Straits;Tatar Straits;Tatar Straits;Tatar Straits;Tatar Straits;Tatar Straits;Tatar Straits;Tatar Straits;x
PROV2307;Sea of Japan;Sea of Japan;Sea of Japan;Sea of Japan;Sea of Japan;Sea of Japan;Sea of Japan;Sea of Japan;Sea of Japan;Sea of Japan;Sea of Japan;Sea of Japan;Sea of Japan;x
PROV2308;Oki Offshore;Oki Offshore;Oki Offshore;Oki Offshore;Oki Offshore;Oki Offshore;Oki Offshore;Oki Offshore;Oki Offshore;Oki Offshore;Oki Offshore;Oki Offshore;Oki Offshore;x
PROV2309;South Manchu Sea;South Manchu Sea;South Manchu Sea;South Manchu Sea;South Manchu Sea;South Manchu Sea;South Manchu Sea;South Manchu Sea;South Manchu Sea;South Manchu Sea;South Manchu Sea;South Manchu Sea;South Manchu Sea;x
PROV2310;Korean Sea;Korean Sea;Korean Sea;Korean Sea;Korean Sea;Korean Sea;Korean Sea;Korean Sea;Korean Sea;Korean Sea;Korean Sea;Korean Sea;Korean Sea;x
PROV2311;Tsushima Strait;Tsushima Strait;Tsushima Strait;Tsushima Strait;Tsushima Strait;Tsushima Strait;Tsushima Strait;Tsushima Strait;Tsushima Strait;Tsushima Strait;Tsushima Strait;Tsushima Strait;Tsushima Strait;x
PROV2312;Ryukyu Islands;Ryukyu Islands;Ryukyu Islands;Ryukyu Islands;Ryukyu Islands;Ryukyu Islands;Ryukyu Islands;Ryukyu Islands;Ryukyu Islands;Ryukyu Islands;Ryukyu Islands;Ryukyu Islands;Ryukyu Islands;x
PROV2313;Nansei Islands;Nansei Islands;Nansei Islands;Nansei Islands;Nansei Islands;Nansei Islands;Nansei Islands;Nansei Islands;Nansei Islands;Nansei Islands;Nansei Islands;Nansei Islands;Nansei Islands;x
PROV2314;Nampo-Shoto Sea;Nampo-Shoto Sea;Nampo-Shoto Sea;Nampo-Shoto Sea;Nampo-Shoto Sea;Nampo-Shoto Sea;Nampo-Shoto Sea;Nampo-Shoto Sea;Nampo-Shoto Sea;Nampo-Shoto Sea;Nampo-Shoto Sea;Nampo-Shoto Sea;Nampo-Shoto Sea;x
PROV2315;Yellow Sea;Yellow Sea;Yellow Sea;Yellow Sea;Yellow Sea;Yellow Sea;Yellow Sea;Yellow Sea;Yellow Sea;Yellow Sea;Yellow Sea;Yellow Sea;Yellow Sea;x
PROV2316;South Qi;South Qi;South Qi;South Qi;South Qi;South Qi;South Qi;South Qi;South Qi;South Qi;South Qi;South Qi;South Qi;x
PROV2317;Taiwan Strait;Taiwan Strait;Taiwan Strait;Taiwan Strait;Taiwan Strait;Taiwan Strait;Taiwan Strait;Taiwan Strait;Taiwan Strait;Taiwan Strait;Taiwan Strait;Taiwan Strait;Taiwan Strait;x
PROV2318;Nan Hai;Nan Hai;Nan Hai;Nan Hai;Nan Hai;Nan Hai;Nan Hai;Nan Hai;Nan Hai;Nan Hai;Nan Hai;Nan Hai;Nan Hai;x
PROV2319;Guanghou Bay;Guanghou Bay;Guanghou Bay;Guanghou Bay;Guanghou Bay;Guanghou Bay;Guanghou Bay;Guanghou Bay;Guanghou Bay;Guanghou Bay;Guanghou Bay;Guanghou Bay;Guanghou Bay;x
PROV2320;Gulf of Tonkin;Gulf of Tonkin;Gulf of Tonkin;Gulf of Tonkin;Gulf of Tonkin;Gulf of Tonkin;Gulf of Tonkin;Gulf of Tonkin;Gulf of Tonkin;Gulf of Tonkin;Gulf of Tonkin;Gulf of Tonkin;Gulf of Tonkin;x
PROV2321;Coast of Annam;Coast of Annam;Coast of Annam;Coast of Annam;Coast of Annam;Coast of Annam;Coast of Annam;Coast of Annam;Coast of Annam;Coast of Annam;Coast of Annam;Coast of Annam;Coast of Annam;x
PROV2322;Luzon Strait;Luzon Strait;Luzon Strait;Luzon Strait;Luzon Strait;Luzon Strait;Luzon Strait;Luzon Strait;Luzon Strait;Luzon Strait;Luzon Strait;Luzon Strait;Luzon Strait;x
PROV2323;Sulu Sea;Sulu Sea;Sulu Sea;Sulu Sea;Sulu Sea;Sulu Sea;Sulu Sea;Sulu Sea;Sulu Sea;Sulu Sea;Sulu Sea;Sulu Sea;Sulu Sea;x
PROV2324;Gulf of Leyte;Gulf of Leyte;Gulf of Leyte;Gulf of Leyte;Gulf of Leyte;Gulf of Leyte;Gulf of Leyte;Gulf of Leyte;Gulf of Leyte;Gulf of Leyte;Gulf of Leyte;Gulf of Leyte;Gulf of Leyte;x
PROV2325;Paracel Islands;Paracel Islands;Paracel Islands;Paracel Islands;Paracel Islands;Paracel Islands;Paracel Islands;Paracel Islands;Paracel Islands;Paracel Islands;Paracel Islands;Paracel Islands;Paracel Islands;x
PROV2326;Manila Bay;Manila Bay;Manila Bay;Manila Bay;Manila Bay;Manila Bay;Manila Bay;Manila Bay;Manila Bay;Manila Bay;Manila Bay;Manila Bay;Manila Bay;x
PROV2327;Mariana Islands;Mariana Islands;Mariana Islands;Mariana Islands;Mariana Islands;Mariana Islands;Mariana Islands;Mariana Islands;Mariana Islands;Mariana Islands;Mariana Islands;Mariana Islands;Mariana Islands;x
PROV2328;Yap Islands;Yap Islands;Yap Islands;Yap Islands;Yap Islands;Yap Islands;Yap Islands;Yap Islands;Yap Islands;Yap Islands;Yap Islands;Yap Islands;Yap Islands;x
PROV2329;Coast of Brunei;Coast of Brunei;Coast of Brunei;Coast of Brunei;Coast of Brunei;Coast of Brunei;Coast of Brunei;Coast of Brunei;Coast of Brunei;Coast of Brunei;Coast of Brunei;Coast of Brunei;Coast of Brunei;x
PROV2330;Cam Rah Bay;Cam Rah Bay;Cam Rah Bay;Cam Rah Bay;Cam Rah Bay;Cam Rah Bay;Cam Rah Bay;Cam Rah Bay;Cam Rah Bay;Cam Rah Bay;Cam Rah Bay;Cam Rah Bay;Cam Rah Bay;x
PROV2331;South China Sea;South China Sea;South China Sea;South China Sea;South China Sea;South China Sea;South China Sea;South China Sea;South China Sea;South China Sea;South China Sea;South China Sea;South China Sea;x
PROV2332;Coast of Sarawk;Coast of Sarawk;Coast of Sarawk;Coast of Sarawk;Coast of Sarawk;Coast of Sarawk;Coast of Sarawk;Coast of Sarawk;Coast of Sarawk;Coast of Sarawk;Coast of Sarawk;Coast of Sarawk;Coast of Sarawk;x
PROV2333;Mekong Delta;Mekong Delta;Mekong Delta;Mekong Delta;Mekong Delta;Mekong Delta;Mekong Delta;Mekong Delta;Mekong Delta;Mekong Delta;Mekong Delta;Mekong Delta;Mekong Delta;x
PROV2334;Gulf of Siam;Gulf of Siam;Gulf of Siam;Gulf of Siam;Gulf of Siam;Gulf of Siam;Gulf of Siam;Gulf of Siam;Gulf of Siam;Gulf of Siam;Gulf of Siam;Gulf of Siam;Gulf of Siam;x
PROV2335;Philipine Sea;Philipine Sea;Philipine Sea;Philipine Sea;Philipine Sea;Philipine Sea;Philipine Sea;Philipine Sea;Philipine Sea;Philipine Sea;Philipine Sea;Philipine Sea;Philipine Sea;x
PROV2336;Sea of Celebes;Sea of Celebes;Sea of Celebes;Sea of Celebes;Sea of Celebes;Sea of Celebes;Sea of Celebes;Sea of Celebes;Sea of Celebes;Sea of Celebes;Sea of Celebes;Sea of Celebes;Sea of Celebes;x
PROV2337;Straits of Makassar;Straits of Makassar;Straits of Makassar;Straits of Makassar;Straits of Makassar;Straits of Makassar;Straits of Makassar;Straits of Makassar;Straits of Makassar;Straits of Makassar;Straits of Makassar;Straits of Makassar;Straits of Makassar;x
PROV2338;Malayan Sea;Malayan Sea;Malayan Sea;Malayan Sea;Malayan Sea;Malayan Sea;Malayan Sea;Malayan Sea;Malayan Sea;Malayan Sea;Malayan Sea;Malayan Sea;Malayan Sea;x
PROV2339;Straits of Johore;Straits of Johore;Straits of Johore;Straits of Johore;Straits of Johore;Straits of Johore;Straits of Johore;Straits of Johore;Straits of Johore;Straits of Johore;Straits of Johore;Straits of Johore;Straits of Johore;x
PROV2340;Karimata Strait;Karimata Strait;Karimata Strait;Karimata Strait;Karimata Strait;Karimata Strait;Karimata Strait;Karimata Strait;Karimata Strait;Karimata Strait;Karimata Strait;Karimata Strait;Karimata Strait;x
PROV2341;Java Sea;Java Sea;Java Sea;Java Sea;Java Sea;Java Sea;Java Sea;Java Sea;Java Sea;Java Sea;Java Sea;Java Sea;Java Sea;x
PROV2342;Christmas Island;Christmas Island;Christmas Island;Christmas Island;Christmas Island;Christmas Island;Christmas Island;Christmas Island;Christmas Island;Christmas Island;Christmas Island;Christmas Island;Christmas Island;x
PROV2343;Coast of Surabaya;Coast of Surabaya;Coast of Surabaya;Coast of Surabaya;Coast of Surabaya;Coast of Surabaya;Coast of Surabaya;Coast of Surabaya;Coast of Surabaya;Coast of Surabaya;Coast of Surabaya;Coast of Surabaya;Coast of Surabaya;x
PROV2344;Tanjungpura Sea;Tanjungpura Sea;Tanjungpura Sea;Tanjungpura Sea;Tanjungpura Sea;Tanjungpura Sea;Tanjungpura Sea;Tanjungpura Sea;Tanjungpura Sea;Tanjungpura Sea;Tanjungpura Sea;Tanjungpura Sea;Tanjungpura Sea;x
PROV2345;Coast of Java;Coast of Java;Coast of Java;Coast of Java;Coast of Java;Coast of Java;Coast of Java;Coast of Java;Coast of Java;Coast of Java;Coast of Java;Coast of Java;Coast of Java;x
PROV2346;Straits of Lombok;Straits of Lombok;Straits of Lombok;Straits of Lombok;Straits of Lombok;Straits of Lombok;Straits of Lombok;Straits of Lombok;Straits of Lombok;Straits of Lombok;Straits of Lombok;Straits of Lombok;Straits of Lombok;x
PROV2347;Sea of Ternete;Sea of Ternete;Sea of Ternete;Sea of Ternete;Sea of Ternete;Sea of Ternete;Sea of Ternete;Sea of Ternete;Sea of Ternete;Sea of Ternete;Sea of Ternete;Sea of Ternete;Sea of Ternete;x
PROV2348;Timor Sea;Timor Sea;Timor Sea;Timor Sea;Timor Sea;Timor Sea;Timor Sea;Timor Sea;Timor Sea;Timor Sea;Timor Sea;Timor Sea;Timor Sea;x
PROV2349;The Moluccas;The Moluccas;The Moluccas;The Moluccas;The Moluccas;The Moluccas;The Moluccas;The Moluccas;The Moluccas;The Moluccas;The Moluccas;The Moluccas;The Moluccas;x
PROV2350;Sea of Banda;Sea of Banda;Sea of Banda;Sea of Banda;Sea of Banda;Sea of Banda;Sea of Banda;Sea of Banda;Sea of Banda;Sea of Banda;Sea of Banda;Sea of Banda;Sea of Banda;x
PROV2351;Kolepom Bay;Kolepom Bay;Kolepom Bay;Kolepom Bay;Kolepom Bay;Kolepom Bay;Kolepom Bay;Kolepom Bay;Kolepom Bay;Kolepom Bay;Kolepom Bay;Kolepom Bay;Kolepom Bay;x
PROV2352;Arafuam Sea;Arafuam Sea;Arafuam Sea;Arafuam Sea;Arafuam Sea;Arafuam Sea;Arafuam Sea;Arafuam Sea;Arafuam Sea;Arafuam Sea;Arafuam Sea;Arafuam Sea;Arafuam Sea;x
PROV2353;Palau Islands;Palau Islands;Palau Islands;Palau Islands;Palau Islands;Palau Islands;Palau Islands;Palau Islands;Palau Islands;Palau Islands;Palau Islands;Palau Islands;Palau Islands;x
PROV2354;Straits of Malacca;Straits of Malacca;Straits of Malacca;Straits of Malacca;Straits of Malacca;Straits of Malacca;Straits of Malacca;Straits of Malacca;Straits of Malacca;Straits of Malacca;Straits of Malacca;Straits of Malacca;Straits of Malacca;x
PROV2355;Mergui Archipelago;Mergui Archipelago;Mergui Archipelago;Mergui Archipelago;Mergui Archipelago;Mergui Archipelago;Mergui Archipelago;Mergui Archipelago;Mergui Archipelago;Mergui Archipelago;Mergui Archipelago;Mergui Archipelago;Mergui Archipelago;x
PROV2356;Irrawady Delta;Irrawady Delta;Irrawady Delta;Irrawady Delta;Irrawady Delta;Irrawady Delta;Irrawady Delta;Irrawady Delta;Irrawady Delta;Irrawady Delta;Irrawady Delta;Irrawady Delta;Irrawady Delta;x
PROV2357;Akyab Bay;Akyab Bay;Akyab Bay;Akyab Bay;Akyab Bay;Akyab Bay;Akyab Bay;Akyab Bay;Akyab Bay;Akyab Bay;Akyab Bay;Akyab Bay;Akyab Bay;x
PROV2358;Coast of Sumatra;Coast of Sumatra;Coast of Sumatra;Coast of Sumatra;Coast of Sumatra;Coast of Sumatra;Coast of Sumatra;Coast of Sumatra;Coast of Sumatra;Coast of Sumatra;Coast of Sumatra;Coast of Sumatra;Coast of Sumatra;x
PROV2359;Coast of Atjeh;Coast of Atjeh;Coast of Atjeh;Coast of Atjeh;Coast of Atjeh;Coast of Atjeh;Coast of Atjeh;Coast of Atjeh;Coast of Atjeh;Coast of Atjeh;Coast of Atjeh;Coast of Atjeh;Coast of Atjeh;x
PROV2360;Nicobar Isles;Nicobar Isles;Nicobar Isles;Nicobar Isles;Nicobar Isles;Nicobar Isles;Nicobar Isles;Nicobar Isles;Nicobar Isles;Nicobar Isles;Nicobar Isles;Nicobar Isles;Nicobar Isles;x
PROV2361;Andaman Sea;Andaman Sea;Andaman Sea;Andaman Sea;Andaman Sea;Andaman Sea;Andaman Sea;Andaman Sea;Andaman Sea;Andaman Sea;Andaman Sea;Andaman Sea;Andaman Sea;x
PROV2362;Horn of Africa;Horn of Africa;Horn of Africa;Horn of Africa;Horn of Africa;Horn of Africa;Horn of Africa;Horn of Africa;Horn of Africa;Horn of Africa;Horn of Africa;Horn of Africa;Horn of Africa;x
PROV2363;Coast of Pepper;Coast of Pepper;Coast of Pepper;Coast of Pepper;Coast of Pepper;Coast of Pepper;Coast of Pepper;Coast of Pepper;Coast of Pepper;Coast of Pepper;Coast of Pepper;Coast of Pepper;Coast of Pepper;x
PROV2364;Zanzibar Strait;Zanzibar Strait;Zanzibar Strait;Zanzibar Strait;Zanzibar Strait;Zanzibar Strait;Zanzibar Strait;Zanzibar Strait;Zanzibar Strait;Zanzibar Strait;Zanzibar Strait;Zanzibar Strait;Zanzibar Strait;x
PROV2365;Mozambique Channel;Mozambique Channel;Mozambique Channel;Mozambique Channel;Mozambique Channel;Mozambique Channel;Mozambique Channel;Mozambique Channel;Mozambique Channel;Mozambique Channel;Mozambique Channel;Mozambique Channel;Mozambique Channel;x
PROV2366;Gulf of Zambeze;Gulf of Zambeze;Gulf of Zambeze;Gulf of Zambeze;Gulf of Zambeze;Gulf of Zambeze;Gulf of Zambeze;Gulf of Zambeze;Gulf of Zambeze;Gulf of Zambeze;Gulf of Zambeze;Gulf of Zambeze;Gulf of Zambeze;x
PROV2367;Western Arabian Sea;Western Arabian Sea;Western Arabian Sea;Western Arabian Sea;Western Arabian Sea;Western Arabian Sea;Western Arabian Sea;Western Arabian Sea;Western Arabian Sea;Western Arabian Sea;Western Arabian Sea;Western Arabian Sea;Western Arabian Sea;x
PROV2368;Eastern Arabian Sea;Eastern Arabian Sea;Eastern Arabian Sea;Eastern Arabian Sea;Eastern Arabian Sea;Eastern Arabian Sea;Eastern Arabian Sea;Eastern Arabian Sea;Eastern Arabian Sea;Eastern Arabian Sea;Eastern Arabian Sea;Eastern Arabian Sea;Eastern Arabian Sea;x
PROV2369;Indian Ocean;Indian Ocean;Indian Ocean;Indian Ocean;Indian Ocean;Indian Ocean;Indian Ocean;Indian Ocean;Indian Ocean;Indian Ocean;Indian Ocean;Indian Ocean;Indian Ocean;x
PROV2370;The Seychelles;The Seychelles;The Seychelles;The Seychelles;The Seychelles;The Seychelles;The Seychelles;The Seychelles;The Seychelles;The Seychelles;The Seychelles;The Seychelles;The Seychelles;x
PROV2371;Diego Suarez Bay;Diego Suarez Bay;Diego Suarez Bay;Diego Suarez Bay;Diego Suarez Bay;Diego Suarez Bay;Diego Suarez Bay;Diego Suarez Bay;Diego Suarez Bay;Diego Suarez Bay;Diego Suarez Bay;Diego Suarez Bay;Diego Suarez Bay;x
PROV2372;Gulf of Bengal;Gulf of Bengal;Gulf of Bengal;Gulf of Bengal;Gulf of Bengal;Gulf of Bengal;Gulf of Bengal;Gulf of Bengal;Gulf of Bengal;Gulf of Bengal;Gulf of Bengal;Gulf of Bengal;Gulf of Bengal;x
PROV2373;Northen Bay of Bengal;Northen Bay of Bengal;Northen Bay of Bengal;Northen Bay of Bengal;Northen Bay of Bengal;Northen Bay of Bengal;Northen Bay of Bengal;Northen Bay of Bengal;Northen Bay of Bengal;Northen Bay of Bengal;Northen Bay of Bengal;Northen Bay of Bengal;Northen Bay of Bengal;x
PROV2374;Arctic Sea;Arctic Sea;Arctic Sea;Arctic Sea;Arctic Sea;Arctic Sea;Arctic Sea;Arctic Sea;Arctic Sea;Arctic Sea;Arctic Sea;Arctic Sea;Arctic Sea;x
PROV2375;Kukunor;Kukunor;Kukunor;Kukunor;Kukunor;Kukunor;Kukunor;Kukunor;Kukunor;Kukunor;Kukunor;Kukunor;Kukunor;x
PROV2376;Chad;Chad;Chad;Chad;Chad;Chad;Chad;Chad;Chad;Chad;Chad;Chad;Chad;x
PROV2377;Tana;Tana;Tana;Tana;Tana;Tana;Tana;Tana;Tana;Tana;Tana;Tana;Tana;x
PROV2378;Turkana;Turkana;Turkana;Turkana;Turkana;Turkana;Turkana;Turkana;Turkana;Turkana;Turkana;Turkana;Turkana;x
PROV2379;Albert;Albert;Albert;Albert;Albert;Albert;Albert;Albert;Albert;Albert;Albert;Albert;Albert;x
PROV2380;Victoria;Victoria;Victoria;Victoria;Victoria;Victoria;Victoria;Victoria;Victoria;Victoria;Victoria;Victoria;Victoria;x
PROV2381;Edward;Edward;Edward;Edward;Edward;Edward;Edward;Edward;Edward;Edward;Edward;Edward;Edward;x
PROV2382;Kivu;Kivu;Kivu;Kivu;Kivu;Kivu;Kivu;Kivu;Kivu;Kivu;Kivu;Kivu;Kivu;x
PROV2383;Tanganyika;Tanganyika;Tanganyika;Tanganyika;Tanganyika;Tanganyika;Tanganyika;Tanganyika;Tanganyika;Tanganyika;Tanganyika;Tanganyika;Tanganyika;x
PROV2384;Mweru;Mweru;Mweru;Mweru;Mweru;Mweru;Mweru;Mweru;Mweru;Mweru;Mweru;Mweru;Mweru;x
PROV2385;Malawi;Malawi;Malawi;Malawi;Malawi;Malawi;Malawi;Malawi;Malawi;Malawi;Malawi;Malawi;Malawi;x
PROV2386;Tharthar;Tharthar;Tharthar;Tharthar;Tharthar;Tharthar;Tharthar;Tharthar;Tharthar;Tharthar;Tharthar;Tharthar;Tharthar;x
PROV2387;Van;Van;Van;Van;Van;Van;Van;Van;Van;Van;Van;Van;Van;x
PROV2388;Urmia;Urmia;Urmia;Urmia;Urmia;Urmia;Urmia;Urmia;Urmia;Urmia;Urmia;Urmia;Urmia;x
PROV2389;Sarygamysh;Sarygamysh;Sarygamysh;Sarygamysh;Sarygamysh;Sarygamysh;Sarygamysh;Sarygamysh;Sarygamysh;Sarygamysh;Sarygamysh;Sarygamysh;Sarygamysh;x
PROV2390;Aydar;Aydar;Aydar;Aydar;Aydar;Aydar;Aydar;Aydar;Aydar;Aydar;Aydar;Aydar;Aydar;x
PROV2391;Balkhash;Balkhash;Balkhash;Balkhash;Balkhash;Balkhash;Balkhash;Balkhash;Balkhash;Balkhash;Balkhash;Balkhash;Balkhash;x
PROV2392;Issyk Kul;Issyk Kul;Issyk Kul;Issyk Kul;Issyk Kul;Issyk Kul;Issyk Kul;Issyk Kul;Issyk Kul;Issyk Kul;Issyk Kul;Issyk Kul;Issyk Kul;x
PROV2393;Alakol;Alakol;Alakol;Alakol;Alakol;Alakol;Alakol;Alakol;Alakol;Alakol;Alakol;Alakol;Alakol;x
PROV2394;Zaysan;Zaysan;Zaysan;Zaysan;Zaysan;Zaysan;Zaysan;Zaysan;Zaysan;Zaysan;Zaysan;Zaysan;Zaysan;x
PROV2395;Uvs;Uvs;Uvs;Uvs;Uvs;Uvs;Uvs;Uvs;Uvs;Uvs;Uvs;Uvs;Uvs;x
PROV2396;Khyargas;Khyargas;Khyargas;Khyargas;Khyargas;Khyargas;Khyargas;Khyargas;Khyargas;Khyargas;Khyargas;Khyargas;Khyargas;x
PROV2397;Khar;Khar;Khar;Khar;Khar;Khar;Khar;Khar;Khar;Khar;Khar;Khar;Khar;x
PROV2398;Khar-Us;Khar-Us;Khar-Us;Khar-Us;Khar-Us;Khar-Us;Khar-Us;Khar-Us;Khar-Us;Khar-Us;Khar-Us;Khar-Us;Khar-Us;x
PROV2399;Khovsgol;Khovsgol;Khovsgol;Khovsgol;Khovsgol;Khovsgol;Khovsgol;Khovsgol;Khovsgol;Khovsgol;Khovsgol;Khovsgol;Khovsgol;x
PROV2400;Baikal;Baikal;Baikal;Baikal;Baikal;Baikal;Baikal;Baikal;Baikal;Baikal;Baikal;Baikal;Baikal;x
PROV2401;Hulun;Hulun;Hulun;Hulun;Hulun;Hulun;Hulun;Hulun;Hulun;Hulun;Hulun;Hulun;Hulun;x
PROV2402;Khanka;Khanka;Khanka;Khanka;Khanka;Khanka;Khanka;Khanka;Khanka;Khanka;Khanka;Khanka;Khanka;x
PROV2403;Tai;Tai;Tai;Tai;Tai;Tai;Tai;Tai;Tai;Tai;Tai;Tai;Tai;x
PROV2404;Dongting;Dongting;Dongting;Dongting;Dongting;Dongting;Dongting;Dongting;Dongting;Dongting;Dongting;Dongting;Dongting;x
PROV2405;Tonle Sap;Tonle Sap;Tonle Sap;Tonle Sap;Tonle Sap;Tonle Sap;Tonle Sap;Tonle Sap;Tonle Sap;Tonle Sap;Tonle Sap;Tonle Sap;Tonle Sap;x
PROV2406;Toba;Toba;Toba;Toba;Toba;Toba;Toba;Toba;Toba;Toba;Toba;Toba;Toba;x
PROV2407;Sling Co;Sling Co;Sling Co;Sling Co;Sling Co;Sling Co;Sling Co;Sling Co;Sling Co;Sling Co;Sling Co;Sling Co;Sling Co;x
PROV2408;Nam Co;Nam Co;Nam Co;Nam Co;Nam Co;Nam Co;Nam Co;Nam Co;Nam Co;Nam Co;Nam Co;Nam Co;Nam Co;x
PROV2409;Sevan;Sevan;Sevan;Sevan;Sevan;Sevan;Sevan;Sevan;Sevan;Sevan;Sevan;Sevan;Sevan;x
PROV2410;Madagascar Coast;Madagascar Coast;Madagascar Coast;Madagascar Coast;Madagascar Coast;Madagascar Coast;Madagascar Coast;Madagascar Coast;Madagascar Coast;Madagascar Coast;Madagascar Coast;Madagascar Coast;Madagascar Coast;x
PROV2411;Malagasy Coast;Malagasy Coast;Malagasy Coast;Malagasy Coast;Malagasy Coast;Malagasy Coast;Malagasy Coast;Malagasy Coast;Malagasy Coast;Malagasy Coast;Malagasy Coast;Malagasy Coast;Malagasy Coast;x
PROV2412;Antsiranana;Antsiranana;Antsiranana;Antsiranana;Antsiranana;Antsiranana;Antsiranana;Antsiranana;Antsiranana;Antsiranana;Antsiranana;Antsiranana;Antsiranana;x
PROV2413;Tomasina;Tomasina;Tomasina;Tomasina;Tomasina;Tomasina;Tomasina;Tomasina;Tomasina;Tomasina;Tomasina;Tomasina;Tomasina;x
PROV2414;Mahajanga;Mahajanga;Mahajanga;Mahajanga;Mahajanga;Mahajanga;Mahajanga;Mahajanga;Mahajanga;Mahajanga;Mahajanga;Mahajanga;Mahajanga;x
PROV2415;Antananarivo;Antananarivo;Antananarivo;Antananarivo;Antananarivo;Antananarivo;Antananarivo;Antananarivo;Antananarivo;Antananarivo;Antananarivo;Antananarivo;Antananarivo;x
PROV2416;Toliara;Toliara;Toliara;Toliara;Toliara;Toliara;Toliara;Toliara;Toliara;Toliara;Toliara;Toliara;Toliara;x
PROV2417;Androy;Androy;Androy;Androy;Androy;Androy;Androy;Androy;Androy;Androy;Androy;Androy;Androy;x
PROV2418;Manakara;Manakara;Manakara;Manakara;Manakara;Manakara;Manakara;Manakara;Manakara;Manakara;Manakara;Manakara;Manakara;x
PROV2419;Fianarantsoa;Fianarantsoa;Fianarantsoa;Fianarantsoa;Fianarantsoa;Fianarantsoa;Fianarantsoa;Fianarantsoa;Fianarantsoa;Fianarantsoa;Fianarantsoa;Fianarantsoa;Fianarantsoa;x
PROV2420;Menabe;Menabe;Menabe;Menabe;Menabe;Menabe;Menabe;Menabe;Menabe;Menabe;Menabe;Menabe;Menabe;x
PROV2421;Harima;Harima;Harima;Harima;Harima;Harima;Harima;Harima;Harima;Harima;Harima;Harima;Harima;x
PROV2422;Izumo;Izumo;Izumo;Izumo;Izumo;Izumo;Izumo;Izumo;Izumo;Izumo;Izumo;Izumo;Izumo;x
PROV2423;Bingo;Bingo;Bingo;Bingo;Bingo;Bingo;Bingo;Bingo;Bingo;Bingo;Bingo;Bingo;Bingo;x
PROV2424;Iwami;Iwami;Iwami;Iwami;Iwami;Iwami;Iwami;Iwami;Iwami;Iwami;Iwami;Iwami;Iwami;x
PROV2425;Aki;Aki;Aki;Aki;Aki;Aki;Aki;Aki;Aki;Aki;Aki;Aki;Aki;x
PROV2426;Nagato;Nagato;Nagato;Nagato;Nagato;Nagato;Nagato;Nagato;Nagato;Nagato;Nagato;Nagato;Nagato;x
PROV2427;Awa;Awa;Awa;Awa;Awa;Awa;Awa;Awa;Awa;Awa;Awa;Awa;Awa;x
PROV2428;Tosa;Tosa;Tosa;Tosa;Tosa;Tosa;Tosa;Tosa;Tosa;Tosa;Tosa;Tosa;Tosa;x
PROV2429;Iyo;Iyo;Iyo;Iyo;Iyo;Iyo;Iyo;Iyo;Iyo;Iyo;Iyo;Iyo;Iyo;x
PROV2430;Bungo;Bungo;Bungo;Bungo;Bungo;Bungo;Bungo;Bungo;Bungo;Bungo;Bungo;Bungo;Bungo;x
PROV2431;Chikuzen;Chikuzen;Chikuzen;Chikuzen;Chikuzen;Chikuzen;Chikuzen;Chikuzen;Chikuzen;Chikuzen;Chikuzen;Chikuzen;Chikuzen;x
PROV2432;Hizen;Hizen;Hizen;Hizen;Hizen;Hizen;Hizen;Hizen;Hizen;Hizen;Hizen;Hizen;Hizen;x
PROV2433;Hyuga;Hyuga;Hyuga;Hyuga;Hyuga;Hyuga;Hyuga;Hyuga;Hyuga;Hyuga;Hyuga;Hyuga;Hyuga;x
PROV2434;Higo;Higo;Higo;Higo;Higo;Higo;Higo;Higo;Higo;Higo;Higo;Higo;Higo;x
PROV2435;Satsuma;Satsuma;Satsuma;Satsuma;Satsuma;Satsuma;Satsuma;Satsuma;Satsuma;Satsuma;Satsuma;Satsuma;Satsuma;x
PROV2436;Mutsu;Mutsu;Mutsu;Mutsu;Mutsu;Mutsu;Mutsu;Mutsu;Mutsu;Mutsu;Mutsu;Mutsu;Mutsu;x
PROV2437;Dewa;Dewa;Dewa;Dewa;Dewa;Dewa;Dewa;Dewa;Dewa;Dewa;Dewa;Dewa;Dewa;x
PROV2438;Rikusen;Rikusen;Rikusen;Rikusen;Rikusen;Rikusen;Rikusen;Rikusen;Rikusen;Rikusen;Rikusen;Rikusen;Rikusen;x
PROV2439;Echigo;Echigo;Echigo;Echigo;Echigo;Echigo;Echigo;Echigo;Echigo;Echigo;Echigo;Echigo;Echigo;x
PROV2440;Kozuke;Kozuke;Kozuke;Kozuke;Kozuke;Kozuke;Kozuke;Kozuke;Kozuke;Kozuke;Kozuke;Kozuke;Kozuke;x
PROV2441;Hitachi;Hitachi;Hitachi;Hitachi;Hitachi;Hitachi;Hitachi;Hitachi;Hitachi;Hitachi;Hitachi;Hitachi;Hitachi;x
PROV2442;Kazusa;Kazusa;Kazusa;Kazusa;Kazusa;Kazusa;Kazusa;Kazusa;Kazusa;Kazusa;Kazusa;Kazusa;Kazusa;x
PROV2443;Musashi;Musashi;Musashi;Musashi;Musashi;Musashi;Musashi;Musashi;Musashi;Musashi;Musashi;Musashi;Musashi;x
PROV2444;Sagami;Sagami;Sagami;Sagami;Sagami;Sagami;Sagami;Sagami;Sagami;Sagami;Sagami;Sagami;Sagami;x
PROV2445;Kai;Kai;Kai;Kai;Kai;Kai;Kai;Kai;Kai;Kai;Kai;Kai;Kai;x
PROV2446;Shinano;Shinano;Shinano;Shinano;Shinano;Shinano;Shinano;Shinano;Shinano;Shinano;Shinano;Shinano;Shinano;x
